subject	population	primary_eligible	complete_truth_available	exact_truth_loci	source_record_count	eligibility_reason	truth_source_sha256
HG00096	GBR	0	0	0	1	unresolved_or_ambiguous	0455d0302ac12a29ab87091cab5e3e557416f6301e89fb122eef8d49cd5644ec
HG00097	GBR	0	0	0	1	unresolved_or_ambiguous	0455d0302ac12a29ab87091cab5e3e557416f6301e89fb122eef8d49cd5644ec
HG00098	GBR	0	0	0	1	unresolved_or_ambiguous	0455d0302ac12a29ab87091cab5e3e557416f6301e89fb122eef8d49cd5644ec
HG00099	GBR	0	0	0	1	unresolved_or_ambiguous	0455d0302ac12a29ab87091cab5e3e557416f6301e89fb122eef8d49cd5644ec
HG00100	GBR	0	0	0	1	unresolved_or_ambiguous	0455d0302ac12a29ab87091cab5e3e557416f6301e89fb122eef8d49cd5644ec
HG00101	GBR	1	0	1	1		0455d0302ac12a29ab87091cab5e3e557416f6301e89fb122eef8d49cd5644ec
HG00102	GBR	0	0	0	1	unresolved_or_ambiguous	0455d0302ac12a29ab87091cab5e3e557416f6301e89fb122eef8d49cd5644ec
HG00103	GBR	0	0	0	1	unresolved_or_ambiguous	0455d0302ac12a29ab87091cab5e3e557416f6301e89fb122eef8d49cd5644ec
HG00104	GBR	1	0	2	1		0455d0302ac12a29ab87091cab5e3e557416f6301e89fb122eef8d49cd5644ec
HG00105	GBR	0	0	0	1	unresolved_or_ambiguous	0455d0302ac12a29ab87091cab5e3e557416f6301e89fb122eef8d49cd5644ec
HG00106	GBR	0	0	0	1	unresolved_or_ambiguous	0455d0302ac12a29ab87091cab5e3e557416f6301e89fb122eef8d49cd5644ec
HG00107	GBR	0	0	0	1	unresolved_or_ambiguous	0455d0302ac12a29ab87091cab5e3e557416f6301e89fb122eef8d49cd5644ec
HG00108	GBR	0	0	0	1	unresolved_or_ambiguous	0455d0302ac12a29ab87091cab5e3e557416f6301e89fb122eef8d49cd5644ec
HG00109	GBR	0	0	0	1	unresolved_or_ambiguous	0455d0302ac12a29ab87091cab5e3e557416f6301e89fb122eef8d49cd5644ec
HG00110	GBR	0	0	0	1	unresolved_or_ambiguous	0455d0302ac12a29ab87091cab5e3e557416f6301e89fb122eef8d49cd5644ec
HG00111	GBR	0	0	0	1	unresolved_or_ambiguous	0455d0302ac12a29ab87091cab5e3e557416f6301e89fb122eef8d49cd5644ec
HG00112	GBR	1	0	1	1		0455d0302ac12a29ab87091cab5e3e557416f6301e89fb122eef8d49cd5644ec
HG00113	GBR	0	0	0	1	unresolved_or_ambiguous	0455d0302ac12a29ab87091cab5e3e557416f6301e89fb122eef8d49cd5644ec
HG00114	GBR	0	0	0	1	unresolved_or_ambiguous	0455d0302ac12a29ab87091cab5e3e557416f6301e89fb122eef8d49cd5644ec
HG00115	GBR	0	0	0	1	unresolved_or_ambiguous	0455d0302ac12a29ab87091cab5e3e557416f6301e89fb122eef8d49cd5644ec
HG00116	GBR	0	0	0	1	unresolved_or_ambiguous	0455d0302ac12a29ab87091cab5e3e557416f6301e89fb122eef8d49cd5644ec
HG00117	GBR	0	0	0	1	unresolved_or_ambiguous	0455d0302ac12a29ab87091cab5e3e557416f6301e89fb122eef8d49cd5644ec
HG00118	GBR	0	0	0	1	unresolved_or_ambiguous	0455d0302ac12a29ab87091cab5e3e557416f6301e89fb122eef8d49cd5644ec
HG00119	GBR	0	0	0	1	unresolved_or_ambiguous	0455d0302ac12a29ab87091cab5e3e557416f6301e89fb122eef8d49cd5644ec
HG00120	GBR	0	0	0	1	unresolved_or_ambiguous	0455d0302ac12a29ab87091cab5e3e557416f6301e89fb122eef8d49cd5644ec
HG00121	GBR	0	0	0	1	unresolved_or_ambiguous	0455d0302ac12a29ab87091cab5e3e557416f6301e89fb122eef8d49cd5644ec
HG00122	GBR	1	0	2	1		0455d0302ac12a29ab87091cab5e3e557416f6301e89fb122eef8d49cd5644ec
HG00123	GBR	1	0	1	1		0455d0302ac12a29ab87091cab5e3e557416f6301e89fb122eef8d49cd5644ec
HG00124	GBR	1	0	1	1		0455d0302ac12a29ab87091cab5e3e557416f6301e89fb122eef8d49cd5644ec
HG00125	GBR	0	0	0	1	unresolved_or_ambiguous	0455d0302ac12a29ab87091cab5e3e557416f6301e89fb122eef8d49cd5644ec
HG00126	GBR	1	0	1	1		0455d0302ac12a29ab87091cab5e3e557416f6301e89fb122eef8d49cd5644ec
HG00127	GBR	1	0	1	1		0455d0302ac12a29ab87091cab5e3e557416f6301e89fb122eef8d49cd5644ec
HG00128	GBR	1	0	1	1		0455d0302ac12a29ab87091cab5e3e557416f6301e89fb122eef8d49cd5644ec
HG00129	GBR	0	0	0	1	unresolved_or_ambiguous	0455d0302ac12a29ab87091cab5e3e557416f6301e89fb122eef8d49cd5644ec
HG00130	GBR	1	0	1	1		0455d0302ac12a29ab87091cab5e3e557416f6301e89fb122eef8d49cd5644ec
HG00131	GBR	1	0	2	1		0455d0302ac12a29ab87091cab5e3e557416f6301e89fb122eef8d49cd5644ec
HG00132	GBR	0	0	0	1	unresolved_or_ambiguous	0455d0302ac12a29ab87091cab5e3e557416f6301e89fb122eef8d49cd5644ec
HG00133	GBR	0	0	0	1	unresolved_or_ambiguous	0455d0302ac12a29ab87091cab5e3e557416f6301e89fb122eef8d49cd5644ec
HG00134	GBR	0	0	0	1	unresolved_or_ambiguous	0455d0302ac12a29ab87091cab5e3e557416f6301e89fb122eef8d49cd5644ec
HG00135	GBR	0	0	0	1	unresolved_or_ambiguous	0455d0302ac12a29ab87091cab5e3e557416f6301e89fb122eef8d49cd5644ec
HG00136	GBR	0	0	0	1	unresolved_or_ambiguous	0455d0302ac12a29ab87091cab5e3e557416f6301e89fb122eef8d49cd5644ec
HG00137	GBR	0	0	0	1	unresolved_or_ambiguous	0455d0302ac12a29ab87091cab5e3e557416f6301e89fb122eef8d49cd5644ec
HG00138	GBR	0	0	0	1	unresolved_or_ambiguous	0455d0302ac12a29ab87091cab5e3e557416f6301e89fb122eef8d49cd5644ec
HG00139	GBR	1	0	2	1		0455d0302ac12a29ab87091cab5e3e557416f6301e89fb122eef8d49cd5644ec
HG00140	GBR	1	0	1	1		0455d0302ac12a29ab87091cab5e3e557416f6301e89fb122eef8d49cd5644ec
HG00141	GBR	0	0	0	1	unresolved_or_ambiguous	0455d0302ac12a29ab87091cab5e3e557416f6301e89fb122eef8d49cd5644ec
HG00142	GBR	1	0	1	1		0455d0302ac12a29ab87091cab5e3e557416f6301e89fb122eef8d49cd5644ec
HG00143	GBR	0	0	0	1	unresolved_or_ambiguous	0455d0302ac12a29ab87091cab5e3e557416f6301e89fb122eef8d49cd5644ec
HG00145	GBR	0	0	0	1	unresolved_or_ambiguous	0455d0302ac12a29ab87091cab5e3e557416f6301e89fb122eef8d49cd5644ec
HG00146	GBR	0	0	0	1	unresolved_or_ambiguous	0455d0302ac12a29ab87091cab5e3e557416f6301e89fb122eef8d49cd5644ec
HG00148	GBR	0	0	0	1	unresolved_or_ambiguous	0455d0302ac12a29ab87091cab5e3e557416f6301e89fb122eef8d49cd5644ec
HG00149	GBR	1	0	2	1		0455d0302ac12a29ab87091cab5e3e557416f6301e89fb122eef8d49cd5644ec
HG00150	GBR	0	0	0	1	unresolved_or_ambiguous	0455d0302ac12a29ab87091cab5e3e557416f6301e89fb122eef8d49cd5644ec
HG00151	GBR	0	0	0	1	unresolved_or_ambiguous	0455d0302ac12a29ab87091cab5e3e557416f6301e89fb122eef8d49cd5644ec
HG00152	GBR	0	0	0	1	unresolved_or_ambiguous	0455d0302ac12a29ab87091cab5e3e557416f6301e89fb122eef8d49cd5644ec
HG00154	GBR	0	0	0	1	unresolved_or_ambiguous	0455d0302ac12a29ab87091cab5e3e557416f6301e89fb122eef8d49cd5644ec
HG00155	GBR	1	0	2	1		0455d0302ac12a29ab87091cab5e3e557416f6301e89fb122eef8d49cd5644ec
HG00156	GBR	0	0	0	1	unresolved_or_ambiguous	0455d0302ac12a29ab87091cab5e3e557416f6301e89fb122eef8d49cd5644ec
HG00157	GBR	1	0	1	1		0455d0302ac12a29ab87091cab5e3e557416f6301e89fb122eef8d49cd5644ec
HG00158	GBR	0	0	0	1	unresolved_or_ambiguous	0455d0302ac12a29ab87091cab5e3e557416f6301e89fb122eef8d49cd5644ec
HG00159	GBR	0	0	0	1	unresolved_or_ambiguous	0455d0302ac12a29ab87091cab5e3e557416f6301e89fb122eef8d49cd5644ec
HG00160	GBR	1	0	1	1		0455d0302ac12a29ab87091cab5e3e557416f6301e89fb122eef8d49cd5644ec
HG00171	FIN	0	0	0	1	unresolved_or_ambiguous	0455d0302ac12a29ab87091cab5e3e557416f6301e89fb122eef8d49cd5644ec
HG00173	FIN	0	0	0	1	unresolved_or_ambiguous	0455d0302ac12a29ab87091cab5e3e557416f6301e89fb122eef8d49cd5644ec
HG00174	FIN	0	0	0	1	unresolved_or_ambiguous	0455d0302ac12a29ab87091cab5e3e557416f6301e89fb122eef8d49cd5644ec
HG00176	FIN	0	0	0	1	unresolved_or_ambiguous	0455d0302ac12a29ab87091cab5e3e557416f6301e89fb122eef8d49cd5644ec
HG00177	FIN	1	0	1	1		0455d0302ac12a29ab87091cab5e3e557416f6301e89fb122eef8d49cd5644ec
HG00178	FIN	0	0	0	1	unresolved_or_ambiguous	0455d0302ac12a29ab87091cab5e3e557416f6301e89fb122eef8d49cd5644ec
HG00179	FIN	0	0	0	1	unresolved_or_ambiguous	0455d0302ac12a29ab87091cab5e3e557416f6301e89fb122eef8d49cd5644ec
HG00180	FIN	0	0	0	1	unresolved_or_ambiguous	0455d0302ac12a29ab87091cab5e3e557416f6301e89fb122eef8d49cd5644ec
HG00181	FIN	0	0	0	1	unresolved_or_ambiguous	0455d0302ac12a29ab87091cab5e3e557416f6301e89fb122eef8d49cd5644ec
HG00182	FIN	0	0	0	1	unresolved_or_ambiguous	0455d0302ac12a29ab87091cab5e3e557416f6301e89fb122eef8d49cd5644ec
HG00183	FIN	0	0	0	1	unresolved_or_ambiguous	0455d0302ac12a29ab87091cab5e3e557416f6301e89fb122eef8d49cd5644ec
HG00185	FIN	0	0	0	1	unresolved_or_ambiguous	0455d0302ac12a29ab87091cab5e3e557416f6301e89fb122eef8d49cd5644ec
HG00186	FIN	0	0	0	1	unresolved_or_ambiguous	0455d0302ac12a29ab87091cab5e3e557416f6301e89fb122eef8d49cd5644ec
HG00187	FIN	0	0	0	1	unresolved_or_ambiguous	0455d0302ac12a29ab87091cab5e3e557416f6301e89fb122eef8d49cd5644ec
HG00188	FIN	1	0	1	1		0455d0302ac12a29ab87091cab5e3e557416f6301e89fb122eef8d49cd5644ec
HG00189	FIN	0	0	0	1	unresolved_or_ambiguous	0455d0302ac12a29ab87091cab5e3e557416f6301e89fb122eef8d49cd5644ec
HG00190	FIN	0	0	0	1	unresolved_or_ambiguous	0455d0302ac12a29ab87091cab5e3e557416f6301e89fb122eef8d49cd5644ec
HG00231	GBR	0	0	0	1	unresolved_or_ambiguous	0455d0302ac12a29ab87091cab5e3e557416f6301e89fb122eef8d49cd5644ec
HG00232	GBR	0	0	0	1	unresolved_or_ambiguous	0455d0302ac12a29ab87091cab5e3e557416f6301e89fb122eef8d49cd5644ec
HG00233	GBR	0	0	0	1	unresolved_or_ambiguous	0455d0302ac12a29ab87091cab5e3e557416f6301e89fb122eef8d49cd5644ec
HG00234	GBR	0	0	0	1	unresolved_or_ambiguous	0455d0302ac12a29ab87091cab5e3e557416f6301e89fb122eef8d49cd5644ec
HG00235	GBR	0	0	0	1	unresolved_or_ambiguous	0455d0302ac12a29ab87091cab5e3e557416f6301e89fb122eef8d49cd5644ec
HG00236	GBR	0	0	0	1	unresolved_or_ambiguous	0455d0302ac12a29ab87091cab5e3e557416f6301e89fb122eef8d49cd5644ec
HG00237	GBR	0	0	0	1	unresolved_or_ambiguous	0455d0302ac12a29ab87091cab5e3e557416f6301e89fb122eef8d49cd5644ec
HG00238	GBR	0	0	0	1	unresolved_or_ambiguous	0455d0302ac12a29ab87091cab5e3e557416f6301e89fb122eef8d49cd5644ec
HG00239	GBR	0	0	0	1	unresolved_or_ambiguous	0455d0302ac12a29ab87091cab5e3e557416f6301e89fb122eef8d49cd5644ec
HG00240	GBR	0	0	0	1	unresolved_or_ambiguous	0455d0302ac12a29ab87091cab5e3e557416f6301e89fb122eef8d49cd5644ec
HG00242	GBR	1	0	1	1		0455d0302ac12a29ab87091cab5e3e557416f6301e89fb122eef8d49cd5644ec
HG00243	GBR	1	0	2	1		0455d0302ac12a29ab87091cab5e3e557416f6301e89fb122eef8d49cd5644ec
HG00244	GBR	0	0	0	1	unresolved_or_ambiguous	0455d0302ac12a29ab87091cab5e3e557416f6301e89fb122eef8d49cd5644ec
HG00245	GBR	1	0	1	1		0455d0302ac12a29ab87091cab5e3e557416f6301e89fb122eef8d49cd5644ec
HG00246	GBR	0	0	0	1	unresolved_or_ambiguous	0455d0302ac12a29ab87091cab5e3e557416f6301e89fb122eef8d49cd5644ec
HG00247	GBR	0	0	0	1	unresolved_or_ambiguous	0455d0302ac12a29ab87091cab5e3e557416f6301e89fb122eef8d49cd5644ec
HG00249	GBR	0	0	0	1	unresolved_or_ambiguous	0455d0302ac12a29ab87091cab5e3e557416f6301e89fb122eef8d49cd5644ec
HG00250	GBR	1	0	1	1		0455d0302ac12a29ab87091cab5e3e557416f6301e89fb122eef8d49cd5644ec
HG00251	GBR	0	0	0	1	unresolved_or_ambiguous	0455d0302ac12a29ab87091cab5e3e557416f6301e89fb122eef8d49cd5644ec
HG00252	GBR	1	0	1	1		0455d0302ac12a29ab87091cab5e3e557416f6301e89fb122eef8d49cd5644ec
HG00253	GBR	0	0	0	1	unresolved_or_ambiguous	0455d0302ac12a29ab87091cab5e3e557416f6301e89fb122eef8d49cd5644ec
HG00254	GBR	1	0	2	1		0455d0302ac12a29ab87091cab5e3e557416f6301e89fb122eef8d49cd5644ec
HG00255	GBR	0	0	0	1	unresolved_or_ambiguous	0455d0302ac12a29ab87091cab5e3e557416f6301e89fb122eef8d49cd5644ec
HG00256	GBR	0	0	0	1	unresolved_or_ambiguous	0455d0302ac12a29ab87091cab5e3e557416f6301e89fb122eef8d49cd5644ec
HG00257	GBR	0	0	0	1	unresolved_or_ambiguous	0455d0302ac12a29ab87091cab5e3e557416f6301e89fb122eef8d49cd5644ec
HG00258	GBR	1	0	1	1		0455d0302ac12a29ab87091cab5e3e557416f6301e89fb122eef8d49cd5644ec
HG00259	GBR	1	0	1	1		0455d0302ac12a29ab87091cab5e3e557416f6301e89fb122eef8d49cd5644ec
HG00260	GBR	0	0	0	1	unresolved_or_ambiguous	0455d0302ac12a29ab87091cab5e3e557416f6301e89fb122eef8d49cd5644ec
HG00261	GBR	1	0	1	1		0455d0302ac12a29ab87091cab5e3e557416f6301e89fb122eef8d49cd5644ec
HG00262	GBR	0	0	0	1	unresolved_or_ambiguous	0455d0302ac12a29ab87091cab5e3e557416f6301e89fb122eef8d49cd5644ec
HG00263	GBR	0	0	0	1	unresolved_or_ambiguous	0455d0302ac12a29ab87091cab5e3e557416f6301e89fb122eef8d49cd5644ec
HG00264	GBR	0	0	0	1	unresolved_or_ambiguous	0455d0302ac12a29ab87091cab5e3e557416f6301e89fb122eef8d49cd5644ec
HG00265	GBR	0	0	0	1	unresolved_or_ambiguous	0455d0302ac12a29ab87091cab5e3e557416f6301e89fb122eef8d49cd5644ec
HG00266	FIN	0	0	0	1	unresolved_or_ambiguous	0455d0302ac12a29ab87091cab5e3e557416f6301e89fb122eef8d49cd5644ec
HG00267	FIN	1	0	1	1		0455d0302ac12a29ab87091cab5e3e557416f6301e89fb122eef8d49cd5644ec
HG00268	FIN	0	0	0	1	unresolved_or_ambiguous	0455d0302ac12a29ab87091cab5e3e557416f6301e89fb122eef8d49cd5644ec
HG00269	FIN	0	0	0	1	unresolved_or_ambiguous	0455d0302ac12a29ab87091cab5e3e557416f6301e89fb122eef8d49cd5644ec
HG00270	FIN	0	0	0	1	unresolved_or_ambiguous	0455d0302ac12a29ab87091cab5e3e557416f6301e89fb122eef8d49cd5644ec
HG00271	FIN	1	0	1	1		0455d0302ac12a29ab87091cab5e3e557416f6301e89fb122eef8d49cd5644ec
HG00272	FIN	0	0	0	1	unresolved_or_ambiguous	0455d0302ac12a29ab87091cab5e3e557416f6301e89fb122eef8d49cd5644ec
HG00273	FIN	0	0	0	1	unresolved_or_ambiguous	0455d0302ac12a29ab87091cab5e3e557416f6301e89fb122eef8d49cd5644ec
HG00274	FIN	0	0	0	1	unresolved_or_ambiguous	0455d0302ac12a29ab87091cab5e3e557416f6301e89fb122eef8d49cd5644ec
HG00275	FIN	0	0	0	1	unresolved_or_ambiguous	0455d0302ac12a29ab87091cab5e3e557416f6301e89fb122eef8d49cd5644ec
HG00276	FIN	0	0	0	1	unresolved_or_ambiguous	0455d0302ac12a29ab87091cab5e3e557416f6301e89fb122eef8d49cd5644ec
HG00277	FIN	0	0	0	1	unresolved_or_ambiguous	0455d0302ac12a29ab87091cab5e3e557416f6301e89fb122eef8d49cd5644ec
HG00278	FIN	0	0	0	1	unresolved_or_ambiguous	0455d0302ac12a29ab87091cab5e3e557416f6301e89fb122eef8d49cd5644ec
HG00280	FIN	0	0	0	1	unresolved_or_ambiguous	0455d0302ac12a29ab87091cab5e3e557416f6301e89fb122eef8d49cd5644ec
HG00281	FIN	0	0	0	1	unresolved_or_ambiguous	0455d0302ac12a29ab87091cab5e3e557416f6301e89fb122eef8d49cd5644ec
HG00282	FIN	0	0	0	1	unresolved_or_ambiguous	0455d0302ac12a29ab87091cab5e3e557416f6301e89fb122eef8d49cd5644ec
HG00284	FIN	0	0	0	1	unresolved_or_ambiguous	0455d0302ac12a29ab87091cab5e3e557416f6301e89fb122eef8d49cd5644ec
HG00285	FIN	1	0	1	1		0455d0302ac12a29ab87091cab5e3e557416f6301e89fb122eef8d49cd5644ec
HG00306	FIN	0	0	0	1	unresolved_or_ambiguous	0455d0302ac12a29ab87091cab5e3e557416f6301e89fb122eef8d49cd5644ec
HG00308	FIN	0	0	0	1	unresolved_or_ambiguous	0455d0302ac12a29ab87091cab5e3e557416f6301e89fb122eef8d49cd5644ec
HG00309	FIN	0	0	0	1	unresolved_or_ambiguous	0455d0302ac12a29ab87091cab5e3e557416f6301e89fb122eef8d49cd5644ec
HG00310	FIN	0	0	0	1	unresolved_or_ambiguous	0455d0302ac12a29ab87091cab5e3e557416f6301e89fb122eef8d49cd5644ec
HG00311	FIN	0	0	0	1	unresolved_or_ambiguous	0455d0302ac12a29ab87091cab5e3e557416f6301e89fb122eef8d49cd5644ec
HG00312	FIN	0	0	0	1	unresolved_or_ambiguous	0455d0302ac12a29ab87091cab5e3e557416f6301e89fb122eef8d49cd5644ec
HG00313	FIN	0	0	0	1	unresolved_or_ambiguous	0455d0302ac12a29ab87091cab5e3e557416f6301e89fb122eef8d49cd5644ec
HG00315	FIN	0	0	0	1	unresolved_or_ambiguous	0455d0302ac12a29ab87091cab5e3e557416f6301e89fb122eef8d49cd5644ec
HG00318	FIN	0	0	0	1	unresolved_or_ambiguous	0455d0302ac12a29ab87091cab5e3e557416f6301e89fb122eef8d49cd5644ec
HG00319	FIN	0	0	0	1	unresolved_or_ambiguous	0455d0302ac12a29ab87091cab5e3e557416f6301e89fb122eef8d49cd5644ec
HG00320	FIN	0	0	0	1	unresolved_or_ambiguous	0455d0302ac12a29ab87091cab5e3e557416f6301e89fb122eef8d49cd5644ec
HG00321	FIN	0	0	0	1	unresolved_or_ambiguous	0455d0302ac12a29ab87091cab5e3e557416f6301e89fb122eef8d49cd5644ec
HG00323	FIN	1	0	1	1		0455d0302ac12a29ab87091cab5e3e557416f6301e89fb122eef8d49cd5644ec
HG00324	FIN	0	0	0	1	unresolved_or_ambiguous	0455d0302ac12a29ab87091cab5e3e557416f6301e89fb122eef8d49cd5644ec
HG00325	FIN	0	0	0	1	unresolved_or_ambiguous	0455d0302ac12a29ab87091cab5e3e557416f6301e89fb122eef8d49cd5644ec
HG00326	FIN	1	0	1	1		0455d0302ac12a29ab87091cab5e3e557416f6301e89fb122eef8d49cd5644ec
HG00327	FIN	0	0	0	1	unresolved_or_ambiguous	0455d0302ac12a29ab87091cab5e3e557416f6301e89fb122eef8d49cd5644ec
HG00328	FIN	0	0	0	1	unresolved_or_ambiguous	0455d0302ac12a29ab87091cab5e3e557416f6301e89fb122eef8d49cd5644ec
HG00329	FIN	0	0	0	1	unresolved_or_ambiguous	0455d0302ac12a29ab87091cab5e3e557416f6301e89fb122eef8d49cd5644ec
HG00330	FIN	0	0	0	1	unresolved_or_ambiguous	0455d0302ac12a29ab87091cab5e3e557416f6301e89fb122eef8d49cd5644ec
HG00331	FIN	0	0	0	1	unresolved_or_ambiguous	0455d0302ac12a29ab87091cab5e3e557416f6301e89fb122eef8d49cd5644ec
HG00332	FIN	0	0	0	1	unresolved_or_ambiguous	0455d0302ac12a29ab87091cab5e3e557416f6301e89fb122eef8d49cd5644ec
HG00334	FIN	0	0	0	1	unresolved_or_ambiguous	0455d0302ac12a29ab87091cab5e3e557416f6301e89fb122eef8d49cd5644ec
HG00335	FIN	0	0	0	1	unresolved_or_ambiguous	0455d0302ac12a29ab87091cab5e3e557416f6301e89fb122eef8d49cd5644ec
HG00336	FIN	0	0	0	1	unresolved_or_ambiguous	0455d0302ac12a29ab87091cab5e3e557416f6301e89fb122eef8d49cd5644ec
HG00337	FIN	0	0	0	1	unresolved_or_ambiguous	0455d0302ac12a29ab87091cab5e3e557416f6301e89fb122eef8d49cd5644ec
HG00338	FIN	0	0	0	1	unresolved_or_ambiguous	0455d0302ac12a29ab87091cab5e3e557416f6301e89fb122eef8d49cd5644ec
HG00339	FIN	1	0	1	1		0455d0302ac12a29ab87091cab5e3e557416f6301e89fb122eef8d49cd5644ec
HG00341	FIN	1	0	1	1		0455d0302ac12a29ab87091cab5e3e557416f6301e89fb122eef8d49cd5644ec
HG00342	FIN	0	0	0	1	unresolved_or_ambiguous	0455d0302ac12a29ab87091cab5e3e557416f6301e89fb122eef8d49cd5644ec
HG00343	FIN	0	0	0	1	unresolved_or_ambiguous	0455d0302ac12a29ab87091cab5e3e557416f6301e89fb122eef8d49cd5644ec
HG00344	FIN	0	0	0	1	unresolved_or_ambiguous	0455d0302ac12a29ab87091cab5e3e557416f6301e89fb122eef8d49cd5644ec
HG00345	FIN	0	0	0	1	unresolved_or_ambiguous	0455d0302ac12a29ab87091cab5e3e557416f6301e89fb122eef8d49cd5644ec
HG00346	FIN	0	0	0	1	unresolved_or_ambiguous	0455d0302ac12a29ab87091cab5e3e557416f6301e89fb122eef8d49cd5644ec
HG00349	FIN	0	0	0	1	unresolved_or_ambiguous	0455d0302ac12a29ab87091cab5e3e557416f6301e89fb122eef8d49cd5644ec
HG00350	FIN	0	0	0	1	unresolved_or_ambiguous	0455d0302ac12a29ab87091cab5e3e557416f6301e89fb122eef8d49cd5644ec
HG00351	FIN	0	0	0	1	unresolved_or_ambiguous	0455d0302ac12a29ab87091cab5e3e557416f6301e89fb122eef8d49cd5644ec
HG00353	FIN	0	0	0	1	unresolved_or_ambiguous	0455d0302ac12a29ab87091cab5e3e557416f6301e89fb122eef8d49cd5644ec
HG00355	FIN	1	0	2	1		0455d0302ac12a29ab87091cab5e3e557416f6301e89fb122eef8d49cd5644ec
HG00356	FIN	0	0	0	1	unresolved_or_ambiguous	0455d0302ac12a29ab87091cab5e3e557416f6301e89fb122eef8d49cd5644ec
HG00357	FIN	0	0	0	1	unresolved_or_ambiguous	0455d0302ac12a29ab87091cab5e3e557416f6301e89fb122eef8d49cd5644ec
HG00358	FIN	0	0	0	1	unresolved_or_ambiguous	0455d0302ac12a29ab87091cab5e3e557416f6301e89fb122eef8d49cd5644ec
HG00359	FIN	0	0	0	1	unresolved_or_ambiguous	0455d0302ac12a29ab87091cab5e3e557416f6301e89fb122eef8d49cd5644ec
HG00360	FIN	0	0	0	1	unresolved_or_ambiguous	0455d0302ac12a29ab87091cab5e3e557416f6301e89fb122eef8d49cd5644ec
HG00361	FIN	0	0	0	1	unresolved_or_ambiguous	0455d0302ac12a29ab87091cab5e3e557416f6301e89fb122eef8d49cd5644ec
HG00362	FIN	0	0	0	1	unresolved_or_ambiguous	0455d0302ac12a29ab87091cab5e3e557416f6301e89fb122eef8d49cd5644ec
HG00364	FIN	0	0	0	1	unresolved_or_ambiguous	0455d0302ac12a29ab87091cab5e3e557416f6301e89fb122eef8d49cd5644ec
HG00365	FIN	0	0	0	1	unresolved_or_ambiguous	0455d0302ac12a29ab87091cab5e3e557416f6301e89fb122eef8d49cd5644ec
HG00366	FIN	0	0	0	1	unresolved_or_ambiguous	0455d0302ac12a29ab87091cab5e3e557416f6301e89fb122eef8d49cd5644ec
HG00367	FIN	0	0	0	1	unresolved_or_ambiguous	0455d0302ac12a29ab87091cab5e3e557416f6301e89fb122eef8d49cd5644ec
HG00368	FIN	0	0	0	1	unresolved_or_ambiguous	0455d0302ac12a29ab87091cab5e3e557416f6301e89fb122eef8d49cd5644ec
HG00369	FIN	0	0	0	1	unresolved_or_ambiguous	0455d0302ac12a29ab87091cab5e3e557416f6301e89fb122eef8d49cd5644ec
HG00371	FIN	0	0	0	1	unresolved_or_ambiguous	0455d0302ac12a29ab87091cab5e3e557416f6301e89fb122eef8d49cd5644ec
HG00372	FIN	1	0	1	1		0455d0302ac12a29ab87091cab5e3e557416f6301e89fb122eef8d49cd5644ec
HG00373	FIN	0	0	0	1	unresolved_or_ambiguous	0455d0302ac12a29ab87091cab5e3e557416f6301e89fb122eef8d49cd5644ec
HG00375	FIN	1	0	1	1		0455d0302ac12a29ab87091cab5e3e557416f6301e89fb122eef8d49cd5644ec
HG00376	FIN	1	0	1	1		0455d0302ac12a29ab87091cab5e3e557416f6301e89fb122eef8d49cd5644ec
HG00377	FIN	0	0	0	1	unresolved_or_ambiguous	0455d0302ac12a29ab87091cab5e3e557416f6301e89fb122eef8d49cd5644ec
HG00378	FIN	0	0	0	1	unresolved_or_ambiguous	0455d0302ac12a29ab87091cab5e3e557416f6301e89fb122eef8d49cd5644ec
HG00379	FIN	0	0	0	1	unresolved_or_ambiguous	0455d0302ac12a29ab87091cab5e3e557416f6301e89fb122eef8d49cd5644ec
HG00380	FIN	0	0	0	1	unresolved_or_ambiguous	0455d0302ac12a29ab87091cab5e3e557416f6301e89fb122eef8d49cd5644ec
HG00381	FIN	0	0	0	1	unresolved_or_ambiguous	0455d0302ac12a29ab87091cab5e3e557416f6301e89fb122eef8d49cd5644ec
HG00382	FIN	0	0	0	1	unresolved_or_ambiguous	0455d0302ac12a29ab87091cab5e3e557416f6301e89fb122eef8d49cd5644ec
HG00383	FIN	0	0	0	1	unresolved_or_ambiguous	0455d0302ac12a29ab87091cab5e3e557416f6301e89fb122eef8d49cd5644ec
HG00384	FIN	0	0	0	1	unresolved_or_ambiguous	0455d0302ac12a29ab87091cab5e3e557416f6301e89fb122eef8d49cd5644ec
HG00403	CHS	0	0	0	1	unresolved_or_ambiguous	0455d0302ac12a29ab87091cab5e3e557416f6301e89fb122eef8d49cd5644ec
HG00404	CHS	0	0	0	1	unresolved_or_ambiguous	0455d0302ac12a29ab87091cab5e3e557416f6301e89fb122eef8d49cd5644ec
HG00406	CHS	0	0	0	1	unresolved_or_ambiguous	0455d0302ac12a29ab87091cab5e3e557416f6301e89fb122eef8d49cd5644ec
HG00407	CHS	0	0	0	1	unresolved_or_ambiguous	0455d0302ac12a29ab87091cab5e3e557416f6301e89fb122eef8d49cd5644ec
HG00418	CHS	0	0	0	1	unresolved_or_ambiguous	0455d0302ac12a29ab87091cab5e3e557416f6301e89fb122eef8d49cd5644ec
HG00419	CHS	1	0	1	1		0455d0302ac12a29ab87091cab5e3e557416f6301e89fb122eef8d49cd5644ec
HG00421	CHS	0	0	0	1	unresolved_or_ambiguous	0455d0302ac12a29ab87091cab5e3e557416f6301e89fb122eef8d49cd5644ec
HG00422	CHS	1	0	1	1		0455d0302ac12a29ab87091cab5e3e557416f6301e89fb122eef8d49cd5644ec
HG00427	CHS	1	0	1	1		0455d0302ac12a29ab87091cab5e3e557416f6301e89fb122eef8d49cd5644ec
HG00428	CHS	0	0	0	1	unresolved_or_ambiguous	0455d0302ac12a29ab87091cab5e3e557416f6301e89fb122eef8d49cd5644ec
HG00436	CHS	0	0	0	1	unresolved_or_ambiguous	0455d0302ac12a29ab87091cab5e3e557416f6301e89fb122eef8d49cd5644ec
HG00437	CHS	0	0	0	1	unresolved_or_ambiguous	0455d0302ac12a29ab87091cab5e3e557416f6301e89fb122eef8d49cd5644ec
HG00442	CHS	0	0	0	1	unresolved_or_ambiguous	0455d0302ac12a29ab87091cab5e3e557416f6301e89fb122eef8d49cd5644ec
HG00443	CHS	0	0	0	1	unresolved_or_ambiguous	0455d0302ac12a29ab87091cab5e3e557416f6301e89fb122eef8d49cd5644ec
HG00445	CHS	0	0	0	1	unresolved_or_ambiguous	0455d0302ac12a29ab87091cab5e3e557416f6301e89fb122eef8d49cd5644ec
HG00446	CHS	1	0	1	1		0455d0302ac12a29ab87091cab5e3e557416f6301e89fb122eef8d49cd5644ec
HG00448	CHS	0	0	0	1	unresolved_or_ambiguous	0455d0302ac12a29ab87091cab5e3e557416f6301e89fb122eef8d49cd5644ec
HG00449	CHS	0	0	0	1	unresolved_or_ambiguous	0455d0302ac12a29ab87091cab5e3e557416f6301e89fb122eef8d49cd5644ec
HG00451	CHS	0	0	0	1	unresolved_or_ambiguous	0455d0302ac12a29ab87091cab5e3e557416f6301e89fb122eef8d49cd5644ec
HG00452	CHS	1	0	1	1		0455d0302ac12a29ab87091cab5e3e557416f6301e89fb122eef8d49cd5644ec
HG00457	CHS	0	0	0	1	unresolved_or_ambiguous	0455d0302ac12a29ab87091cab5e3e557416f6301e89fb122eef8d49cd5644ec
HG00458	CHS	0	0	0	1	unresolved_or_ambiguous	0455d0302ac12a29ab87091cab5e3e557416f6301e89fb122eef8d49cd5644ec
HG00463	CHS	0	0	0	1	unresolved_or_ambiguous	0455d0302ac12a29ab87091cab5e3e557416f6301e89fb122eef8d49cd5644ec
HG00464	CHS	0	0	0	1	unresolved_or_ambiguous	0455d0302ac12a29ab87091cab5e3e557416f6301e89fb122eef8d49cd5644ec
HG00472	CHS	0	0	0	1	unresolved_or_ambiguous	0455d0302ac12a29ab87091cab5e3e557416f6301e89fb122eef8d49cd5644ec
HG00473	CHS	0	0	0	1	unresolved_or_ambiguous	0455d0302ac12a29ab87091cab5e3e557416f6301e89fb122eef8d49cd5644ec
HG00475	CHS	1	0	1	1		0455d0302ac12a29ab87091cab5e3e557416f6301e89fb122eef8d49cd5644ec
HG00476	CHS	0	0	0	1	unresolved_or_ambiguous	0455d0302ac12a29ab87091cab5e3e557416f6301e89fb122eef8d49cd5644ec
HG00478	CHS	0	0	0	1	unresolved_or_ambiguous	0455d0302ac12a29ab87091cab5e3e557416f6301e89fb122eef8d49cd5644ec
HG00479	CHS	0	0	0	1	unresolved_or_ambiguous	0455d0302ac12a29ab87091cab5e3e557416f6301e89fb122eef8d49cd5644ec
HG00500	CHS	0	0	0	1	unresolved_or_ambiguous	0455d0302ac12a29ab87091cab5e3e557416f6301e89fb122eef8d49cd5644ec
HG00501	CHS	1	0	1	1		0455d0302ac12a29ab87091cab5e3e557416f6301e89fb122eef8d49cd5644ec
HG00512	CHS	0	0	0	1	unresolved_or_ambiguous	0455d0302ac12a29ab87091cab5e3e557416f6301e89fb122eef8d49cd5644ec
HG00513	CHS	1	0	1	1		0455d0302ac12a29ab87091cab5e3e557416f6301e89fb122eef8d49cd5644ec
HG00524	CHS	0	0	0	1	unresolved_or_ambiguous	0455d0302ac12a29ab87091cab5e3e557416f6301e89fb122eef8d49cd5644ec
HG00525	CHS	0	0	0	1	unresolved_or_ambiguous	0455d0302ac12a29ab87091cab5e3e557416f6301e89fb122eef8d49cd5644ec
HG00530	CHS	0	0	0	1	unresolved_or_ambiguous	0455d0302ac12a29ab87091cab5e3e557416f6301e89fb122eef8d49cd5644ec
HG00531	CHS	0	0	0	1	unresolved_or_ambiguous	0455d0302ac12a29ab87091cab5e3e557416f6301e89fb122eef8d49cd5644ec
HG00533	CHS	0	0	0	1	unresolved_or_ambiguous	0455d0302ac12a29ab87091cab5e3e557416f6301e89fb122eef8d49cd5644ec
HG00534	CHS	0	0	0	1	unresolved_or_ambiguous	0455d0302ac12a29ab87091cab5e3e557416f6301e89fb122eef8d49cd5644ec
HG00536	CHS	0	0	0	1	unresolved_or_ambiguous	0455d0302ac12a29ab87091cab5e3e557416f6301e89fb122eef8d49cd5644ec
HG00537	CHS	0	0	0	1	unresolved_or_ambiguous	0455d0302ac12a29ab87091cab5e3e557416f6301e89fb122eef8d49cd5644ec
HG00542	CHS	0	0	0	1	unresolved_or_ambiguous	0455d0302ac12a29ab87091cab5e3e557416f6301e89fb122eef8d49cd5644ec
HG00543	CHS	0	0	0	1	unresolved_or_ambiguous	0455d0302ac12a29ab87091cab5e3e557416f6301e89fb122eef8d49cd5644ec
HG00551	PUR	1	0	2	1		0455d0302ac12a29ab87091cab5e3e557416f6301e89fb122eef8d49cd5644ec
HG00553	PUR	0	0	0	1	unresolved_or_ambiguous	0455d0302ac12a29ab87091cab5e3e557416f6301e89fb122eef8d49cd5644ec
HG00554	PUR	0	0	0	1	unresolved_or_ambiguous	0455d0302ac12a29ab87091cab5e3e557416f6301e89fb122eef8d49cd5644ec
HG00556	CHS	0	0	0	1	unresolved_or_ambiguous	0455d0302ac12a29ab87091cab5e3e557416f6301e89fb122eef8d49cd5644ec
HG00557	CHS	1	0	1	1		0455d0302ac12a29ab87091cab5e3e557416f6301e89fb122eef8d49cd5644ec
HG00559	CHS	0	0	0	1	unresolved_or_ambiguous	0455d0302ac12a29ab87091cab5e3e557416f6301e89fb122eef8d49cd5644ec
HG00560	CHS	0	0	0	1	unresolved_or_ambiguous	0455d0302ac12a29ab87091cab5e3e557416f6301e89fb122eef8d49cd5644ec
HG00565	CHS	0	0	0	1	unresolved_or_ambiguous	0455d0302ac12a29ab87091cab5e3e557416f6301e89fb122eef8d49cd5644ec
HG00566	CHS	0	0	0	1	unresolved_or_ambiguous	0455d0302ac12a29ab87091cab5e3e557416f6301e89fb122eef8d49cd5644ec
HG00577	CHS	1	0	1	1		0455d0302ac12a29ab87091cab5e3e557416f6301e89fb122eef8d49cd5644ec
HG00578	CHS	0	0	0	1	unresolved_or_ambiguous	0455d0302ac12a29ab87091cab5e3e557416f6301e89fb122eef8d49cd5644ec
HG00580	CHS	0	0	0	1	unresolved_or_ambiguous	0455d0302ac12a29ab87091cab5e3e557416f6301e89fb122eef8d49cd5644ec
HG00581	CHS	0	0	0	1	unresolved_or_ambiguous	0455d0302ac12a29ab87091cab5e3e557416f6301e89fb122eef8d49cd5644ec
HG00583	CHS	0	0	0	1	unresolved_or_ambiguous	0455d0302ac12a29ab87091cab5e3e557416f6301e89fb122eef8d49cd5644ec
HG00584	CHS	0	0	0	1	unresolved_or_ambiguous	0455d0302ac12a29ab87091cab5e3e557416f6301e89fb122eef8d49cd5644ec
HG00589	CHS	1	0	1	1		0455d0302ac12a29ab87091cab5e3e557416f6301e89fb122eef8d49cd5644ec
HG00590	CHS	0	0	0	1	unresolved_or_ambiguous	0455d0302ac12a29ab87091cab5e3e557416f6301e89fb122eef8d49cd5644ec
HG00592	CHS	0	0	0	1	unresolved_or_ambiguous	0455d0302ac12a29ab87091cab5e3e557416f6301e89fb122eef8d49cd5644ec
HG00593	CHS	0	0	0	1	unresolved_or_ambiguous	0455d0302ac12a29ab87091cab5e3e557416f6301e89fb122eef8d49cd5644ec
HG00595	CHS	0	0	0	1	unresolved_or_ambiguous	0455d0302ac12a29ab87091cab5e3e557416f6301e89fb122eef8d49cd5644ec
HG00596	CHS	0	0	0	1	unresolved_or_ambiguous	0455d0302ac12a29ab87091cab5e3e557416f6301e89fb122eef8d49cd5644ec
HG00607	CHS	1	0	1	1		0455d0302ac12a29ab87091cab5e3e557416f6301e89fb122eef8d49cd5644ec
HG00608	CHS	0	0	0	1	unresolved_or_ambiguous	0455d0302ac12a29ab87091cab5e3e557416f6301e89fb122eef8d49cd5644ec
HG00610	CHS	0	0	0	1	unresolved_or_ambiguous	0455d0302ac12a29ab87091cab5e3e557416f6301e89fb122eef8d49cd5644ec
HG00611	CHS	0	0	0	1	unresolved_or_ambiguous	0455d0302ac12a29ab87091cab5e3e557416f6301e89fb122eef8d49cd5644ec
HG00613	CHS	0	0	0	1	unresolved_or_ambiguous	0455d0302ac12a29ab87091cab5e3e557416f6301e89fb122eef8d49cd5644ec
HG00614	CHS	1	0	1	1		0455d0302ac12a29ab87091cab5e3e557416f6301e89fb122eef8d49cd5644ec
HG00619	CHS	0	0	0	1	unresolved_or_ambiguous	0455d0302ac12a29ab87091cab5e3e557416f6301e89fb122eef8d49cd5644ec
HG00620	CHS	0	0	0	1	unresolved_or_ambiguous	0455d0302ac12a29ab87091cab5e3e557416f6301e89fb122eef8d49cd5644ec
HG00625	CHS	1	0	1	1		0455d0302ac12a29ab87091cab5e3e557416f6301e89fb122eef8d49cd5644ec
HG00626	CHS	0	0	0	1	unresolved_or_ambiguous	0455d0302ac12a29ab87091cab5e3e557416f6301e89fb122eef8d49cd5644ec
HG00628	CHS	0	0	0	1	unresolved_or_ambiguous	0455d0302ac12a29ab87091cab5e3e557416f6301e89fb122eef8d49cd5644ec
HG00629	CHS	0	0	0	1	unresolved_or_ambiguous	0455d0302ac12a29ab87091cab5e3e557416f6301e89fb122eef8d49cd5644ec
HG00634	CHS	0	0	0	1	unresolved_or_ambiguous	0455d0302ac12a29ab87091cab5e3e557416f6301e89fb122eef8d49cd5644ec
HG00635	CHS	0	0	0	1	unresolved_or_ambiguous	0455d0302ac12a29ab87091cab5e3e557416f6301e89fb122eef8d49cd5644ec
HG00637	PUR	0	0	0	1	unresolved_or_ambiguous	0455d0302ac12a29ab87091cab5e3e557416f6301e89fb122eef8d49cd5644ec
HG00638	PUR	0	0	0	1	unresolved_or_ambiguous	0455d0302ac12a29ab87091cab5e3e557416f6301e89fb122eef8d49cd5644ec
HG00640	PUR	0	0	0	1	unresolved_or_ambiguous	0455d0302ac12a29ab87091cab5e3e557416f6301e89fb122eef8d49cd5644ec
HG00641	PUR	0	0	0	1	unresolved_or_ambiguous	0455d0302ac12a29ab87091cab5e3e557416f6301e89fb122eef8d49cd5644ec
HG00650	CHS	0	0	0	1	unresolved_or_ambiguous	0455d0302ac12a29ab87091cab5e3e557416f6301e89fb122eef8d49cd5644ec
HG00651	CHS	0	0	0	1	unresolved_or_ambiguous	0455d0302ac12a29ab87091cab5e3e557416f6301e89fb122eef8d49cd5644ec
HG00653	CHS	0	0	0	1	unresolved_or_ambiguous	0455d0302ac12a29ab87091cab5e3e557416f6301e89fb122eef8d49cd5644ec
HG00654	CHS	0	0	0	1	unresolved_or_ambiguous	0455d0302ac12a29ab87091cab5e3e557416f6301e89fb122eef8d49cd5644ec
HG00656	CHS	0	0	0	1	unresolved_or_ambiguous	0455d0302ac12a29ab87091cab5e3e557416f6301e89fb122eef8d49cd5644ec
HG00657	CHS	0	0	0	1	unresolved_or_ambiguous	0455d0302ac12a29ab87091cab5e3e557416f6301e89fb122eef8d49cd5644ec
HG00662	CHS	0	0	0	1	unresolved_or_ambiguous	0455d0302ac12a29ab87091cab5e3e557416f6301e89fb122eef8d49cd5644ec
HG00663	CHS	1	0	1	1		0455d0302ac12a29ab87091cab5e3e557416f6301e89fb122eef8d49cd5644ec
HG00671	CHS	1	0	1	1		0455d0302ac12a29ab87091cab5e3e557416f6301e89fb122eef8d49cd5644ec
HG00672	CHS	0	0	0	1	unresolved_or_ambiguous	0455d0302ac12a29ab87091cab5e3e557416f6301e89fb122eef8d49cd5644ec
HG00683	CHS	0	0	0	1	unresolved_or_ambiguous	0455d0302ac12a29ab87091cab5e3e557416f6301e89fb122eef8d49cd5644ec
HG00684	CHS	1	0	2	1		0455d0302ac12a29ab87091cab5e3e557416f6301e89fb122eef8d49cd5644ec
HG00689	CHS	0	0	0	1	unresolved_or_ambiguous	0455d0302ac12a29ab87091cab5e3e557416f6301e89fb122eef8d49cd5644ec
HG00690	CHS	0	0	0	1	unresolved_or_ambiguous	0455d0302ac12a29ab87091cab5e3e557416f6301e89fb122eef8d49cd5644ec
HG00692	CHS	0	0	0	1	unresolved_or_ambiguous	0455d0302ac12a29ab87091cab5e3e557416f6301e89fb122eef8d49cd5644ec
HG00693	CHS	0	0	0	1	unresolved_or_ambiguous	0455d0302ac12a29ab87091cab5e3e557416f6301e89fb122eef8d49cd5644ec
HG00698	CHS	1	0	1	1		0455d0302ac12a29ab87091cab5e3e557416f6301e89fb122eef8d49cd5644ec
HG00699	CHS	0	0	0	1	unresolved_or_ambiguous	0455d0302ac12a29ab87091cab5e3e557416f6301e89fb122eef8d49cd5644ec
HG00701	CHS	0	0	0	1	unresolved_or_ambiguous	0455d0302ac12a29ab87091cab5e3e557416f6301e89fb122eef8d49cd5644ec
HG00702	CHS	0	0	0	1	unresolved_or_ambiguous	0455d0302ac12a29ab87091cab5e3e557416f6301e89fb122eef8d49cd5644ec
HG00704	CHS	0	0	0	1	unresolved_or_ambiguous	0455d0302ac12a29ab87091cab5e3e557416f6301e89fb122eef8d49cd5644ec
HG00705	CHS	0	0	0	1	unresolved_or_ambiguous	0455d0302ac12a29ab87091cab5e3e557416f6301e89fb122eef8d49cd5644ec
HG00707	CHS	0	0	0	1	unresolved_or_ambiguous	0455d0302ac12a29ab87091cab5e3e557416f6301e89fb122eef8d49cd5644ec
HG00708	CHS	0	0	0	1	unresolved_or_ambiguous	0455d0302ac12a29ab87091cab5e3e557416f6301e89fb122eef8d49cd5644ec
HG00731	PUR	0	0	0	1	unresolved_or_ambiguous	0455d0302ac12a29ab87091cab5e3e557416f6301e89fb122eef8d49cd5644ec
HG00732	PUR	0	0	0	1	unresolved_or_ambiguous	0455d0302ac12a29ab87091cab5e3e557416f6301e89fb122eef8d49cd5644ec
HG00734	PUR	0	0	0	1	unresolved_or_ambiguous	0455d0302ac12a29ab87091cab5e3e557416f6301e89fb122eef8d49cd5644ec
HG00736	PUR	0	0	0	1	unresolved_or_ambiguous	0455d0302ac12a29ab87091cab5e3e557416f6301e89fb122eef8d49cd5644ec
HG00737	PUR	0	0	0	1	unresolved_or_ambiguous	0455d0302ac12a29ab87091cab5e3e557416f6301e89fb122eef8d49cd5644ec
HG00739	PUR	0	0	0	1	unresolved_or_ambiguous	0455d0302ac12a29ab87091cab5e3e557416f6301e89fb122eef8d49cd5644ec
HG00740	PUR	1	0	1	1		0455d0302ac12a29ab87091cab5e3e557416f6301e89fb122eef8d49cd5644ec
HG01047	PUR	0	0	0	1	unresolved_or_ambiguous	0455d0302ac12a29ab87091cab5e3e557416f6301e89fb122eef8d49cd5644ec
HG01048	PUR	0	0	0	1	unresolved_or_ambiguous	0455d0302ac12a29ab87091cab5e3e557416f6301e89fb122eef8d49cd5644ec
HG01049	PUR	0	0	0	1	unresolved_or_ambiguous	0455d0302ac12a29ab87091cab5e3e557416f6301e89fb122eef8d49cd5644ec
HG01051	PUR	1	0	1	1		0455d0302ac12a29ab87091cab5e3e557416f6301e89fb122eef8d49cd5644ec
HG01052	PUR	1	0	1	1		0455d0302ac12a29ab87091cab5e3e557416f6301e89fb122eef8d49cd5644ec
HG01054	PUR	0	0	0	1	unresolved_or_ambiguous	0455d0302ac12a29ab87091cab5e3e557416f6301e89fb122eef8d49cd5644ec
HG01055	PUR	1	0	1	1		0455d0302ac12a29ab87091cab5e3e557416f6301e89fb122eef8d49cd5644ec
HG01060	PUR	0	0	0	1	unresolved_or_ambiguous	0455d0302ac12a29ab87091cab5e3e557416f6301e89fb122eef8d49cd5644ec
HG01061	PUR	1	0	1	1		0455d0302ac12a29ab87091cab5e3e557416f6301e89fb122eef8d49cd5644ec
HG01066	PUR	0	0	0	1	unresolved_or_ambiguous	0455d0302ac12a29ab87091cab5e3e557416f6301e89fb122eef8d49cd5644ec
HG01067	PUR	0	0	0	1	unresolved_or_ambiguous	0455d0302ac12a29ab87091cab5e3e557416f6301e89fb122eef8d49cd5644ec
HG01069	PUR	0	0	0	1	unresolved_or_ambiguous	0455d0302ac12a29ab87091cab5e3e557416f6301e89fb122eef8d49cd5644ec
HG01070	PUR	0	0	0	1	unresolved_or_ambiguous	0455d0302ac12a29ab87091cab5e3e557416f6301e89fb122eef8d49cd5644ec
HG01072	PUR	1	0	2	1		0455d0302ac12a29ab87091cab5e3e557416f6301e89fb122eef8d49cd5644ec
HG01073	PUR	1	0	2	1		0455d0302ac12a29ab87091cab5e3e557416f6301e89fb122eef8d49cd5644ec
HG01075	PUR	1	0	2	1		0455d0302ac12a29ab87091cab5e3e557416f6301e89fb122eef8d49cd5644ec
HG01079	PUR	0	0	0	1	unresolved_or_ambiguous	0455d0302ac12a29ab87091cab5e3e557416f6301e89fb122eef8d49cd5644ec
HG01080	PUR	0	0	0	1	unresolved_or_ambiguous	0455d0302ac12a29ab87091cab5e3e557416f6301e89fb122eef8d49cd5644ec
HG01082	PUR	1	0	1	1		0455d0302ac12a29ab87091cab5e3e557416f6301e89fb122eef8d49cd5644ec
HG01083	PUR	0	0	0	1	unresolved_or_ambiguous	0455d0302ac12a29ab87091cab5e3e557416f6301e89fb122eef8d49cd5644ec
HG01085	PUR	1	0	1	1		0455d0302ac12a29ab87091cab5e3e557416f6301e89fb122eef8d49cd5644ec
HG01086	PUR	0	0	0	1	unresolved_or_ambiguous	0455d0302ac12a29ab87091cab5e3e557416f6301e89fb122eef8d49cd5644ec
HG01094	PUR	0	0	0	1	unresolved_or_ambiguous	0455d0302ac12a29ab87091cab5e3e557416f6301e89fb122eef8d49cd5644ec
HG01095	PUR	1	0	2	1		0455d0302ac12a29ab87091cab5e3e557416f6301e89fb122eef8d49cd5644ec
HG01097	PUR	1	0	1	1		0455d0302ac12a29ab87091cab5e3e557416f6301e89fb122eef8d49cd5644ec
HG01098	PUR	1	0	2	1		0455d0302ac12a29ab87091cab5e3e557416f6301e89fb122eef8d49cd5644ec
HG01101	PUR	0	0	0	1	unresolved_or_ambiguous	0455d0302ac12a29ab87091cab5e3e557416f6301e89fb122eef8d49cd5644ec
HG01102	PUR	1	0	1	1		0455d0302ac12a29ab87091cab5e3e557416f6301e89fb122eef8d49cd5644ec
HG01104	PUR	1	0	2	1		0455d0302ac12a29ab87091cab5e3e557416f6301e89fb122eef8d49cd5644ec
HG01105	PUR	0	0	0	1	unresolved_or_ambiguous	0455d0302ac12a29ab87091cab5e3e557416f6301e89fb122eef8d49cd5644ec
HG01107	PUR	0	0	0	1	unresolved_or_ambiguous	0455d0302ac12a29ab87091cab5e3e557416f6301e89fb122eef8d49cd5644ec
HG01108	PUR	0	0	0	1	unresolved_or_ambiguous	0455d0302ac12a29ab87091cab5e3e557416f6301e89fb122eef8d49cd5644ec
HG01110	PUR	1	0	1	1		0455d0302ac12a29ab87091cab5e3e557416f6301e89fb122eef8d49cd5644ec
HG01111	PUR	0	0	0	1	unresolved_or_ambiguous	0455d0302ac12a29ab87091cab5e3e557416f6301e89fb122eef8d49cd5644ec
HG01112	CLM	0	0	0	1	unresolved_or_ambiguous	0455d0302ac12a29ab87091cab5e3e557416f6301e89fb122eef8d49cd5644ec
HG01113	CLM	0	0	0	1	unresolved_or_ambiguous	0455d0302ac12a29ab87091cab5e3e557416f6301e89fb122eef8d49cd5644ec
HG01124	CLM	1	0	2	1		0455d0302ac12a29ab87091cab5e3e557416f6301e89fb122eef8d49cd5644ec
HG01125	CLM	0	0	0	1	unresolved_or_ambiguous	0455d0302ac12a29ab87091cab5e3e557416f6301e89fb122eef8d49cd5644ec
HG01133	CLM	0	0	0	1	unresolved_or_ambiguous	0455d0302ac12a29ab87091cab5e3e557416f6301e89fb122eef8d49cd5644ec
HG01134	CLM	1	0	1	1		0455d0302ac12a29ab87091cab5e3e557416f6301e89fb122eef8d49cd5644ec
HG01136	CLM	0	0	0	1	unresolved_or_ambiguous	0455d0302ac12a29ab87091cab5e3e557416f6301e89fb122eef8d49cd5644ec
HG01137	CLM	0	0	0	1	unresolved_or_ambiguous	0455d0302ac12a29ab87091cab5e3e557416f6301e89fb122eef8d49cd5644ec
HG01139	CLM	1	0	1	1		0455d0302ac12a29ab87091cab5e3e557416f6301e89fb122eef8d49cd5644ec
HG01140	CLM	1	0	1	1		0455d0302ac12a29ab87091cab5e3e557416f6301e89fb122eef8d49cd5644ec
HG01148	CLM	1	0	1	1		0455d0302ac12a29ab87091cab5e3e557416f6301e89fb122eef8d49cd5644ec
HG01149	CLM	0	0	0	1	unresolved_or_ambiguous	0455d0302ac12a29ab87091cab5e3e557416f6301e89fb122eef8d49cd5644ec
HG01167	PUR	0	0	0	1	unresolved_or_ambiguous	0455d0302ac12a29ab87091cab5e3e557416f6301e89fb122eef8d49cd5644ec
HG01168	PUR	1	0	1	1		0455d0302ac12a29ab87091cab5e3e557416f6301e89fb122eef8d49cd5644ec
HG01170	PUR	0	0	0	1	unresolved_or_ambiguous	0455d0302ac12a29ab87091cab5e3e557416f6301e89fb122eef8d49cd5644ec
HG01171	PUR	0	0	0	1	unresolved_or_ambiguous	0455d0302ac12a29ab87091cab5e3e557416f6301e89fb122eef8d49cd5644ec
HG01173	PUR	0	0	0	1	unresolved_or_ambiguous	0455d0302ac12a29ab87091cab5e3e557416f6301e89fb122eef8d49cd5644ec
HG01174	PUR	1	0	1	1		0455d0302ac12a29ab87091cab5e3e557416f6301e89fb122eef8d49cd5644ec
HG01176	PUR	0	0	0	1	unresolved_or_ambiguous	0455d0302ac12a29ab87091cab5e3e557416f6301e89fb122eef8d49cd5644ec
HG01177	PUR	0	0	0	1	unresolved_or_ambiguous	0455d0302ac12a29ab87091cab5e3e557416f6301e89fb122eef8d49cd5644ec
HG01182	PUR	1	0	1	1		0455d0302ac12a29ab87091cab5e3e557416f6301e89fb122eef8d49cd5644ec
HG01183	PUR	1	0	1	1		0455d0302ac12a29ab87091cab5e3e557416f6301e89fb122eef8d49cd5644ec
HG01187	PUR	0	0	0	1	unresolved_or_ambiguous	0455d0302ac12a29ab87091cab5e3e557416f6301e89fb122eef8d49cd5644ec
HG01188	PUR	1	0	1	1		0455d0302ac12a29ab87091cab5e3e557416f6301e89fb122eef8d49cd5644ec
HG01190	PUR	0	0	0	1	unresolved_or_ambiguous	0455d0302ac12a29ab87091cab5e3e557416f6301e89fb122eef8d49cd5644ec
HG01191	PUR	0	0	0	1	unresolved_or_ambiguous	0455d0302ac12a29ab87091cab5e3e557416f6301e89fb122eef8d49cd5644ec
HG01197	PUR	0	0	0	1	unresolved_or_ambiguous	0455d0302ac12a29ab87091cab5e3e557416f6301e89fb122eef8d49cd5644ec
HG01198	PUR	0	0	0	1	unresolved_or_ambiguous	0455d0302ac12a29ab87091cab5e3e557416f6301e89fb122eef8d49cd5644ec
HG01204	PUR	0	0	0	1	unresolved_or_ambiguous	0455d0302ac12a29ab87091cab5e3e557416f6301e89fb122eef8d49cd5644ec
HG01205	PUR	0	0	0	1	unresolved_or_ambiguous	0455d0302ac12a29ab87091cab5e3e557416f6301e89fb122eef8d49cd5644ec
HG01241	PUR	0	0	0	1	unresolved_or_ambiguous	0455d0302ac12a29ab87091cab5e3e557416f6301e89fb122eef8d49cd5644ec
HG01242	PUR	0	0	0	1	unresolved_or_ambiguous	0455d0302ac12a29ab87091cab5e3e557416f6301e89fb122eef8d49cd5644ec
HG01247	PUR	1	0	1	1		0455d0302ac12a29ab87091cab5e3e557416f6301e89fb122eef8d49cd5644ec
HG01248	PUR	0	0	0	1	unresolved_or_ambiguous	0455d0302ac12a29ab87091cab5e3e557416f6301e89fb122eef8d49cd5644ec
HG01250	CLM	0	0	0	1	unresolved_or_ambiguous	0455d0302ac12a29ab87091cab5e3e557416f6301e89fb122eef8d49cd5644ec
HG01251	CLM	0	0	0	1	unresolved_or_ambiguous	0455d0302ac12a29ab87091cab5e3e557416f6301e89fb122eef8d49cd5644ec
HG01253	CLM	1	0	1	1		0455d0302ac12a29ab87091cab5e3e557416f6301e89fb122eef8d49cd5644ec
HG01254	CLM	0	0	0	1	unresolved_or_ambiguous	0455d0302ac12a29ab87091cab5e3e557416f6301e89fb122eef8d49cd5644ec
HG01256	CLM	0	0	0	1	unresolved_or_ambiguous	0455d0302ac12a29ab87091cab5e3e557416f6301e89fb122eef8d49cd5644ec
HG01257	CLM	0	0	0	1	unresolved_or_ambiguous	0455d0302ac12a29ab87091cab5e3e557416f6301e89fb122eef8d49cd5644ec
HG01259	CLM	0	0	0	1	unresolved_or_ambiguous	0455d0302ac12a29ab87091cab5e3e557416f6301e89fb122eef8d49cd5644ec
HG01260	CLM	0	0	0	1	unresolved_or_ambiguous	0455d0302ac12a29ab87091cab5e3e557416f6301e89fb122eef8d49cd5644ec
HG01271	CLM	0	0	0	1	unresolved_or_ambiguous	0455d0302ac12a29ab87091cab5e3e557416f6301e89fb122eef8d49cd5644ec
HG01272	CLM	0	0	0	1	unresolved_or_ambiguous	0455d0302ac12a29ab87091cab5e3e557416f6301e89fb122eef8d49cd5644ec
HG01274	CLM	0	0	0	1	unresolved_or_ambiguous	0455d0302ac12a29ab87091cab5e3e557416f6301e89fb122eef8d49cd5644ec
HG01275	CLM	0	0	0	1	unresolved_or_ambiguous	0455d0302ac12a29ab87091cab5e3e557416f6301e89fb122eef8d49cd5644ec
HG01277	CLM	0	0	0	1	unresolved_or_ambiguous	0455d0302ac12a29ab87091cab5e3e557416f6301e89fb122eef8d49cd5644ec
HG01278	CLM	0	0	0	1	unresolved_or_ambiguous	0455d0302ac12a29ab87091cab5e3e557416f6301e89fb122eef8d49cd5644ec
HG01334	GBR	0	0	0	1	unresolved_or_ambiguous	0455d0302ac12a29ab87091cab5e3e557416f6301e89fb122eef8d49cd5644ec
HG01341	CLM	0	0	0	1	unresolved_or_ambiguous	0455d0302ac12a29ab87091cab5e3e557416f6301e89fb122eef8d49cd5644ec
HG01342	CLM	0	0	0	1	unresolved_or_ambiguous	0455d0302ac12a29ab87091cab5e3e557416f6301e89fb122eef8d49cd5644ec
HG01344	CLM	0	0	0	1	unresolved_or_ambiguous	0455d0302ac12a29ab87091cab5e3e557416f6301e89fb122eef8d49cd5644ec
HG01345	CLM	1	0	1	1		0455d0302ac12a29ab87091cab5e3e557416f6301e89fb122eef8d49cd5644ec
HG01347	CLM	1	0	1	1		0455d0302ac12a29ab87091cab5e3e557416f6301e89fb122eef8d49cd5644ec
HG01348	CLM	1	0	2	1		0455d0302ac12a29ab87091cab5e3e557416f6301e89fb122eef8d49cd5644ec
HG01350	CLM	1	0	2	1		0455d0302ac12a29ab87091cab5e3e557416f6301e89fb122eef8d49cd5644ec
HG01351	CLM	0	0	0	1	unresolved_or_ambiguous	0455d0302ac12a29ab87091cab5e3e557416f6301e89fb122eef8d49cd5644ec
HG01353	CLM	0	0	0	1	unresolved_or_ambiguous	0455d0302ac12a29ab87091cab5e3e557416f6301e89fb122eef8d49cd5644ec
HG01354	CLM	0	0	0	1	unresolved_or_ambiguous	0455d0302ac12a29ab87091cab5e3e557416f6301e89fb122eef8d49cd5644ec
HG01356	CLM	0	0	0	1	unresolved_or_ambiguous	0455d0302ac12a29ab87091cab5e3e557416f6301e89fb122eef8d49cd5644ec
HG01357	CLM	0	0	0	1	unresolved_or_ambiguous	0455d0302ac12a29ab87091cab5e3e557416f6301e89fb122eef8d49cd5644ec
HG01359	CLM	1	1	3	1		0455d0302ac12a29ab87091cab5e3e557416f6301e89fb122eef8d49cd5644ec
HG01360	CLM	1	0	1	1		0455d0302ac12a29ab87091cab5e3e557416f6301e89fb122eef8d49cd5644ec
HG01365	CLM	1	0	1	1		0455d0302ac12a29ab87091cab5e3e557416f6301e89fb122eef8d49cd5644ec
HG01366	CLM	1	0	2	1		0455d0302ac12a29ab87091cab5e3e557416f6301e89fb122eef8d49cd5644ec
HG01374	CLM	0	0	0	1	unresolved_or_ambiguous	0455d0302ac12a29ab87091cab5e3e557416f6301e89fb122eef8d49cd5644ec
HG01375	CLM	1	0	2	1		0455d0302ac12a29ab87091cab5e3e557416f6301e89fb122eef8d49cd5644ec
HG01377	CLM	0	0	0	1	unresolved_or_ambiguous	0455d0302ac12a29ab87091cab5e3e557416f6301e89fb122eef8d49cd5644ec
HG01378	CLM	0	0	0	1	unresolved_or_ambiguous	0455d0302ac12a29ab87091cab5e3e557416f6301e89fb122eef8d49cd5644ec
HG01383	CLM	1	0	2	1		0455d0302ac12a29ab87091cab5e3e557416f6301e89fb122eef8d49cd5644ec
HG01384	CLM	0	0	0	1	unresolved_or_ambiguous	0455d0302ac12a29ab87091cab5e3e557416f6301e89fb122eef8d49cd5644ec
HG01389	CLM	1	0	2	1		0455d0302ac12a29ab87091cab5e3e557416f6301e89fb122eef8d49cd5644ec
HG01390	CLM	1	0	1	1		0455d0302ac12a29ab87091cab5e3e557416f6301e89fb122eef8d49cd5644ec
HG01437	CLM	0	0	0	1	unresolved_or_ambiguous	0455d0302ac12a29ab87091cab5e3e557416f6301e89fb122eef8d49cd5644ec
HG01438	CLM	0	0	0	1	unresolved_or_ambiguous	0455d0302ac12a29ab87091cab5e3e557416f6301e89fb122eef8d49cd5644ec
HG01440	CLM	1	0	1	1		0455d0302ac12a29ab87091cab5e3e557416f6301e89fb122eef8d49cd5644ec
HG01441	CLM	1	0	1	1		0455d0302ac12a29ab87091cab5e3e557416f6301e89fb122eef8d49cd5644ec
HG01455	CLM	0	0	0	1	unresolved_or_ambiguous	0455d0302ac12a29ab87091cab5e3e557416f6301e89fb122eef8d49cd5644ec
HG01456	CLM	0	0	0	1	unresolved_or_ambiguous	0455d0302ac12a29ab87091cab5e3e557416f6301e89fb122eef8d49cd5644ec
HG01461	CLM	0	0	0	1	unresolved_or_ambiguous	0455d0302ac12a29ab87091cab5e3e557416f6301e89fb122eef8d49cd5644ec
HG01462	CLM	0	0	0	1	unresolved_or_ambiguous	0455d0302ac12a29ab87091cab5e3e557416f6301e89fb122eef8d49cd5644ec
HG01464	CLM	0	0	0	1	unresolved_or_ambiguous	0455d0302ac12a29ab87091cab5e3e557416f6301e89fb122eef8d49cd5644ec
HG01465	CLM	0	0	0	1	unresolved_or_ambiguous	0455d0302ac12a29ab87091cab5e3e557416f6301e89fb122eef8d49cd5644ec
HG01488	CLM	1	0	1	1		0455d0302ac12a29ab87091cab5e3e557416f6301e89fb122eef8d49cd5644ec
HG01489	CLM	0	0	0	1	unresolved_or_ambiguous	0455d0302ac12a29ab87091cab5e3e557416f6301e89fb122eef8d49cd5644ec
HG01491	CLM	1	0	2	1		0455d0302ac12a29ab87091cab5e3e557416f6301e89fb122eef8d49cd5644ec
HG01492	CLM	1	0	1	1		0455d0302ac12a29ab87091cab5e3e557416f6301e89fb122eef8d49cd5644ec
HG01494	CLM	0	0	0	1	unresolved_or_ambiguous	0455d0302ac12a29ab87091cab5e3e557416f6301e89fb122eef8d49cd5644ec
HG01495	CLM	0	0	0	1	unresolved_or_ambiguous	0455d0302ac12a29ab87091cab5e3e557416f6301e89fb122eef8d49cd5644ec
HG01497	CLM	0	0	0	1	unresolved_or_ambiguous	0455d0302ac12a29ab87091cab5e3e557416f6301e89fb122eef8d49cd5644ec
HG01498	CLM	0	0	0	1	unresolved_or_ambiguous	0455d0302ac12a29ab87091cab5e3e557416f6301e89fb122eef8d49cd5644ec
HG01550	CLM	0	0	0	1	unresolved_or_ambiguous	0455d0302ac12a29ab87091cab5e3e557416f6301e89fb122eef8d49cd5644ec
HG01551	CLM	1	0	1	1		0455d0302ac12a29ab87091cab5e3e557416f6301e89fb122eef8d49cd5644ec
NA06985	CEPH	1	1	3	1		0455d0302ac12a29ab87091cab5e3e557416f6301e89fb122eef8d49cd5644ec
NA06986	CEPH	1	1	3	1		0455d0302ac12a29ab87091cab5e3e557416f6301e89fb122eef8d49cd5644ec
NA06991	CEPH	1	1	3	1		0455d0302ac12a29ab87091cab5e3e557416f6301e89fb122eef8d49cd5644ec
NA06993	CEPH	1	1	3	1		0455d0302ac12a29ab87091cab5e3e557416f6301e89fb122eef8d49cd5644ec
NA06994	CEPH	1	0	2	1		0455d0302ac12a29ab87091cab5e3e557416f6301e89fb122eef8d49cd5644ec
NA06995	CEPH	1	0	2	1		0455d0302ac12a29ab87091cab5e3e557416f6301e89fb122eef8d49cd5644ec
NA06997	CEPH	1	1	3	1		0455d0302ac12a29ab87091cab5e3e557416f6301e89fb122eef8d49cd5644ec
NA07000	CEPH	1	0	2	1		0455d0302ac12a29ab87091cab5e3e557416f6301e89fb122eef8d49cd5644ec
NA07014	CEPH	1	1	3	1		0455d0302ac12a29ab87091cab5e3e557416f6301e89fb122eef8d49cd5644ec
NA07019	CEPH	1	0	2	1		0455d0302ac12a29ab87091cab5e3e557416f6301e89fb122eef8d49cd5644ec
NA07022	CEPH	1	0	2	1		0455d0302ac12a29ab87091cab5e3e557416f6301e89fb122eef8d49cd5644ec
NA07029	CEPH	1	0	2	1		0455d0302ac12a29ab87091cab5e3e557416f6301e89fb122eef8d49cd5644ec
NA07031	CEPH	1	0	2	1		0455d0302ac12a29ab87091cab5e3e557416f6301e89fb122eef8d49cd5644ec
NA07034	CEPH	1	1	3	1		0455d0302ac12a29ab87091cab5e3e557416f6301e89fb122eef8d49cd5644ec
NA07037	CEPH	1	1	3	1		0455d0302ac12a29ab87091cab5e3e557416f6301e89fb122eef8d49cd5644ec
NA07045	CEPH	1	1	3	1		0455d0302ac12a29ab87091cab5e3e557416f6301e89fb122eef8d49cd5644ec
NA07048	CEPH	1	1	3	1		0455d0302ac12a29ab87091cab5e3e557416f6301e89fb122eef8d49cd5644ec
NA07051	CEPH	1	0	2	1		0455d0302ac12a29ab87091cab5e3e557416f6301e89fb122eef8d49cd5644ec
NA07055	CEPH	1	1	3	1		0455d0302ac12a29ab87091cab5e3e557416f6301e89fb122eef8d49cd5644ec
NA07056	CEPH	1	0	2	1		0455d0302ac12a29ab87091cab5e3e557416f6301e89fb122eef8d49cd5644ec
NA07340	CEPH	1	1	3	1		0455d0302ac12a29ab87091cab5e3e557416f6301e89fb122eef8d49cd5644ec
NA07345	CEPH	1	1	3	1		0455d0302ac12a29ab87091cab5e3e557416f6301e89fb122eef8d49cd5644ec
NA07346	CEPH	1	1	3	1		0455d0302ac12a29ab87091cab5e3e557416f6301e89fb122eef8d49cd5644ec
NA07347	CEPH	1	1	3	1		0455d0302ac12a29ab87091cab5e3e557416f6301e89fb122eef8d49cd5644ec
NA07348	CEPH	1	1	3	1		0455d0302ac12a29ab87091cab5e3e557416f6301e89fb122eef8d49cd5644ec
NA07349	CEPH	1	1	3	1		0455d0302ac12a29ab87091cab5e3e557416f6301e89fb122eef8d49cd5644ec
NA07357	CEPH	1	0	2	1		0455d0302ac12a29ab87091cab5e3e557416f6301e89fb122eef8d49cd5644ec
NA07435	CEPH	1	0	2	1		0455d0302ac12a29ab87091cab5e3e557416f6301e89fb122eef8d49cd5644ec
NA10830	CEPH	1	1	3	1		0455d0302ac12a29ab87091cab5e3e557416f6301e89fb122eef8d49cd5644ec
NA10831	CEPH	1	1	3	1		0455d0302ac12a29ab87091cab5e3e557416f6301e89fb122eef8d49cd5644ec
NA10835	CEPH	1	1	3	1		0455d0302ac12a29ab87091cab5e3e557416f6301e89fb122eef8d49cd5644ec
NA10836	CEPH	1	1	3	1		0455d0302ac12a29ab87091cab5e3e557416f6301e89fb122eef8d49cd5644ec
NA10837	CEPH	1	0	2	1		0455d0302ac12a29ab87091cab5e3e557416f6301e89fb122eef8d49cd5644ec
NA10838	CEPH	1	0	2	1		0455d0302ac12a29ab87091cab5e3e557416f6301e89fb122eef8d49cd5644ec
NA10839	CEPH	1	0	2	1		0455d0302ac12a29ab87091cab5e3e557416f6301e89fb122eef8d49cd5644ec
NA10840	CEPH	1	1	3	1		0455d0302ac12a29ab87091cab5e3e557416f6301e89fb122eef8d49cd5644ec
NA10842	CEPH	1	0	2	1		0455d0302ac12a29ab87091cab5e3e557416f6301e89fb122eef8d49cd5644ec
NA10843	CEPH	1	0	2	1		0455d0302ac12a29ab87091cab5e3e557416f6301e89fb122eef8d49cd5644ec
NA10845	CEPH	1	1	3	1		0455d0302ac12a29ab87091cab5e3e557416f6301e89fb122eef8d49cd5644ec
NA10846	CEPH	1	1	3	1		0455d0302ac12a29ab87091cab5e3e557416f6301e89fb122eef8d49cd5644ec
NA10847	CEPH	1	1	3	1		0455d0302ac12a29ab87091cab5e3e557416f6301e89fb122eef8d49cd5644ec
NA10850	CEPH	1	1	3	1		0455d0302ac12a29ab87091cab5e3e557416f6301e89fb122eef8d49cd5644ec
NA10851	CEPH	1	1	3	1		0455d0302ac12a29ab87091cab5e3e557416f6301e89fb122eef8d49cd5644ec
NA10852	CEPH	1	1	3	1		0455d0302ac12a29ab87091cab5e3e557416f6301e89fb122eef8d49cd5644ec
NA10853	CEPH	1	1	3	1		0455d0302ac12a29ab87091cab5e3e557416f6301e89fb122eef8d49cd5644ec
NA10854	CEPH	1	1	3	1		0455d0302ac12a29ab87091cab5e3e557416f6301e89fb122eef8d49cd5644ec
NA10855	CEPH	1	0	2	1		0455d0302ac12a29ab87091cab5e3e557416f6301e89fb122eef8d49cd5644ec
NA10856	CEPH	1	1	3	1		0455d0302ac12a29ab87091cab5e3e557416f6301e89fb122eef8d49cd5644ec
NA10857	CEPH	1	1	3	1		0455d0302ac12a29ab87091cab5e3e557416f6301e89fb122eef8d49cd5644ec
NA10859	CEPH	1	1	3	1		0455d0302ac12a29ab87091cab5e3e557416f6301e89fb122eef8d49cd5644ec
NA10860	CEPH	1	1	3	1		0455d0302ac12a29ab87091cab5e3e557416f6301e89fb122eef8d49cd5644ec
NA10861	CEPH	1	1	3	1		0455d0302ac12a29ab87091cab5e3e557416f6301e89fb122eef8d49cd5644ec
NA10863	CEPH	1	0	1	1		0455d0302ac12a29ab87091cab5e3e557416f6301e89fb122eef8d49cd5644ec
NA10864	CEPH	1	1	3	1		0455d0302ac12a29ab87091cab5e3e557416f6301e89fb122eef8d49cd5644ec
NA10865	CEPH	1	1	3	1		0455d0302ac12a29ab87091cab5e3e557416f6301e89fb122eef8d49cd5644ec
NA11829	CEPH	1	0	2	1		0455d0302ac12a29ab87091cab5e3e557416f6301e89fb122eef8d49cd5644ec
NA11830	CEPH	1	1	3	1		0455d0302ac12a29ab87091cab5e3e557416f6301e89fb122eef8d49cd5644ec
NA11831	CEPH	1	0	2	1		0455d0302ac12a29ab87091cab5e3e557416f6301e89fb122eef8d49cd5644ec
NA11832	CEPH	1	0	2	1		0455d0302ac12a29ab87091cab5e3e557416f6301e89fb122eef8d49cd5644ec
NA11839	CEPH	1	1	3	1		0455d0302ac12a29ab87091cab5e3e557416f6301e89fb122eef8d49cd5644ec
NA11840	CEPH	1	1	3	1		0455d0302ac12a29ab87091cab5e3e557416f6301e89fb122eef8d49cd5644ec
NA11843	CEPH	1	1	3	1		0455d0302ac12a29ab87091cab5e3e557416f6301e89fb122eef8d49cd5644ec
NA11881	CEPH	1	1	3	1		0455d0302ac12a29ab87091cab5e3e557416f6301e89fb122eef8d49cd5644ec
NA11882	CEPH	1	1	3	1		0455d0302ac12a29ab87091cab5e3e557416f6301e89fb122eef8d49cd5644ec
NA11891	CEPH	1	1	3	1		0455d0302ac12a29ab87091cab5e3e557416f6301e89fb122eef8d49cd5644ec
NA11892	CEPH	1	0	2	1		0455d0302ac12a29ab87091cab5e3e557416f6301e89fb122eef8d49cd5644ec
NA11893	CEPH	1	0	2	1		0455d0302ac12a29ab87091cab5e3e557416f6301e89fb122eef8d49cd5644ec
NA11894	CEPH	1	0	2	1		0455d0302ac12a29ab87091cab5e3e557416f6301e89fb122eef8d49cd5644ec
NA11917	CEPH	1	0	2	1		0455d0302ac12a29ab87091cab5e3e557416f6301e89fb122eef8d49cd5644ec
NA11918	CEPH	1	0	2	1		0455d0302ac12a29ab87091cab5e3e557416f6301e89fb122eef8d49cd5644ec
NA11919	CEPH	1	1	3	1		0455d0302ac12a29ab87091cab5e3e557416f6301e89fb122eef8d49cd5644ec
NA11920	CEPH	1	0	2	1		0455d0302ac12a29ab87091cab5e3e557416f6301e89fb122eef8d49cd5644ec
NA11930	CEPH	1	1	3	1		0455d0302ac12a29ab87091cab5e3e557416f6301e89fb122eef8d49cd5644ec
NA11931	CEPH	1	1	3	1		0455d0302ac12a29ab87091cab5e3e557416f6301e89fb122eef8d49cd5644ec
NA11992	CEPH	1	1	3	1		0455d0302ac12a29ab87091cab5e3e557416f6301e89fb122eef8d49cd5644ec
NA11993	CEPH	1	1	3	1		0455d0302ac12a29ab87091cab5e3e557416f6301e89fb122eef8d49cd5644ec
NA11994	CEPH	1	1	3	1		0455d0302ac12a29ab87091cab5e3e557416f6301e89fb122eef8d49cd5644ec
NA11995	CEPH	1	1	3	1		0455d0302ac12a29ab87091cab5e3e557416f6301e89fb122eef8d49cd5644ec
NA12003	CEPH	1	0	2	1		0455d0302ac12a29ab87091cab5e3e557416f6301e89fb122eef8d49cd5644ec
NA12004	CEPH	1	1	3	1		0455d0302ac12a29ab87091cab5e3e557416f6301e89fb122eef8d49cd5644ec
NA12005	CEPH	1	0	2	1		0455d0302ac12a29ab87091cab5e3e557416f6301e89fb122eef8d49cd5644ec
NA12006	CEPH	1	0	2	1		0455d0302ac12a29ab87091cab5e3e557416f6301e89fb122eef8d49cd5644ec
NA12043	CEPH	1	1	3	1		0455d0302ac12a29ab87091cab5e3e557416f6301e89fb122eef8d49cd5644ec
NA12044	CEPH	1	1	3	1		0455d0302ac12a29ab87091cab5e3e557416f6301e89fb122eef8d49cd5644ec
NA12045	CEPH	1	1	3	1		0455d0302ac12a29ab87091cab5e3e557416f6301e89fb122eef8d49cd5644ec
NA12046	CEPH	1	1	3	1		0455d0302ac12a29ab87091cab5e3e557416f6301e89fb122eef8d49cd5644ec
NA12056	CEPH	1	1	3	1		0455d0302ac12a29ab87091cab5e3e557416f6301e89fb122eef8d49cd5644ec
NA12057	CEPH	1	1	3	1		0455d0302ac12a29ab87091cab5e3e557416f6301e89fb122eef8d49cd5644ec
NA12058	CEPH	1	1	3	1		0455d0302ac12a29ab87091cab5e3e557416f6301e89fb122eef8d49cd5644ec
NA12096	CEPH	1	1	3	1		0455d0302ac12a29ab87091cab5e3e557416f6301e89fb122eef8d49cd5644ec
NA12097	CEPH	1	1	3	1		0455d0302ac12a29ab87091cab5e3e557416f6301e89fb122eef8d49cd5644ec
NA12144	CEPH	1	0	2	1		0455d0302ac12a29ab87091cab5e3e557416f6301e89fb122eef8d49cd5644ec
NA12145	CEPH	1	0	2	1		0455d0302ac12a29ab87091cab5e3e557416f6301e89fb122eef8d49cd5644ec
NA12146	CEPH	1	1	3	1		0455d0302ac12a29ab87091cab5e3e557416f6301e89fb122eef8d49cd5644ec
NA12154	CEPH	1	1	3	1		0455d0302ac12a29ab87091cab5e3e557416f6301e89fb122eef8d49cd5644ec
NA12155	CEPH	1	1	3	1		0455d0302ac12a29ab87091cab5e3e557416f6301e89fb122eef8d49cd5644ec
NA12156	CEPH	1	1	3	1		0455d0302ac12a29ab87091cab5e3e557416f6301e89fb122eef8d49cd5644ec
NA12234	CEPH	1	0	2	1		0455d0302ac12a29ab87091cab5e3e557416f6301e89fb122eef8d49cd5644ec
NA12236	CEPH	1	1	3	1		0455d0302ac12a29ab87091cab5e3e557416f6301e89fb122eef8d49cd5644ec
NA12239	CEPH	1	0	2	1		0455d0302ac12a29ab87091cab5e3e557416f6301e89fb122eef8d49cd5644ec
NA12248	CEPH	1	1	3	1		0455d0302ac12a29ab87091cab5e3e557416f6301e89fb122eef8d49cd5644ec
NA12249	CEPH	1	0	2	1		0455d0302ac12a29ab87091cab5e3e557416f6301e89fb122eef8d49cd5644ec
NA12264	CEPH	1	0	2	1		0455d0302ac12a29ab87091cab5e3e557416f6301e89fb122eef8d49cd5644ec
NA12272	CEPH	1	1	3	1		0455d0302ac12a29ab87091cab5e3e557416f6301e89fb122eef8d49cd5644ec
NA12273	CEPH	1	0	2	1		0455d0302ac12a29ab87091cab5e3e557416f6301e89fb122eef8d49cd5644ec
NA12274	CEPH	1	0	2	1		0455d0302ac12a29ab87091cab5e3e557416f6301e89fb122eef8d49cd5644ec
NA12275	CEPH	1	1	3	1		0455d0302ac12a29ab87091cab5e3e557416f6301e89fb122eef8d49cd5644ec
NA12282	CEPH	1	1	3	1		0455d0302ac12a29ab87091cab5e3e557416f6301e89fb122eef8d49cd5644ec
NA12283	CEPH	1	0	2	1		0455d0302ac12a29ab87091cab5e3e557416f6301e89fb122eef8d49cd5644ec
NA12286	CEPH	1	1	3	1		0455d0302ac12a29ab87091cab5e3e557416f6301e89fb122eef8d49cd5644ec
NA12287	CEPH	1	0	2	1		0455d0302ac12a29ab87091cab5e3e557416f6301e89fb122eef8d49cd5644ec
NA17962	CHD	0	0	0	1	unresolved_or_ambiguous	0455d0302ac12a29ab87091cab5e3e557416f6301e89fb122eef8d49cd5644ec
NA17965	CHD	0	0	0	1	unresolved_or_ambiguous	0455d0302ac12a29ab87091cab5e3e557416f6301e89fb122eef8d49cd5644ec
NA17966	CHD	0	0	0	1	unresolved_or_ambiguous	0455d0302ac12a29ab87091cab5e3e557416f6301e89fb122eef8d49cd5644ec
NA17967	CHD	1	0	1	1		0455d0302ac12a29ab87091cab5e3e557416f6301e89fb122eef8d49cd5644ec
NA17968	CHD	0	0	0	1	unresolved_or_ambiguous	0455d0302ac12a29ab87091cab5e3e557416f6301e89fb122eef8d49cd5644ec
NA17969	CHD	1	0	1	1		0455d0302ac12a29ab87091cab5e3e557416f6301e89fb122eef8d49cd5644ec
NA17970	CHD	0	0	0	1	unresolved_or_ambiguous	0455d0302ac12a29ab87091cab5e3e557416f6301e89fb122eef8d49cd5644ec
NA17971	CHD	0	0	0	1	unresolved_or_ambiguous	0455d0302ac12a29ab87091cab5e3e557416f6301e89fb122eef8d49cd5644ec
NA17972	CHD	1	0	1	1		0455d0302ac12a29ab87091cab5e3e557416f6301e89fb122eef8d49cd5644ec
NA17973	CHD	0	0	0	1	unresolved_or_ambiguous	0455d0302ac12a29ab87091cab5e3e557416f6301e89fb122eef8d49cd5644ec
NA17974	CHD	0	0	0	1	unresolved_or_ambiguous	0455d0302ac12a29ab87091cab5e3e557416f6301e89fb122eef8d49cd5644ec
NA17975	CHD	0	0	0	1	unresolved_or_ambiguous	0455d0302ac12a29ab87091cab5e3e557416f6301e89fb122eef8d49cd5644ec
NA17976	CHD	1	0	1	1		0455d0302ac12a29ab87091cab5e3e557416f6301e89fb122eef8d49cd5644ec
NA17977	CHD	1	0	1	1		0455d0302ac12a29ab87091cab5e3e557416f6301e89fb122eef8d49cd5644ec
NA17979	CHD	1	0	1	1		0455d0302ac12a29ab87091cab5e3e557416f6301e89fb122eef8d49cd5644ec
NA17980	CHD	1	0	1	1		0455d0302ac12a29ab87091cab5e3e557416f6301e89fb122eef8d49cd5644ec
NA17981	CHD	0	0	0	1	unresolved_or_ambiguous	0455d0302ac12a29ab87091cab5e3e557416f6301e89fb122eef8d49cd5644ec
NA17982	CHD	1	0	1	1		0455d0302ac12a29ab87091cab5e3e557416f6301e89fb122eef8d49cd5644ec
NA17983	CHD	0	0	0	1	unresolved_or_ambiguous	0455d0302ac12a29ab87091cab5e3e557416f6301e89fb122eef8d49cd5644ec
NA17986	CHD	0	0	0	1	unresolved_or_ambiguous	0455d0302ac12a29ab87091cab5e3e557416f6301e89fb122eef8d49cd5644ec
NA17987	CHD	0	0	0	1	unresolved_or_ambiguous	0455d0302ac12a29ab87091cab5e3e557416f6301e89fb122eef8d49cd5644ec
NA17988	CHD	0	0	0	1	unresolved_or_ambiguous	0455d0302ac12a29ab87091cab5e3e557416f6301e89fb122eef8d49cd5644ec
NA17989	CHD	0	0	0	1	unresolved_or_ambiguous	0455d0302ac12a29ab87091cab5e3e557416f6301e89fb122eef8d49cd5644ec
NA17990	CHD	0	0	0	1	unresolved_or_ambiguous	0455d0302ac12a29ab87091cab5e3e557416f6301e89fb122eef8d49cd5644ec
NA17992	CHD	1	0	1	1		0455d0302ac12a29ab87091cab5e3e557416f6301e89fb122eef8d49cd5644ec
NA17993	CHD	0	0	0	1	unresolved_or_ambiguous	0455d0302ac12a29ab87091cab5e3e557416f6301e89fb122eef8d49cd5644ec
NA17995	CHD	1	0	1	1		0455d0302ac12a29ab87091cab5e3e557416f6301e89fb122eef8d49cd5644ec
NA17996	CHD	0	0	0	1	unresolved_or_ambiguous	0455d0302ac12a29ab87091cab5e3e557416f6301e89fb122eef8d49cd5644ec
NA17997	CHD	0	0	0	1	unresolved_or_ambiguous	0455d0302ac12a29ab87091cab5e3e557416f6301e89fb122eef8d49cd5644ec
NA17998	CHD	0	0	0	1	unresolved_or_ambiguous	0455d0302ac12a29ab87091cab5e3e557416f6301e89fb122eef8d49cd5644ec
NA17999	CHD	0	0	0	1	unresolved_or_ambiguous	0455d0302ac12a29ab87091cab5e3e557416f6301e89fb122eef8d49cd5644ec
NA18101	CHD	0	0	0	1	unresolved_or_ambiguous	0455d0302ac12a29ab87091cab5e3e557416f6301e89fb122eef8d49cd5644ec
NA18102	CHD	0	0	0	1	unresolved_or_ambiguous	0455d0302ac12a29ab87091cab5e3e557416f6301e89fb122eef8d49cd5644ec
NA18103	CHD	0	0	0	1	unresolved_or_ambiguous	0455d0302ac12a29ab87091cab5e3e557416f6301e89fb122eef8d49cd5644ec
NA18105	CHD	0	0	0	1	unresolved_or_ambiguous	0455d0302ac12a29ab87091cab5e3e557416f6301e89fb122eef8d49cd5644ec
NA18106	CHD	0	0	0	1	unresolved_or_ambiguous	0455d0302ac12a29ab87091cab5e3e557416f6301e89fb122eef8d49cd5644ec
NA18107	CHD	1	0	1	1		0455d0302ac12a29ab87091cab5e3e557416f6301e89fb122eef8d49cd5644ec
NA18108	CHD	0	0	0	1	unresolved_or_ambiguous	0455d0302ac12a29ab87091cab5e3e557416f6301e89fb122eef8d49cd5644ec
NA18109	CHD	0	0	0	1	unresolved_or_ambiguous	0455d0302ac12a29ab87091cab5e3e557416f6301e89fb122eef8d49cd5644ec
NA18112	CHD	1	0	1	1		0455d0302ac12a29ab87091cab5e3e557416f6301e89fb122eef8d49cd5644ec
NA18114	CHD	0	0	0	1	unresolved_or_ambiguous	0455d0302ac12a29ab87091cab5e3e557416f6301e89fb122eef8d49cd5644ec
NA18117	CHD	0	0	0	1	unresolved_or_ambiguous	0455d0302ac12a29ab87091cab5e3e557416f6301e89fb122eef8d49cd5644ec
NA18118	CHD	1	0	1	1		0455d0302ac12a29ab87091cab5e3e557416f6301e89fb122eef8d49cd5644ec
NA18120	CHD	0	0	0	1	unresolved_or_ambiguous	0455d0302ac12a29ab87091cab5e3e557416f6301e89fb122eef8d49cd5644ec
NA18122	CHD	1	0	1	1		0455d0302ac12a29ab87091cab5e3e557416f6301e89fb122eef8d49cd5644ec
NA18124	CHD	0	0	0	1	unresolved_or_ambiguous	0455d0302ac12a29ab87091cab5e3e557416f6301e89fb122eef8d49cd5644ec
NA18125	CHD	0	0	0	1	unresolved_or_ambiguous	0455d0302ac12a29ab87091cab5e3e557416f6301e89fb122eef8d49cd5644ec
NA18127	CHD	1	0	1	1		0455d0302ac12a29ab87091cab5e3e557416f6301e89fb122eef8d49cd5644ec
NA18128	CHD	0	0	0	1	unresolved_or_ambiguous	0455d0302ac12a29ab87091cab5e3e557416f6301e89fb122eef8d49cd5644ec
NA18129	CHD	0	0	0	1	unresolved_or_ambiguous	0455d0302ac12a29ab87091cab5e3e557416f6301e89fb122eef8d49cd5644ec
NA18131	CHD	0	0	0	1	unresolved_or_ambiguous	0455d0302ac12a29ab87091cab5e3e557416f6301e89fb122eef8d49cd5644ec
NA18132	CHD	0	0	0	1	unresolved_or_ambiguous	0455d0302ac12a29ab87091cab5e3e557416f6301e89fb122eef8d49cd5644ec
NA18133	CHD	0	0	0	1	unresolved_or_ambiguous	0455d0302ac12a29ab87091cab5e3e557416f6301e89fb122eef8d49cd5644ec
NA18134	CHD	1	0	1	1		0455d0302ac12a29ab87091cab5e3e557416f6301e89fb122eef8d49cd5644ec
NA18135	CHD	0	0	0	1	unresolved_or_ambiguous	0455d0302ac12a29ab87091cab5e3e557416f6301e89fb122eef8d49cd5644ec
NA18136	CHD	1	0	1	1		0455d0302ac12a29ab87091cab5e3e557416f6301e89fb122eef8d49cd5644ec
NA18138	CHD	0	0	0	1	unresolved_or_ambiguous	0455d0302ac12a29ab87091cab5e3e557416f6301e89fb122eef8d49cd5644ec
NA18139	CHD	0	0	0	1	unresolved_or_ambiguous	0455d0302ac12a29ab87091cab5e3e557416f6301e89fb122eef8d49cd5644ec
NA18140	CHD	0	0	0	1	unresolved_or_ambiguous	0455d0302ac12a29ab87091cab5e3e557416f6301e89fb122eef8d49cd5644ec
NA18141	CHD	0	0	0	1	unresolved_or_ambiguous	0455d0302ac12a29ab87091cab5e3e557416f6301e89fb122eef8d49cd5644ec
NA18143	CHD	0	0	0	1	unresolved_or_ambiguous	0455d0302ac12a29ab87091cab5e3e557416f6301e89fb122eef8d49cd5644ec
NA18144	CHD	0	0	0	1	unresolved_or_ambiguous	0455d0302ac12a29ab87091cab5e3e557416f6301e89fb122eef8d49cd5644ec
NA18146	CHD	0	0	0	1	unresolved_or_ambiguous	0455d0302ac12a29ab87091cab5e3e557416f6301e89fb122eef8d49cd5644ec
NA18147	CHD	1	0	1	1		0455d0302ac12a29ab87091cab5e3e557416f6301e89fb122eef8d49cd5644ec
NA18148	CHD	0	0	0	1	unresolved_or_ambiguous	0455d0302ac12a29ab87091cab5e3e557416f6301e89fb122eef8d49cd5644ec
NA18149	CHD	0	0	0	1	unresolved_or_ambiguous	0455d0302ac12a29ab87091cab5e3e557416f6301e89fb122eef8d49cd5644ec
NA18150	CHD	0	0	0	1	unresolved_or_ambiguous	0455d0302ac12a29ab87091cab5e3e557416f6301e89fb122eef8d49cd5644ec
NA18151	CHD	0	0	0	1	unresolved_or_ambiguous	0455d0302ac12a29ab87091cab5e3e557416f6301e89fb122eef8d49cd5644ec
NA18152	CHD	0	0	0	1	unresolved_or_ambiguous	0455d0302ac12a29ab87091cab5e3e557416f6301e89fb122eef8d49cd5644ec
NA18153	CHD	0	0	0	1	unresolved_or_ambiguous	0455d0302ac12a29ab87091cab5e3e557416f6301e89fb122eef8d49cd5644ec
NA18154	CHD	0	0	0	1	unresolved_or_ambiguous	0455d0302ac12a29ab87091cab5e3e557416f6301e89fb122eef8d49cd5644ec
NA18155	CHD	0	0	0	1	unresolved_or_ambiguous	0455d0302ac12a29ab87091cab5e3e557416f6301e89fb122eef8d49cd5644ec
NA18156	CHD	0	0	0	1	unresolved_or_ambiguous	0455d0302ac12a29ab87091cab5e3e557416f6301e89fb122eef8d49cd5644ec
NA18157	CHD	0	0	0	1	unresolved_or_ambiguous	0455d0302ac12a29ab87091cab5e3e557416f6301e89fb122eef8d49cd5644ec
NA18158	CHD	1	0	1	1		0455d0302ac12a29ab87091cab5e3e557416f6301e89fb122eef8d49cd5644ec
NA18159	CHD	0	0	0	1	unresolved_or_ambiguous	0455d0302ac12a29ab87091cab5e3e557416f6301e89fb122eef8d49cd5644ec
NA18160	CHD	0	0	0	1	unresolved_or_ambiguous	0455d0302ac12a29ab87091cab5e3e557416f6301e89fb122eef8d49cd5644ec
NA18161	CHD	0	0	0	1	unresolved_or_ambiguous	0455d0302ac12a29ab87091cab5e3e557416f6301e89fb122eef8d49cd5644ec
NA18162	CHD	0	0	0	1	unresolved_or_ambiguous	0455d0302ac12a29ab87091cab5e3e557416f6301e89fb122eef8d49cd5644ec
NA18163	CHD	0	0	0	1	unresolved_or_ambiguous	0455d0302ac12a29ab87091cab5e3e557416f6301e89fb122eef8d49cd5644ec
NA18166	CHD	0	0	0	1	unresolved_or_ambiguous	0455d0302ac12a29ab87091cab5e3e557416f6301e89fb122eef8d49cd5644ec
NA18500	YRI	1	1	3	1		0455d0302ac12a29ab87091cab5e3e557416f6301e89fb122eef8d49cd5644ec
NA18501	YRI	1	1	3	1		0455d0302ac12a29ab87091cab5e3e557416f6301e89fb122eef8d49cd5644ec
NA18502	YRI	1	1	3	1		0455d0302ac12a29ab87091cab5e3e557416f6301e89fb122eef8d49cd5644ec
NA18503	YRI	1	1	3	1		0455d0302ac12a29ab87091cab5e3e557416f6301e89fb122eef8d49cd5644ec
NA18504	YRI	1	1	3	1		0455d0302ac12a29ab87091cab5e3e557416f6301e89fb122eef8d49cd5644ec
NA18505	YRI	1	1	3	1		0455d0302ac12a29ab87091cab5e3e557416f6301e89fb122eef8d49cd5644ec
NA18506	YRI	1	1	3	1		0455d0302ac12a29ab87091cab5e3e557416f6301e89fb122eef8d49cd5644ec
NA18507	YRI	1	1	3	1		0455d0302ac12a29ab87091cab5e3e557416f6301e89fb122eef8d49cd5644ec
NA18508	YRI	1	1	3	1		0455d0302ac12a29ab87091cab5e3e557416f6301e89fb122eef8d49cd5644ec
NA18515	YRI	1	1	3	1		0455d0302ac12a29ab87091cab5e3e557416f6301e89fb122eef8d49cd5644ec
NA18516	YRI	1	1	3	1		0455d0302ac12a29ab87091cab5e3e557416f6301e89fb122eef8d49cd5644ec
NA18517	YRI	1	1	3	1		0455d0302ac12a29ab87091cab5e3e557416f6301e89fb122eef8d49cd5644ec
NA18521	YRI	1	1	3	1		0455d0302ac12a29ab87091cab5e3e557416f6301e89fb122eef8d49cd5644ec
NA18522	YRI	1	1	3	1		0455d0302ac12a29ab87091cab5e3e557416f6301e89fb122eef8d49cd5644ec
NA18523	YRI	1	1	3	1		0455d0302ac12a29ab87091cab5e3e557416f6301e89fb122eef8d49cd5644ec
NA18524	CHB+JPT	1	1	3	1		0455d0302ac12a29ab87091cab5e3e557416f6301e89fb122eef8d49cd5644ec
NA18526	CHB+JPT	1	1	3	1		0455d0302ac12a29ab87091cab5e3e557416f6301e89fb122eef8d49cd5644ec
NA18529	CHB+JPT	1	1	3	1		0455d0302ac12a29ab87091cab5e3e557416f6301e89fb122eef8d49cd5644ec
NA18530	CHB+JPT	0	0	0	1	unresolved_or_ambiguous	0455d0302ac12a29ab87091cab5e3e557416f6301e89fb122eef8d49cd5644ec
NA18532	CHB+JPT	1	1	3	1		0455d0302ac12a29ab87091cab5e3e557416f6301e89fb122eef8d49cd5644ec
NA18534	CHB+JPT	0	0	0	1	unresolved_or_ambiguous	0455d0302ac12a29ab87091cab5e3e557416f6301e89fb122eef8d49cd5644ec
NA18536	CHB+JPT	0	0	0	1	unresolved_or_ambiguous	0455d0302ac12a29ab87091cab5e3e557416f6301e89fb122eef8d49cd5644ec
NA18537	CHB+JPT	1	1	3	1		0455d0302ac12a29ab87091cab5e3e557416f6301e89fb122eef8d49cd5644ec
NA18540	CHB+JPT	1	1	3	1		0455d0302ac12a29ab87091cab5e3e557416f6301e89fb122eef8d49cd5644ec
NA18542	CHB+JPT	1	1	3	1		0455d0302ac12a29ab87091cab5e3e557416f6301e89fb122eef8d49cd5644ec
NA18543	CHB+JPT	0	0	0	1	unresolved_or_ambiguous	0455d0302ac12a29ab87091cab5e3e557416f6301e89fb122eef8d49cd5644ec
NA18544	CHB+JPT	0	0	0	1	unresolved_or_ambiguous	0455d0302ac12a29ab87091cab5e3e557416f6301e89fb122eef8d49cd5644ec
NA18545	CHB+JPT	1	1	3	1		0455d0302ac12a29ab87091cab5e3e557416f6301e89fb122eef8d49cd5644ec
NA18546	CHB+JPT	1	0	1	1		0455d0302ac12a29ab87091cab5e3e557416f6301e89fb122eef8d49cd5644ec
NA18547	CHB+JPT	1	1	3	1		0455d0302ac12a29ab87091cab5e3e557416f6301e89fb122eef8d49cd5644ec
NA18548	CHB+JPT	0	0	0	1	unresolved_or_ambiguous	0455d0302ac12a29ab87091cab5e3e557416f6301e89fb122eef8d49cd5644ec
NA18549	CHB+JPT	1	0	1	1		0455d0302ac12a29ab87091cab5e3e557416f6301e89fb122eef8d49cd5644ec
NA18550	CHB+JPT	1	1	3	1		0455d0302ac12a29ab87091cab5e3e557416f6301e89fb122eef8d49cd5644ec
NA18552	CHB+JPT	1	1	3	1		0455d0302ac12a29ab87091cab5e3e557416f6301e89fb122eef8d49cd5644ec
NA18555	CHB+JPT	1	1	3	1		0455d0302ac12a29ab87091cab5e3e557416f6301e89fb122eef8d49cd5644ec
NA18557	CHB+JPT	0	0	0	1	unresolved_or_ambiguous	0455d0302ac12a29ab87091cab5e3e557416f6301e89fb122eef8d49cd5644ec
NA18558	CHB+JPT	1	1	3	1		0455d0302ac12a29ab87091cab5e3e557416f6301e89fb122eef8d49cd5644ec
NA18559	CHB+JPT	1	0	1	1		0455d0302ac12a29ab87091cab5e3e557416f6301e89fb122eef8d49cd5644ec
NA18561	CHB+JPT	1	1	3	1		0455d0302ac12a29ab87091cab5e3e557416f6301e89fb122eef8d49cd5644ec
NA18562	CHB+JPT	1	1	3	1		0455d0302ac12a29ab87091cab5e3e557416f6301e89fb122eef8d49cd5644ec
NA18563	CHB+JPT	1	1	3	1		0455d0302ac12a29ab87091cab5e3e557416f6301e89fb122eef8d49cd5644ec
NA18564	CHB+JPT	1	1	3	1		0455d0302ac12a29ab87091cab5e3e557416f6301e89fb122eef8d49cd5644ec
NA18566	CHB+JPT	1	1	3	1		0455d0302ac12a29ab87091cab5e3e557416f6301e89fb122eef8d49cd5644ec
NA18570	CHB+JPT	1	1	3	1		0455d0302ac12a29ab87091cab5e3e557416f6301e89fb122eef8d49cd5644ec
NA18571	CHB+JPT	1	1	3	1		0455d0302ac12a29ab87091cab5e3e557416f6301e89fb122eef8d49cd5644ec
NA18572	CHB+JPT	1	1	3	1		0455d0302ac12a29ab87091cab5e3e557416f6301e89fb122eef8d49cd5644ec
NA18573	CHB+JPT	1	1	3	1		0455d0302ac12a29ab87091cab5e3e557416f6301e89fb122eef8d49cd5644ec
NA18576	CHB+JPT	1	1	3	1		0455d0302ac12a29ab87091cab5e3e557416f6301e89fb122eef8d49cd5644ec
NA18577	CHB+JPT	1	1	3	2		0455d0302ac12a29ab87091cab5e3e557416f6301e89fb122eef8d49cd5644ec
NA18579	CHB+JPT	1	1	3	2		0455d0302ac12a29ab87091cab5e3e557416f6301e89fb122eef8d49cd5644ec
NA18582	CHB+JPT	1	1	3	1		0455d0302ac12a29ab87091cab5e3e557416f6301e89fb122eef8d49cd5644ec
NA18592	CHB+JPT	1	1	3	1		0455d0302ac12a29ab87091cab5e3e557416f6301e89fb122eef8d49cd5644ec
NA18593	CHB+JPT	1	1	3	1		0455d0302ac12a29ab87091cab5e3e557416f6301e89fb122eef8d49cd5644ec
NA18594	CHB+JPT	1	1	3	1		0455d0302ac12a29ab87091cab5e3e557416f6301e89fb122eef8d49cd5644ec
NA18595	CHB+JPT	0	0	0	1	unresolved_or_ambiguous	0455d0302ac12a29ab87091cab5e3e557416f6301e89fb122eef8d49cd5644ec
NA18596	CHB+JPT	0	0	0	1	unresolved_or_ambiguous	0455d0302ac12a29ab87091cab5e3e557416f6301e89fb122eef8d49cd5644ec
NA18597	CHB+JPT	0	0	0	1	unresolved_or_ambiguous	0455d0302ac12a29ab87091cab5e3e557416f6301e89fb122eef8d49cd5644ec
NA18599	CHB+JPT	0	0	0	1	unresolved_or_ambiguous	0455d0302ac12a29ab87091cab5e3e557416f6301e89fb122eef8d49cd5644ec
NA18602	CHB+JPT	0	0	0	1	unresolved_or_ambiguous	0455d0302ac12a29ab87091cab5e3e557416f6301e89fb122eef8d49cd5644ec
NA18603	CHB+JPT	1	1	3	1		0455d0302ac12a29ab87091cab5e3e557416f6301e89fb122eef8d49cd5644ec
NA18605	CHB+JPT	1	1	3	1		0455d0302ac12a29ab87091cab5e3e557416f6301e89fb122eef8d49cd5644ec
NA18606	CHB+JPT	0	0	0	1	unresolved_or_ambiguous	0455d0302ac12a29ab87091cab5e3e557416f6301e89fb122eef8d49cd5644ec
NA18608	CHB+JPT	1	1	3	1		0455d0302ac12a29ab87091cab5e3e557416f6301e89fb122eef8d49cd5644ec
NA18609	CHB+JPT	1	1	3	1		0455d0302ac12a29ab87091cab5e3e557416f6301e89fb122eef8d49cd5644ec
NA18610	CHB+JPT	0	0	0	1	unresolved_or_ambiguous	0455d0302ac12a29ab87091cab5e3e557416f6301e89fb122eef8d49cd5644ec
NA18611	CHB+JPT	1	1	3	1		0455d0302ac12a29ab87091cab5e3e557416f6301e89fb122eef8d49cd5644ec
NA18612	CHB+JPT	1	0	1	2		0455d0302ac12a29ab87091cab5e3e557416f6301e89fb122eef8d49cd5644ec
NA18613	CHB+JPT	1	0	1	1		0455d0302ac12a29ab87091cab5e3e557416f6301e89fb122eef8d49cd5644ec
NA18614	CHB+JPT	0	0	0	1	unresolved_or_ambiguous	0455d0302ac12a29ab87091cab5e3e557416f6301e89fb122eef8d49cd5644ec
NA18615	CHB+JPT	0	0	0	1	unresolved_or_ambiguous	0455d0302ac12a29ab87091cab5e3e557416f6301e89fb122eef8d49cd5644ec
NA18616	CHB+JPT	0	0	0	1	unresolved_or_ambiguous	0455d0302ac12a29ab87091cab5e3e557416f6301e89fb122eef8d49cd5644ec
NA18617	CHB+JPT	0	0	0	1	unresolved_or_ambiguous	0455d0302ac12a29ab87091cab5e3e557416f6301e89fb122eef8d49cd5644ec
NA18618	CHB+JPT	0	0	0	1	unresolved_or_ambiguous	0455d0302ac12a29ab87091cab5e3e557416f6301e89fb122eef8d49cd5644ec
NA18619	CHB+JPT	1	0	1	1		0455d0302ac12a29ab87091cab5e3e557416f6301e89fb122eef8d49cd5644ec
NA18620	CHB+JPT	1	1	3	1		0455d0302ac12a29ab87091cab5e3e557416f6301e89fb122eef8d49cd5644ec
NA18621	CHB+JPT	1	1	3	1		0455d0302ac12a29ab87091cab5e3e557416f6301e89fb122eef8d49cd5644ec
NA18622	CHB+JPT	1	1	3	1		0455d0302ac12a29ab87091cab5e3e557416f6301e89fb122eef8d49cd5644ec
NA18623	CHB+JPT	1	1	3	1		0455d0302ac12a29ab87091cab5e3e557416f6301e89fb122eef8d49cd5644ec
NA18624	CHB+JPT	1	1	3	1		0455d0302ac12a29ab87091cab5e3e557416f6301e89fb122eef8d49cd5644ec
NA18625	CHB+JPT	0	0	0	1	unresolved_or_ambiguous	0455d0302ac12a29ab87091cab5e3e557416f6301e89fb122eef8d49cd5644ec
NA18626	CHB+JPT	1	0	1	1		0455d0302ac12a29ab87091cab5e3e557416f6301e89fb122eef8d49cd5644ec
NA18627	CHB+JPT	0	0	0	1	unresolved_or_ambiguous	0455d0302ac12a29ab87091cab5e3e557416f6301e89fb122eef8d49cd5644ec
NA18628	CHB+JPT	0	0	0	1	unresolved_or_ambiguous	0455d0302ac12a29ab87091cab5e3e557416f6301e89fb122eef8d49cd5644ec
NA18630	CHB+JPT	0	0	0	1	unresolved_or_ambiguous	0455d0302ac12a29ab87091cab5e3e557416f6301e89fb122eef8d49cd5644ec
NA18631	CHB+JPT	0	0	0	1	unresolved_or_ambiguous	0455d0302ac12a29ab87091cab5e3e557416f6301e89fb122eef8d49cd5644ec
NA18632	CHB+JPT	1	1	3	1		0455d0302ac12a29ab87091cab5e3e557416f6301e89fb122eef8d49cd5644ec
NA18633	CHB+JPT	1	1	3	1		0455d0302ac12a29ab87091cab5e3e557416f6301e89fb122eef8d49cd5644ec
NA18634	CHB+JPT	0	0	0	1	unresolved_or_ambiguous	0455d0302ac12a29ab87091cab5e3e557416f6301e89fb122eef8d49cd5644ec
NA18635	CHB+JPT	1	1	3	1		0455d0302ac12a29ab87091cab5e3e557416f6301e89fb122eef8d49cd5644ec
NA18636	CHB+JPT	1	1	3	1		0455d0302ac12a29ab87091cab5e3e557416f6301e89fb122eef8d49cd5644ec
NA18637	CHB+JPT	1	1	3	1		0455d0302ac12a29ab87091cab5e3e557416f6301e89fb122eef8d49cd5644ec
NA18638	CHB+JPT	0	0	0	1	unresolved_or_ambiguous	0455d0302ac12a29ab87091cab5e3e557416f6301e89fb122eef8d49cd5644ec
NA18639	CHB+JPT	0	0	0	1	unresolved_or_ambiguous	0455d0302ac12a29ab87091cab5e3e557416f6301e89fb122eef8d49cd5644ec
NA18640	CHB+JPT	0	0	0	1	unresolved_or_ambiguous	0455d0302ac12a29ab87091cab5e3e557416f6301e89fb122eef8d49cd5644ec
NA18641	CHB+JPT	1	0	1	1		0455d0302ac12a29ab87091cab5e3e557416f6301e89fb122eef8d49cd5644ec
NA18642	CHB+JPT	0	0	0	1	unresolved_or_ambiguous	0455d0302ac12a29ab87091cab5e3e557416f6301e89fb122eef8d49cd5644ec
NA18643	CHB+JPT	0	0	0	1	unresolved_or_ambiguous	0455d0302ac12a29ab87091cab5e3e557416f6301e89fb122eef8d49cd5644ec
NA18645	CHB+JPT	0	0	0	1	unresolved_or_ambiguous	0455d0302ac12a29ab87091cab5e3e557416f6301e89fb122eef8d49cd5644ec
NA18647	CHB+JPT	0	0	0	1	unresolved_or_ambiguous	0455d0302ac12a29ab87091cab5e3e557416f6301e89fb122eef8d49cd5644ec
NA18670	CHD	0	0	0	1	unresolved_or_ambiguous	0455d0302ac12a29ab87091cab5e3e557416f6301e89fb122eef8d49cd5644ec
NA18674	CHD	0	0	0	1	unresolved_or_ambiguous	0455d0302ac12a29ab87091cab5e3e557416f6301e89fb122eef8d49cd5644ec
NA18682	CHD	1	0	1	1		0455d0302ac12a29ab87091cab5e3e557416f6301e89fb122eef8d49cd5644ec
NA18685	CHD	0	0	0	1	unresolved_or_ambiguous	0455d0302ac12a29ab87091cab5e3e557416f6301e89fb122eef8d49cd5644ec
NA18689	CHD	0	0	0	1	unresolved_or_ambiguous	0455d0302ac12a29ab87091cab5e3e557416f6301e89fb122eef8d49cd5644ec
NA18694	CHD	0	0	0	1	unresolved_or_ambiguous	0455d0302ac12a29ab87091cab5e3e557416f6301e89fb122eef8d49cd5644ec
NA18696	CHD	1	0	1	1		0455d0302ac12a29ab87091cab5e3e557416f6301e89fb122eef8d49cd5644ec
NA18702	CHD	1	0	1	1		0455d0302ac12a29ab87091cab5e3e557416f6301e89fb122eef8d49cd5644ec
NA18704	CHD	1	0	1	1		0455d0302ac12a29ab87091cab5e3e557416f6301e89fb122eef8d49cd5644ec
NA18740	CHB+JPT	0	0	0	1	unresolved_or_ambiguous	0455d0302ac12a29ab87091cab5e3e557416f6301e89fb122eef8d49cd5644ec
NA18745	CHB+JPT	0	0	0	1	unresolved_or_ambiguous	0455d0302ac12a29ab87091cab5e3e557416f6301e89fb122eef8d49cd5644ec
NA18747	CHB+JPT	0	0	0	1	unresolved_or_ambiguous	0455d0302ac12a29ab87091cab5e3e557416f6301e89fb122eef8d49cd5644ec
NA18748	CHB+JPT	0	0	0	1	unresolved_or_ambiguous	0455d0302ac12a29ab87091cab5e3e557416f6301e89fb122eef8d49cd5644ec
NA18749	CHB+JPT	1	0	1	1		0455d0302ac12a29ab87091cab5e3e557416f6301e89fb122eef8d49cd5644ec
NA18757	CHB+JPT	0	0	0	1	unresolved_or_ambiguous	0455d0302ac12a29ab87091cab5e3e557416f6301e89fb122eef8d49cd5644ec
NA18852	YRI	1	1	3	1		0455d0302ac12a29ab87091cab5e3e557416f6301e89fb122eef8d49cd5644ec
NA18853	YRI	1	1	3	1		0455d0302ac12a29ab87091cab5e3e557416f6301e89fb122eef8d49cd5644ec
NA18854	YRI	1	1	3	1		0455d0302ac12a29ab87091cab5e3e557416f6301e89fb122eef8d49cd5644ec
NA18855	YRI	1	1	3	1		0455d0302ac12a29ab87091cab5e3e557416f6301e89fb122eef8d49cd5644ec
NA18856	YRI	1	1	3	1		0455d0302ac12a29ab87091cab5e3e557416f6301e89fb122eef8d49cd5644ec
NA18857	YRI	1	1	3	1		0455d0302ac12a29ab87091cab5e3e557416f6301e89fb122eef8d49cd5644ec
NA18858	YRI	1	1	3	1		0455d0302ac12a29ab87091cab5e3e557416f6301e89fb122eef8d49cd5644ec
NA18859	YRI	1	1	3	1		0455d0302ac12a29ab87091cab5e3e557416f6301e89fb122eef8d49cd5644ec
NA18860	YRI	1	1	3	1		0455d0302ac12a29ab87091cab5e3e557416f6301e89fb122eef8d49cd5644ec
NA18861	YRI	1	1	3	1		0455d0302ac12a29ab87091cab5e3e557416f6301e89fb122eef8d49cd5644ec
NA18862	YRI	1	1	3	1		0455d0302ac12a29ab87091cab5e3e557416f6301e89fb122eef8d49cd5644ec
NA18863	YRI	1	1	3	1		0455d0302ac12a29ab87091cab5e3e557416f6301e89fb122eef8d49cd5644ec
NA18870	YRI	1	1	3	1		0455d0302ac12a29ab87091cab5e3e557416f6301e89fb122eef8d49cd5644ec
NA18871	YRI	1	1	3	1		0455d0302ac12a29ab87091cab5e3e557416f6301e89fb122eef8d49cd5644ec
NA18872	YRI	1	1	3	1		0455d0302ac12a29ab87091cab5e3e557416f6301e89fb122eef8d49cd5644ec
NA18912	YRI	1	1	3	1		0455d0302ac12a29ab87091cab5e3e557416f6301e89fb122eef8d49cd5644ec
NA18913	YRI	1	1	3	1		0455d0302ac12a29ab87091cab5e3e557416f6301e89fb122eef8d49cd5644ec
NA18914	YRI	1	1	3	1		0455d0302ac12a29ab87091cab5e3e557416f6301e89fb122eef8d49cd5644ec
NA18939	CHB+JPT	1	0	1	1		0455d0302ac12a29ab87091cab5e3e557416f6301e89fb122eef8d49cd5644ec
NA18940	CHB+JPT	1	1	3	1		0455d0302ac12a29ab87091cab5e3e557416f6301e89fb122eef8d49cd5644ec
NA18941	CHB+JPT	0	0	0	1	unresolved_or_ambiguous	0455d0302ac12a29ab87091cab5e3e557416f6301e89fb122eef8d49cd5644ec
NA18942	CHB+JPT	1	1	3	1		0455d0302ac12a29ab87091cab5e3e557416f6301e89fb122eef8d49cd5644ec
NA18943	CHB+JPT	1	1	3	1		0455d0302ac12a29ab87091cab5e3e557416f6301e89fb122eef8d49cd5644ec
NA18944	CHB+JPT	1	1	3	1		0455d0302ac12a29ab87091cab5e3e557416f6301e89fb122eef8d49cd5644ec
NA18945	CHB+JPT	1	1	3	1		0455d0302ac12a29ab87091cab5e3e557416f6301e89fb122eef8d49cd5644ec
NA18946	CHB+JPT	0	0	0	1	unresolved_or_ambiguous	0455d0302ac12a29ab87091cab5e3e557416f6301e89fb122eef8d49cd5644ec
NA18947	CHB+JPT	1	1	3	1		0455d0302ac12a29ab87091cab5e3e557416f6301e89fb122eef8d49cd5644ec
NA18948	CHB+JPT	1	1	3	1		0455d0302ac12a29ab87091cab5e3e557416f6301e89fb122eef8d49cd5644ec
NA18949	CHB+JPT	1	1	3	2		0455d0302ac12a29ab87091cab5e3e557416f6301e89fb122eef8d49cd5644ec
NA18951	CHB+JPT	1	1	3	1		0455d0302ac12a29ab87091cab5e3e557416f6301e89fb122eef8d49cd5644ec
NA18952	CHB+JPT	1	1	3	1		0455d0302ac12a29ab87091cab5e3e557416f6301e89fb122eef8d49cd5644ec
NA18953	CHB+JPT	1	1	3	1		0455d0302ac12a29ab87091cab5e3e557416f6301e89fb122eef8d49cd5644ec
NA18954	CHB+JPT	1	0	1	1		0455d0302ac12a29ab87091cab5e3e557416f6301e89fb122eef8d49cd5644ec
NA18955	CHB+JPT	0	0	0	1	unresolved_or_ambiguous	0455d0302ac12a29ab87091cab5e3e557416f6301e89fb122eef8d49cd5644ec
NA18956	CHB+JPT	1	1	3	1		0455d0302ac12a29ab87091cab5e3e557416f6301e89fb122eef8d49cd5644ec
NA18957	CHB+JPT	1	0	1	1		0455d0302ac12a29ab87091cab5e3e557416f6301e89fb122eef8d49cd5644ec
NA18959	CHB+JPT	1	1	3	1		0455d0302ac12a29ab87091cab5e3e557416f6301e89fb122eef8d49cd5644ec
NA18960	CHB+JPT	1	1	3	1		0455d0302ac12a29ab87091cab5e3e557416f6301e89fb122eef8d49cd5644ec
NA18961	CHB+JPT	1	1	3	1		0455d0302ac12a29ab87091cab5e3e557416f6301e89fb122eef8d49cd5644ec
NA18962	CHB+JPT	0	0	0	1	unresolved_or_ambiguous	0455d0302ac12a29ab87091cab5e3e557416f6301e89fb122eef8d49cd5644ec
NA18963	CHB+JPT	1	0	2	1		0455d0302ac12a29ab87091cab5e3e557416f6301e89fb122eef8d49cd5644ec
NA18964	CHB+JPT	1	1	3	1		0455d0302ac12a29ab87091cab5e3e557416f6301e89fb122eef8d49cd5644ec
NA18965	CHB+JPT	1	1	3	1		0455d0302ac12a29ab87091cab5e3e557416f6301e89fb122eef8d49cd5644ec
NA18966	CHB+JPT	1	1	3	1		0455d0302ac12a29ab87091cab5e3e557416f6301e89fb122eef8d49cd5644ec
NA18967	CHB+JPT	1	1	3	1		0455d0302ac12a29ab87091cab5e3e557416f6301e89fb122eef8d49cd5644ec
NA18968	CHB+JPT	1	1	3	2		0455d0302ac12a29ab87091cab5e3e557416f6301e89fb122eef8d49cd5644ec
NA18969	CHB+JPT	1	1	3	1		0455d0302ac12a29ab87091cab5e3e557416f6301e89fb122eef8d49cd5644ec
NA18970	CHB+JPT	1	1	3	1		0455d0302ac12a29ab87091cab5e3e557416f6301e89fb122eef8d49cd5644ec
NA18971	CHB+JPT	1	1	3	1		0455d0302ac12a29ab87091cab5e3e557416f6301e89fb122eef8d49cd5644ec
NA18972	CHB+JPT	1	1	3	1		0455d0302ac12a29ab87091cab5e3e557416f6301e89fb122eef8d49cd5644ec
NA18973	CHB+JPT	1	1	3	1		0455d0302ac12a29ab87091cab5e3e557416f6301e89fb122eef8d49cd5644ec
NA18974	CHB+JPT	1	1	3	1		0455d0302ac12a29ab87091cab5e3e557416f6301e89fb122eef8d49cd5644ec
NA18975	CHB+JPT	1	1	3	1		0455d0302ac12a29ab87091cab5e3e557416f6301e89fb122eef8d49cd5644ec
NA18976	CHB+JPT	1	1	3	1		0455d0302ac12a29ab87091cab5e3e557416f6301e89fb122eef8d49cd5644ec
NA18977	CHB+JPT	0	0	0	1	unresolved_or_ambiguous	0455d0302ac12a29ab87091cab5e3e557416f6301e89fb122eef8d49cd5644ec
NA18978	CHB+JPT	1	1	3	1		0455d0302ac12a29ab87091cab5e3e557416f6301e89fb122eef8d49cd5644ec
NA18979	CHB+JPT	0	0	0	1	unresolved_or_ambiguous	0455d0302ac12a29ab87091cab5e3e557416f6301e89fb122eef8d49cd5644ec
NA18980	CHB+JPT	1	1	3	1		0455d0302ac12a29ab87091cab5e3e557416f6301e89fb122eef8d49cd5644ec
NA18981	CHB+JPT	1	1	3	1		0455d0302ac12a29ab87091cab5e3e557416f6301e89fb122eef8d49cd5644ec
NA18987	CHB+JPT	1	1	3	1		0455d0302ac12a29ab87091cab5e3e557416f6301e89fb122eef8d49cd5644ec
NA18990	CHB+JPT	1	1	3	1		0455d0302ac12a29ab87091cab5e3e557416f6301e89fb122eef8d49cd5644ec
NA18991	CHB+JPT	1	1	3	1		0455d0302ac12a29ab87091cab5e3e557416f6301e89fb122eef8d49cd5644ec
NA18992	CHB+JPT	1	1	3	1		0455d0302ac12a29ab87091cab5e3e557416f6301e89fb122eef8d49cd5644ec
NA18993	CHB+JPT	0	0	0	1	unresolved_or_ambiguous	0455d0302ac12a29ab87091cab5e3e557416f6301e89fb122eef8d49cd5644ec
NA18994	CHB+JPT	1	1	3	1		0455d0302ac12a29ab87091cab5e3e557416f6301e89fb122eef8d49cd5644ec
NA18995	CHB+JPT	1	1	3	1		0455d0302ac12a29ab87091cab5e3e557416f6301e89fb122eef8d49cd5644ec
NA18997	CHB+JPT	1	1	3	2		0455d0302ac12a29ab87091cab5e3e557416f6301e89fb122eef8d49cd5644ec
NA18998	CHB+JPT	1	1	3	1		0455d0302ac12a29ab87091cab5e3e557416f6301e89fb122eef8d49cd5644ec
NA18999	CHB+JPT	1	1	3	1		0455d0302ac12a29ab87091cab5e3e557416f6301e89fb122eef8d49cd5644ec
NA19000	CHB+JPT	1	1	3	1		0455d0302ac12a29ab87091cab5e3e557416f6301e89fb122eef8d49cd5644ec
NA19001	CHB+JPT	0	0	0	1	unresolved_or_ambiguous	0455d0302ac12a29ab87091cab5e3e557416f6301e89fb122eef8d49cd5644ec
NA19002	CHB+JPT	1	0	2	1		0455d0302ac12a29ab87091cab5e3e557416f6301e89fb122eef8d49cd5644ec
NA19003	CHB+JPT	1	1	3	1		0455d0302ac12a29ab87091cab5e3e557416f6301e89fb122eef8d49cd5644ec
NA19005	CHB+JPT	1	1	3	1		0455d0302ac12a29ab87091cab5e3e557416f6301e89fb122eef8d49cd5644ec
NA19007	CHB+JPT	1	1	3	1		0455d0302ac12a29ab87091cab5e3e557416f6301e89fb122eef8d49cd5644ec
NA19009	CHB+JPT	1	0	1	1		0455d0302ac12a29ab87091cab5e3e557416f6301e89fb122eef8d49cd5644ec
NA19010	CHB+JPT	0	0	0	1	unresolved_or_ambiguous	0455d0302ac12a29ab87091cab5e3e557416f6301e89fb122eef8d49cd5644ec
NA19012	CHB+JPT	0	0	0	1	unresolved_or_ambiguous	0455d0302ac12a29ab87091cab5e3e557416f6301e89fb122eef8d49cd5644ec
NA19027	LWK	1	0	2	1		0455d0302ac12a29ab87091cab5e3e557416f6301e89fb122eef8d49cd5644ec
NA19028	LWK	1	0	1	1		0455d0302ac12a29ab87091cab5e3e557416f6301e89fb122eef8d49cd5644ec
NA19031	LWK	1	0	1	1		0455d0302ac12a29ab87091cab5e3e557416f6301e89fb122eef8d49cd5644ec
NA19035	LWK	1	0	1	1		0455d0302ac12a29ab87091cab5e3e557416f6301e89fb122eef8d49cd5644ec
NA19036	LWK	1	0	2	1		0455d0302ac12a29ab87091cab5e3e557416f6301e89fb122eef8d49cd5644ec
NA19038	LWK	0	0	0	1	unresolved_or_ambiguous	0455d0302ac12a29ab87091cab5e3e557416f6301e89fb122eef8d49cd5644ec
NA19041	LWK	1	0	1	1		0455d0302ac12a29ab87091cab5e3e557416f6301e89fb122eef8d49cd5644ec
NA19044	LWK	0	0	0	1	unresolved_or_ambiguous	0455d0302ac12a29ab87091cab5e3e557416f6301e89fb122eef8d49cd5644ec
NA19046	LWK	0	0	0	1	unresolved_or_ambiguous	0455d0302ac12a29ab87091cab5e3e557416f6301e89fb122eef8d49cd5644ec
NA19054	CHB+JPT	0	0	0	1	unresolved_or_ambiguous	0455d0302ac12a29ab87091cab5e3e557416f6301e89fb122eef8d49cd5644ec
NA19055	CHB+JPT	0	0	0	1	unresolved_or_ambiguous	0455d0302ac12a29ab87091cab5e3e557416f6301e89fb122eef8d49cd5644ec
NA19056	CHB+JPT	0	0	0	1	unresolved_or_ambiguous	0455d0302ac12a29ab87091cab5e3e557416f6301e89fb122eef8d49cd5644ec
NA19057	CHB+JPT	1	0	1	1		0455d0302ac12a29ab87091cab5e3e557416f6301e89fb122eef8d49cd5644ec
NA19058	CHB+JPT	0	0	0	1	unresolved_or_ambiguous	0455d0302ac12a29ab87091cab5e3e557416f6301e89fb122eef8d49cd5644ec
NA19059	CHB+JPT	0	0	0	1	unresolved_or_ambiguous	0455d0302ac12a29ab87091cab5e3e557416f6301e89fb122eef8d49cd5644ec
NA19060	CHB+JPT	0	0	0	1	unresolved_or_ambiguous	0455d0302ac12a29ab87091cab5e3e557416f6301e89fb122eef8d49cd5644ec
NA19062	CHB+JPT	0	0	0	1	unresolved_or_ambiguous	0455d0302ac12a29ab87091cab5e3e557416f6301e89fb122eef8d49cd5644ec
NA19063	CHB+JPT	0	0	0	1	unresolved_or_ambiguous	0455d0302ac12a29ab87091cab5e3e557416f6301e89fb122eef8d49cd5644ec
NA19064	CHB+JPT	0	0	0	1	unresolved_or_ambiguous	0455d0302ac12a29ab87091cab5e3e557416f6301e89fb122eef8d49cd5644ec
NA19065	CHB+JPT	0	0	0	1	unresolved_or_ambiguous	0455d0302ac12a29ab87091cab5e3e557416f6301e89fb122eef8d49cd5644ec
NA19066	CHB+JPT	1	0	1	1		0455d0302ac12a29ab87091cab5e3e557416f6301e89fb122eef8d49cd5644ec
NA19067	CHB+JPT	0	0	0	1	unresolved_or_ambiguous	0455d0302ac12a29ab87091cab5e3e557416f6301e89fb122eef8d49cd5644ec
NA19068	CHB+JPT	0	0	0	1	unresolved_or_ambiguous	0455d0302ac12a29ab87091cab5e3e557416f6301e89fb122eef8d49cd5644ec
NA19070	CHB+JPT	0	0	0	1	unresolved_or_ambiguous	0455d0302ac12a29ab87091cab5e3e557416f6301e89fb122eef8d49cd5644ec
NA19072	CHB+JPT	0	0	0	1	unresolved_or_ambiguous	0455d0302ac12a29ab87091cab5e3e557416f6301e89fb122eef8d49cd5644ec
NA19074	CHB+JPT	1	0	1	1		0455d0302ac12a29ab87091cab5e3e557416f6301e89fb122eef8d49cd5644ec
NA19075	CHB+JPT	0	0	0	1	unresolved_or_ambiguous	0455d0302ac12a29ab87091cab5e3e557416f6301e89fb122eef8d49cd5644ec
NA19076	CHB+JPT	1	0	1	1		0455d0302ac12a29ab87091cab5e3e557416f6301e89fb122eef8d49cd5644ec
NA19077	CHB+JPT	1	0	1	1		0455d0302ac12a29ab87091cab5e3e557416f6301e89fb122eef8d49cd5644ec
NA19078	CHB+JPT	0	0	0	1	unresolved_or_ambiguous	0455d0302ac12a29ab87091cab5e3e557416f6301e89fb122eef8d49cd5644ec
NA19079	CHB+JPT	0	0	0	1	unresolved_or_ambiguous	0455d0302ac12a29ab87091cab5e3e557416f6301e89fb122eef8d49cd5644ec
NA19080	CHB+JPT	1	0	1	1		0455d0302ac12a29ab87091cab5e3e557416f6301e89fb122eef8d49cd5644ec
NA19081	CHB+JPT	0	0	0	1	unresolved_or_ambiguous	0455d0302ac12a29ab87091cab5e3e557416f6301e89fb122eef8d49cd5644ec
NA19082	CHB+JPT	1	0	1	1		0455d0302ac12a29ab87091cab5e3e557416f6301e89fb122eef8d49cd5644ec
NA19083	CHB+JPT	0	0	0	1	unresolved_or_ambiguous	0455d0302ac12a29ab87091cab5e3e557416f6301e89fb122eef8d49cd5644ec
NA19084	CHB+JPT	1	0	1	1		0455d0302ac12a29ab87091cab5e3e557416f6301e89fb122eef8d49cd5644ec
NA19085	CHB+JPT	1	0	1	1		0455d0302ac12a29ab87091cab5e3e557416f6301e89fb122eef8d49cd5644ec
NA19086	CHB+JPT	0	0	0	1	unresolved_or_ambiguous	0455d0302ac12a29ab87091cab5e3e557416f6301e89fb122eef8d49cd5644ec
NA19087	CHB+JPT	0	0	0	1	unresolved_or_ambiguous	0455d0302ac12a29ab87091cab5e3e557416f6301e89fb122eef8d49cd5644ec
NA19088	CHB+JPT	0	0	0	1	unresolved_or_ambiguous	0455d0302ac12a29ab87091cab5e3e557416f6301e89fb122eef8d49cd5644ec
NA19092	YRI	1	1	3	1		0455d0302ac12a29ab87091cab5e3e557416f6301e89fb122eef8d49cd5644ec
NA19093	YRI	1	1	3	1		0455d0302ac12a29ab87091cab5e3e557416f6301e89fb122eef8d49cd5644ec
NA19094	YRI	1	1	3	1		0455d0302ac12a29ab87091cab5e3e557416f6301e89fb122eef8d49cd5644ec
NA19098	YRI	1	1	3	1		0455d0302ac12a29ab87091cab5e3e557416f6301e89fb122eef8d49cd5644ec
NA19099	YRI	1	1	3	1		0455d0302ac12a29ab87091cab5e3e557416f6301e89fb122eef8d49cd5644ec
NA19100	YRI	1	1	3	1		0455d0302ac12a29ab87091cab5e3e557416f6301e89fb122eef8d49cd5644ec
NA19101	YRI	1	1	3	1		0455d0302ac12a29ab87091cab5e3e557416f6301e89fb122eef8d49cd5644ec
NA19102	YRI	1	1	3	1		0455d0302ac12a29ab87091cab5e3e557416f6301e89fb122eef8d49cd5644ec
NA19103	YRI	1	1	3	1		0455d0302ac12a29ab87091cab5e3e557416f6301e89fb122eef8d49cd5644ec
NA19116	YRI	1	1	3	1		0455d0302ac12a29ab87091cab5e3e557416f6301e89fb122eef8d49cd5644ec
NA19119	YRI	1	1	3	2		0455d0302ac12a29ab87091cab5e3e557416f6301e89fb122eef8d49cd5644ec
NA19120	YRI	1	1	3	1		0455d0302ac12a29ab87091cab5e3e557416f6301e89fb122eef8d49cd5644ec
NA19127	YRI	1	1	3	1		0455d0302ac12a29ab87091cab5e3e557416f6301e89fb122eef8d49cd5644ec
NA19128	YRI	1	1	3	1		0455d0302ac12a29ab87091cab5e3e557416f6301e89fb122eef8d49cd5644ec
NA19129	YRI	1	1	3	1		0455d0302ac12a29ab87091cab5e3e557416f6301e89fb122eef8d49cd5644ec
NA19130	YRI	1	1	3	1		0455d0302ac12a29ab87091cab5e3e557416f6301e89fb122eef8d49cd5644ec
NA19131	YRI	1	1	3	1		0455d0302ac12a29ab87091cab5e3e557416f6301e89fb122eef8d49cd5644ec
NA19132	YRI	1	1	3	1		0455d0302ac12a29ab87091cab5e3e557416f6301e89fb122eef8d49cd5644ec
NA19137	YRI	1	1	3	1		0455d0302ac12a29ab87091cab5e3e557416f6301e89fb122eef8d49cd5644ec
NA19138	YRI	1	1	3	1		0455d0302ac12a29ab87091cab5e3e557416f6301e89fb122eef8d49cd5644ec
NA19139	YRI	1	1	3	1		0455d0302ac12a29ab87091cab5e3e557416f6301e89fb122eef8d49cd5644ec
NA19140	YRI	1	1	3	1		0455d0302ac12a29ab87091cab5e3e557416f6301e89fb122eef8d49cd5644ec
NA19141	YRI	1	1	3	1		0455d0302ac12a29ab87091cab5e3e557416f6301e89fb122eef8d49cd5644ec
NA19142	YRI	1	1	3	1		0455d0302ac12a29ab87091cab5e3e557416f6301e89fb122eef8d49cd5644ec
NA19143	YRI	1	1	3	1		0455d0302ac12a29ab87091cab5e3e557416f6301e89fb122eef8d49cd5644ec
NA19144	YRI	1	1	3	1		0455d0302ac12a29ab87091cab5e3e557416f6301e89fb122eef8d49cd5644ec
NA19145	YRI	1	1	3	1		0455d0302ac12a29ab87091cab5e3e557416f6301e89fb122eef8d49cd5644ec
NA19152	YRI	1	1	3	1		0455d0302ac12a29ab87091cab5e3e557416f6301e89fb122eef8d49cd5644ec
NA19153	YRI	1	1	3	1		0455d0302ac12a29ab87091cab5e3e557416f6301e89fb122eef8d49cd5644ec
NA19154	YRI	1	1	3	1		0455d0302ac12a29ab87091cab5e3e557416f6301e89fb122eef8d49cd5644ec
NA19159	YRI	1	1	3	1		0455d0302ac12a29ab87091cab5e3e557416f6301e89fb122eef8d49cd5644ec
NA19160	YRI	1	1	3	1		0455d0302ac12a29ab87091cab5e3e557416f6301e89fb122eef8d49cd5644ec
NA19161	YRI	1	1	3	1		0455d0302ac12a29ab87091cab5e3e557416f6301e89fb122eef8d49cd5644ec
NA19171	YRI	1	1	3	1		0455d0302ac12a29ab87091cab5e3e557416f6301e89fb122eef8d49cd5644ec
NA19172	YRI	1	1	3	1		0455d0302ac12a29ab87091cab5e3e557416f6301e89fb122eef8d49cd5644ec
NA19173	YRI	1	1	3	1		0455d0302ac12a29ab87091cab5e3e557416f6301e89fb122eef8d49cd5644ec
NA19192	YRI	1	1	3	1		0455d0302ac12a29ab87091cab5e3e557416f6301e89fb122eef8d49cd5644ec
NA19193	YRI	1	1	3	1		0455d0302ac12a29ab87091cab5e3e557416f6301e89fb122eef8d49cd5644ec
NA19194	YRI	1	1	3	1		0455d0302ac12a29ab87091cab5e3e557416f6301e89fb122eef8d49cd5644ec
NA19200	YRI	1	1	3	1		0455d0302ac12a29ab87091cab5e3e557416f6301e89fb122eef8d49cd5644ec
NA19201	YRI	1	1	3	1		0455d0302ac12a29ab87091cab5e3e557416f6301e89fb122eef8d49cd5644ec
NA19202	YRI	1	1	3	1		0455d0302ac12a29ab87091cab5e3e557416f6301e89fb122eef8d49cd5644ec
NA19203	YRI	1	1	3	1		0455d0302ac12a29ab87091cab5e3e557416f6301e89fb122eef8d49cd5644ec
NA19204	YRI	1	1	3	1		0455d0302ac12a29ab87091cab5e3e557416f6301e89fb122eef8d49cd5644ec
NA19205	YRI	1	1	3	1		0455d0302ac12a29ab87091cab5e3e557416f6301e89fb122eef8d49cd5644ec
NA19206	YRI	1	1	3	1		0455d0302ac12a29ab87091cab5e3e557416f6301e89fb122eef8d49cd5644ec
NA19207	YRI	1	1	3	1		0455d0302ac12a29ab87091cab5e3e557416f6301e89fb122eef8d49cd5644ec
NA19208	YRI	1	1	3	1		0455d0302ac12a29ab87091cab5e3e557416f6301e89fb122eef8d49cd5644ec
NA19209	YRI	1	1	3	1		0455d0302ac12a29ab87091cab5e3e557416f6301e89fb122eef8d49cd5644ec
NA19210	YRI	1	1	3	2		0455d0302ac12a29ab87091cab5e3e557416f6301e89fb122eef8d49cd5644ec
NA19211	YRI	1	1	3	1		0455d0302ac12a29ab87091cab5e3e557416f6301e89fb122eef8d49cd5644ec
NA19221	YRI	1	0	1	2		0455d0302ac12a29ab87091cab5e3e557416f6301e89fb122eef8d49cd5644ec
NA19222	YRI	1	1	3	1		0455d0302ac12a29ab87091cab5e3e557416f6301e89fb122eef8d49cd5644ec
NA19223	YRI	1	0	1	2		0455d0302ac12a29ab87091cab5e3e557416f6301e89fb122eef8d49cd5644ec
NA19238	YRI	1	1	3	1		0455d0302ac12a29ab87091cab5e3e557416f6301e89fb122eef8d49cd5644ec
NA19239	YRI	1	1	3	1		0455d0302ac12a29ab87091cab5e3e557416f6301e89fb122eef8d49cd5644ec
NA19240	YRI	1	1	3	1		0455d0302ac12a29ab87091cab5e3e557416f6301e89fb122eef8d49cd5644ec
NA19307	LWK	1	0	1	1		0455d0302ac12a29ab87091cab5e3e557416f6301e89fb122eef8d49cd5644ec
NA19308	LWK	1	0	1	1		0455d0302ac12a29ab87091cab5e3e557416f6301e89fb122eef8d49cd5644ec
NA19309	LWK	1	0	2	1		0455d0302ac12a29ab87091cab5e3e557416f6301e89fb122eef8d49cd5644ec
NA19310	LWK	1	0	1	1		0455d0302ac12a29ab87091cab5e3e557416f6301e89fb122eef8d49cd5644ec
NA19311	LWK	1	0	2	1		0455d0302ac12a29ab87091cab5e3e557416f6301e89fb122eef8d49cd5644ec
NA19313	LWK	1	0	1	1		0455d0302ac12a29ab87091cab5e3e557416f6301e89fb122eef8d49cd5644ec
NA19314	LWK	0	0	0	1	unresolved_or_ambiguous	0455d0302ac12a29ab87091cab5e3e557416f6301e89fb122eef8d49cd5644ec
NA19315	LWK	1	0	1	1		0455d0302ac12a29ab87091cab5e3e557416f6301e89fb122eef8d49cd5644ec
NA19316	LWK	0	0	0	1	unresolved_or_ambiguous	0455d0302ac12a29ab87091cab5e3e557416f6301e89fb122eef8d49cd5644ec
NA19317	LWK	0	0	0	1	unresolved_or_ambiguous	0455d0302ac12a29ab87091cab5e3e557416f6301e89fb122eef8d49cd5644ec
NA19318	LWK	1	0	1	1		0455d0302ac12a29ab87091cab5e3e557416f6301e89fb122eef8d49cd5644ec
NA19319	LWK	0	0	0	1	unresolved_or_ambiguous	0455d0302ac12a29ab87091cab5e3e557416f6301e89fb122eef8d49cd5644ec
NA19321	LWK	0	0	0	1	unresolved_or_ambiguous	0455d0302ac12a29ab87091cab5e3e557416f6301e89fb122eef8d49cd5644ec
NA19324	LWK	1	0	1	1		0455d0302ac12a29ab87091cab5e3e557416f6301e89fb122eef8d49cd5644ec
NA19327	LWK	1	0	1	1		0455d0302ac12a29ab87091cab5e3e557416f6301e89fb122eef8d49cd5644ec
NA19328	LWK	0	0	0	1	unresolved_or_ambiguous	0455d0302ac12a29ab87091cab5e3e557416f6301e89fb122eef8d49cd5644ec
NA19332	LWK	1	0	2	1		0455d0302ac12a29ab87091cab5e3e557416f6301e89fb122eef8d49cd5644ec
NA19334	LWK	1	0	1	1		0455d0302ac12a29ab87091cab5e3e557416f6301e89fb122eef8d49cd5644ec
NA19346	LWK	0	0	0	1	unresolved_or_ambiguous	0455d0302ac12a29ab87091cab5e3e557416f6301e89fb122eef8d49cd5644ec
NA19347	LWK	0	0	0	1	unresolved_or_ambiguous	0455d0302ac12a29ab87091cab5e3e557416f6301e89fb122eef8d49cd5644ec
NA19350	LWK	1	0	1	1		0455d0302ac12a29ab87091cab5e3e557416f6301e89fb122eef8d49cd5644ec
NA19352	LWK	0	0	0	1	unresolved_or_ambiguous	0455d0302ac12a29ab87091cab5e3e557416f6301e89fb122eef8d49cd5644ec
NA19359	LWK	1	0	2	1		0455d0302ac12a29ab87091cab5e3e557416f6301e89fb122eef8d49cd5644ec
NA19360	LWK	1	0	1	1		0455d0302ac12a29ab87091cab5e3e557416f6301e89fb122eef8d49cd5644ec
NA19371	LWK	1	0	1	1		0455d0302ac12a29ab87091cab5e3e557416f6301e89fb122eef8d49cd5644ec
NA19372	LWK	0	0	0	1	unresolved_or_ambiguous	0455d0302ac12a29ab87091cab5e3e557416f6301e89fb122eef8d49cd5644ec
NA19373	LWK	1	0	1	1		0455d0302ac12a29ab87091cab5e3e557416f6301e89fb122eef8d49cd5644ec
NA19374	LWK	1	0	1	1		0455d0302ac12a29ab87091cab5e3e557416f6301e89fb122eef8d49cd5644ec
NA19375	LWK	0	0	0	1	unresolved_or_ambiguous	0455d0302ac12a29ab87091cab5e3e557416f6301e89fb122eef8d49cd5644ec
NA19376	LWK	1	0	1	1		0455d0302ac12a29ab87091cab5e3e557416f6301e89fb122eef8d49cd5644ec
NA19377	LWK	1	0	1	1		0455d0302ac12a29ab87091cab5e3e557416f6301e89fb122eef8d49cd5644ec
NA19379	LWK	0	0	0	1	unresolved_or_ambiguous	0455d0302ac12a29ab87091cab5e3e557416f6301e89fb122eef8d49cd5644ec
NA19380	LWK	1	0	1	1		0455d0302ac12a29ab87091cab5e3e557416f6301e89fb122eef8d49cd5644ec
NA19381	LWK	0	0	0	1	unresolved_or_ambiguous	0455d0302ac12a29ab87091cab5e3e557416f6301e89fb122eef8d49cd5644ec
NA19382	LWK	0	0	0	1	unresolved_or_ambiguous	0455d0302ac12a29ab87091cab5e3e557416f6301e89fb122eef8d49cd5644ec
NA19383	LWK	1	0	1	1		0455d0302ac12a29ab87091cab5e3e557416f6301e89fb122eef8d49cd5644ec
NA19384	LWK	0	0	0	1	unresolved_or_ambiguous	0455d0302ac12a29ab87091cab5e3e557416f6301e89fb122eef8d49cd5644ec
NA19385	LWK	0	0	0	1	unresolved_or_ambiguous	0455d0302ac12a29ab87091cab5e3e557416f6301e89fb122eef8d49cd5644ec
NA19390	LWK	1	0	1	1		0455d0302ac12a29ab87091cab5e3e557416f6301e89fb122eef8d49cd5644ec
NA19391	LWK	1	0	2	1		0455d0302ac12a29ab87091cab5e3e557416f6301e89fb122eef8d49cd5644ec
NA19393	LWK	1	0	1	1		0455d0302ac12a29ab87091cab5e3e557416f6301e89fb122eef8d49cd5644ec
NA19394	LWK	1	1	3	1		0455d0302ac12a29ab87091cab5e3e557416f6301e89fb122eef8d49cd5644ec
NA19396	LWK	0	0	0	1	unresolved_or_ambiguous	0455d0302ac12a29ab87091cab5e3e557416f6301e89fb122eef8d49cd5644ec
NA19397	LWK	1	0	1	1		0455d0302ac12a29ab87091cab5e3e557416f6301e89fb122eef8d49cd5644ec
NA19398	LWK	0	0	0	1	unresolved_or_ambiguous	0455d0302ac12a29ab87091cab5e3e557416f6301e89fb122eef8d49cd5644ec
NA19399	LWK	0	0	0	1	unresolved_or_ambiguous	0455d0302ac12a29ab87091cab5e3e557416f6301e89fb122eef8d49cd5644ec
NA19403	LWK	0	0	0	1	unresolved_or_ambiguous	0455d0302ac12a29ab87091cab5e3e557416f6301e89fb122eef8d49cd5644ec
NA19404	LWK	1	0	2	1		0455d0302ac12a29ab87091cab5e3e557416f6301e89fb122eef8d49cd5644ec
NA19428	LWK	1	0	1	1		0455d0302ac12a29ab87091cab5e3e557416f6301e89fb122eef8d49cd5644ec
NA19429	LWK	0	0	0	1	unresolved_or_ambiguous	0455d0302ac12a29ab87091cab5e3e557416f6301e89fb122eef8d49cd5644ec
NA19430	LWK	1	0	1	1		0455d0302ac12a29ab87091cab5e3e557416f6301e89fb122eef8d49cd5644ec
NA19431	LWK	1	0	1	1		0455d0302ac12a29ab87091cab5e3e557416f6301e89fb122eef8d49cd5644ec
NA19434	LWK	0	0	0	1	unresolved_or_ambiguous	0455d0302ac12a29ab87091cab5e3e557416f6301e89fb122eef8d49cd5644ec
NA19435	LWK	1	0	1	1		0455d0302ac12a29ab87091cab5e3e557416f6301e89fb122eef8d49cd5644ec
NA19436	LWK	1	0	2	1		0455d0302ac12a29ab87091cab5e3e557416f6301e89fb122eef8d49cd5644ec
NA19437	LWK	0	0	0	1	unresolved_or_ambiguous	0455d0302ac12a29ab87091cab5e3e557416f6301e89fb122eef8d49cd5644ec
NA19438	LWK	1	0	1	1		0455d0302ac12a29ab87091cab5e3e557416f6301e89fb122eef8d49cd5644ec
NA19439	LWK	1	0	1	1		0455d0302ac12a29ab87091cab5e3e557416f6301e89fb122eef8d49cd5644ec
NA19440	LWK	0	0	0	1	unresolved_or_ambiguous	0455d0302ac12a29ab87091cab5e3e557416f6301e89fb122eef8d49cd5644ec
NA19443	LWK	0	0	0	1	unresolved_or_ambiguous	0455d0302ac12a29ab87091cab5e3e557416f6301e89fb122eef8d49cd5644ec
NA19444	LWK	0	0	0	1	unresolved_or_ambiguous	0455d0302ac12a29ab87091cab5e3e557416f6301e89fb122eef8d49cd5644ec
NA19445	LWK	0	0	0	1	unresolved_or_ambiguous	0455d0302ac12a29ab87091cab5e3e557416f6301e89fb122eef8d49cd5644ec
NA19446	LWK	1	0	1	1		0455d0302ac12a29ab87091cab5e3e557416f6301e89fb122eef8d49cd5644ec
NA19448	LWK	1	0	1	1		0455d0302ac12a29ab87091cab5e3e557416f6301e89fb122eef8d49cd5644ec
NA19449	LWK	1	0	1	1		0455d0302ac12a29ab87091cab5e3e557416f6301e89fb122eef8d49cd5644ec
NA19451	LWK	0	0	0	1	unresolved_or_ambiguous	0455d0302ac12a29ab87091cab5e3e557416f6301e89fb122eef8d49cd5644ec
NA19452	LWK	0	0	0	1	unresolved_or_ambiguous	0455d0302ac12a29ab87091cab5e3e557416f6301e89fb122eef8d49cd5644ec
NA19455	LWK	0	0	0	1	unresolved_or_ambiguous	0455d0302ac12a29ab87091cab5e3e557416f6301e89fb122eef8d49cd5644ec
NA19456	LWK	1	0	1	1		0455d0302ac12a29ab87091cab5e3e557416f6301e89fb122eef8d49cd5644ec
NA19457	LWK	0	0	0	1	unresolved_or_ambiguous	0455d0302ac12a29ab87091cab5e3e557416f6301e89fb122eef8d49cd5644ec
NA19462	LWK	0	0	0	1	unresolved_or_ambiguous	0455d0302ac12a29ab87091cab5e3e557416f6301e89fb122eef8d49cd5644ec
NA19463	LWK	0	0	0	1	unresolved_or_ambiguous	0455d0302ac12a29ab87091cab5e3e557416f6301e89fb122eef8d49cd5644ec
NA19466	LWK	0	0	0	1	unresolved_or_ambiguous	0455d0302ac12a29ab87091cab5e3e557416f6301e89fb122eef8d49cd5644ec
NA19467	LWK	1	0	1	1		0455d0302ac12a29ab87091cab5e3e557416f6301e89fb122eef8d49cd5644ec
NA19468	LWK	0	0	0	1	unresolved_or_ambiguous	0455d0302ac12a29ab87091cab5e3e557416f6301e89fb122eef8d49cd5644ec
NA19469	LWK	0	0	0	1	unresolved_or_ambiguous	0455d0302ac12a29ab87091cab5e3e557416f6301e89fb122eef8d49cd5644ec
NA19470	LWK	0	0	0	1	unresolved_or_ambiguous	0455d0302ac12a29ab87091cab5e3e557416f6301e89fb122eef8d49cd5644ec
NA19471	LWK	1	0	2	1		0455d0302ac12a29ab87091cab5e3e557416f6301e89fb122eef8d49cd5644ec
NA19472	LWK	1	0	1	1		0455d0302ac12a29ab87091cab5e3e557416f6301e89fb122eef8d49cd5644ec
NA19473	LWK	1	0	2	1		0455d0302ac12a29ab87091cab5e3e557416f6301e89fb122eef8d49cd5644ec
NA19474	LWK	1	0	1	1		0455d0302ac12a29ab87091cab5e3e557416f6301e89fb122eef8d49cd5644ec
NA19625	ASW	0	0	0	1	unresolved_or_ambiguous	0455d0302ac12a29ab87091cab5e3e557416f6301e89fb122eef8d49cd5644ec
NA19648	MXL	0	0	0	1	unresolved_or_ambiguous	0455d0302ac12a29ab87091cab5e3e557416f6301e89fb122eef8d49cd5644ec
NA19649	MXL	0	0	0	1	unresolved_or_ambiguous	0455d0302ac12a29ab87091cab5e3e557416f6301e89fb122eef8d49cd5644ec
NA19650	MXL	0	0	0	1	unresolved_or_ambiguous	0455d0302ac12a29ab87091cab5e3e557416f6301e89fb122eef8d49cd5644ec
NA19651	MXL	0	0	0	1	unresolved_or_ambiguous	0455d0302ac12a29ab87091cab5e3e557416f6301e89fb122eef8d49cd5644ec
NA19652	MXL	0	0	0	1	unresolved_or_ambiguous	0455d0302ac12a29ab87091cab5e3e557416f6301e89fb122eef8d49cd5644ec
NA19653	MXL	0	0	0	1	unresolved_or_ambiguous	0455d0302ac12a29ab87091cab5e3e557416f6301e89fb122eef8d49cd5644ec
NA19654	MXL	0	0	0	1	unresolved_or_ambiguous	0455d0302ac12a29ab87091cab5e3e557416f6301e89fb122eef8d49cd5644ec
NA19655	MXL	1	0	1	1		0455d0302ac12a29ab87091cab5e3e557416f6301e89fb122eef8d49cd5644ec
NA19656	MXL	1	0	1	1		0455d0302ac12a29ab87091cab5e3e557416f6301e89fb122eef8d49cd5644ec
NA19657	MXL	0	0	0	1	unresolved_or_ambiguous	0455d0302ac12a29ab87091cab5e3e557416f6301e89fb122eef8d49cd5644ec
NA19658	MXL	1	0	1	1		0455d0302ac12a29ab87091cab5e3e557416f6301e89fb122eef8d49cd5644ec
NA19659	MXL	1	0	1	1		0455d0302ac12a29ab87091cab5e3e557416f6301e89fb122eef8d49cd5644ec
NA19660	MXL	1	0	1	1		0455d0302ac12a29ab87091cab5e3e557416f6301e89fb122eef8d49cd5644ec
NA19661	MXL	1	0	1	1		0455d0302ac12a29ab87091cab5e3e557416f6301e89fb122eef8d49cd5644ec
NA19662	MXL	1	0	1	1		0455d0302ac12a29ab87091cab5e3e557416f6301e89fb122eef8d49cd5644ec
NA19663	MXL	1	0	2	1		0455d0302ac12a29ab87091cab5e3e557416f6301e89fb122eef8d49cd5644ec
NA19664	MXL	0	0	0	1	unresolved_or_ambiguous	0455d0302ac12a29ab87091cab5e3e557416f6301e89fb122eef8d49cd5644ec
NA19665	MXL	0	0	0	1	unresolved_or_ambiguous	0455d0302ac12a29ab87091cab5e3e557416f6301e89fb122eef8d49cd5644ec
NA19669	MXL	0	0	0	1	unresolved_or_ambiguous	0455d0302ac12a29ab87091cab5e3e557416f6301e89fb122eef8d49cd5644ec
NA19670	MXL	1	0	2	1		0455d0302ac12a29ab87091cab5e3e557416f6301e89fb122eef8d49cd5644ec
NA19671	MXL	0	0	0	1	unresolved_or_ambiguous	0455d0302ac12a29ab87091cab5e3e557416f6301e89fb122eef8d49cd5644ec
NA19675	MXL	1	0	2	1		0455d0302ac12a29ab87091cab5e3e557416f6301e89fb122eef8d49cd5644ec
NA19676	MXL	0	0	0	1	unresolved_or_ambiguous	0455d0302ac12a29ab87091cab5e3e557416f6301e89fb122eef8d49cd5644ec
NA19677	MXL	1	0	2	1		0455d0302ac12a29ab87091cab5e3e557416f6301e89fb122eef8d49cd5644ec
NA19678	MXL	1	0	1	1		0455d0302ac12a29ab87091cab5e3e557416f6301e89fb122eef8d49cd5644ec
NA19679	MXL	1	0	2	1		0455d0302ac12a29ab87091cab5e3e557416f6301e89fb122eef8d49cd5644ec
NA19680	MXL	1	0	1	1		0455d0302ac12a29ab87091cab5e3e557416f6301e89fb122eef8d49cd5644ec
NA19681	MXL	0	0	0	1	unresolved_or_ambiguous	0455d0302ac12a29ab87091cab5e3e557416f6301e89fb122eef8d49cd5644ec
NA19682	MXL	1	0	1	1		0455d0302ac12a29ab87091cab5e3e557416f6301e89fb122eef8d49cd5644ec
NA19683	MXL	0	0	0	1	unresolved_or_ambiguous	0455d0302ac12a29ab87091cab5e3e557416f6301e89fb122eef8d49cd5644ec
NA19684	MXL	0	0	0	1	unresolved_or_ambiguous	0455d0302ac12a29ab87091cab5e3e557416f6301e89fb122eef8d49cd5644ec
NA19685	MXL	1	0	1	1		0455d0302ac12a29ab87091cab5e3e557416f6301e89fb122eef8d49cd5644ec
NA19686	MXL	0	0	0	1	unresolved_or_ambiguous	0455d0302ac12a29ab87091cab5e3e557416f6301e89fb122eef8d49cd5644ec
NA19700	ASW	1	0	1	1		0455d0302ac12a29ab87091cab5e3e557416f6301e89fb122eef8d49cd5644ec
NA19701	ASW	1	0	1	1		0455d0302ac12a29ab87091cab5e3e557416f6301e89fb122eef8d49cd5644ec
NA19702	ASW	1	0	2	1		0455d0302ac12a29ab87091cab5e3e557416f6301e89fb122eef8d49cd5644ec
NA19703	ASW	0	0	0	1	unresolved_or_ambiguous	0455d0302ac12a29ab87091cab5e3e557416f6301e89fb122eef8d49cd5644ec
NA19704	ASW	0	0	0	1	unresolved_or_ambiguous	0455d0302ac12a29ab87091cab5e3e557416f6301e89fb122eef8d49cd5644ec
NA19705	ASW	1	0	1	1		0455d0302ac12a29ab87091cab5e3e557416f6301e89fb122eef8d49cd5644ec
NA19707	ASW	0	0	0	1	unresolved_or_ambiguous	0455d0302ac12a29ab87091cab5e3e557416f6301e89fb122eef8d49cd5644ec
NA19708	ASW	0	0	0	1	unresolved_or_ambiguous	0455d0302ac12a29ab87091cab5e3e557416f6301e89fb122eef8d49cd5644ec
NA19711	ASW	0	0	0	1	unresolved_or_ambiguous	0455d0302ac12a29ab87091cab5e3e557416f6301e89fb122eef8d49cd5644ec
NA19712	ASW	1	0	1	1		0455d0302ac12a29ab87091cab5e3e557416f6301e89fb122eef8d49cd5644ec
NA19713	ASW	1	0	1	1		0455d0302ac12a29ab87091cab5e3e557416f6301e89fb122eef8d49cd5644ec
NA19714	ASW	1	0	1	1		0455d0302ac12a29ab87091cab5e3e557416f6301e89fb122eef8d49cd5644ec
NA19716	MXL	0	0	0	1	unresolved_or_ambiguous	0455d0302ac12a29ab87091cab5e3e557416f6301e89fb122eef8d49cd5644ec
NA19717	MXL	1	0	1	1		0455d0302ac12a29ab87091cab5e3e557416f6301e89fb122eef8d49cd5644ec
NA19718	MXL	0	0	0	1	unresolved_or_ambiguous	0455d0302ac12a29ab87091cab5e3e557416f6301e89fb122eef8d49cd5644ec
NA19719	MXL	0	0	0	1	unresolved_or_ambiguous	0455d0302ac12a29ab87091cab5e3e557416f6301e89fb122eef8d49cd5644ec
NA19720	MXL	0	0	0	1	unresolved_or_ambiguous	0455d0302ac12a29ab87091cab5e3e557416f6301e89fb122eef8d49cd5644ec
NA19721	MXL	0	0	0	1	unresolved_or_ambiguous	0455d0302ac12a29ab87091cab5e3e557416f6301e89fb122eef8d49cd5644ec
NA19722	MXL	0	0	0	1	unresolved_or_ambiguous	0455d0302ac12a29ab87091cab5e3e557416f6301e89fb122eef8d49cd5644ec
NA19723	MXL	0	0	0	1	unresolved_or_ambiguous	0455d0302ac12a29ab87091cab5e3e557416f6301e89fb122eef8d49cd5644ec
NA19724	MXL	0	0	0	1	unresolved_or_ambiguous	0455d0302ac12a29ab87091cab5e3e557416f6301e89fb122eef8d49cd5644ec
NA19725	MXL	1	0	1	1		0455d0302ac12a29ab87091cab5e3e557416f6301e89fb122eef8d49cd5644ec
NA19726	MXL	0	0	0	1	unresolved_or_ambiguous	0455d0302ac12a29ab87091cab5e3e557416f6301e89fb122eef8d49cd5644ec
NA19727	MXL	0	0	0	1	unresolved_or_ambiguous	0455d0302ac12a29ab87091cab5e3e557416f6301e89fb122eef8d49cd5644ec
NA19728	MXL	1	0	1	1		0455d0302ac12a29ab87091cab5e3e557416f6301e89fb122eef8d49cd5644ec
NA19729	MXL	0	0	0	1	unresolved_or_ambiguous	0455d0302ac12a29ab87091cab5e3e557416f6301e89fb122eef8d49cd5644ec
NA19730	MXL	0	0	0	1	unresolved_or_ambiguous	0455d0302ac12a29ab87091cab5e3e557416f6301e89fb122eef8d49cd5644ec
NA19731	MXL	1	0	1	1		0455d0302ac12a29ab87091cab5e3e557416f6301e89fb122eef8d49cd5644ec
NA19732	MXL	0	0	0	1	unresolved_or_ambiguous	0455d0302ac12a29ab87091cab5e3e557416f6301e89fb122eef8d49cd5644ec
NA19733	MXL	0	0	0	1	unresolved_or_ambiguous	0455d0302ac12a29ab87091cab5e3e557416f6301e89fb122eef8d49cd5644ec
NA19746	MXL	1	0	1	1		0455d0302ac12a29ab87091cab5e3e557416f6301e89fb122eef8d49cd5644ec
NA19747	MXL	1	0	2	1		0455d0302ac12a29ab87091cab5e3e557416f6301e89fb122eef8d49cd5644ec
NA19748	MXL	1	0	2	1		0455d0302ac12a29ab87091cab5e3e557416f6301e89fb122eef8d49cd5644ec
NA19749	MXL	0	0	0	1	unresolved_or_ambiguous	0455d0302ac12a29ab87091cab5e3e557416f6301e89fb122eef8d49cd5644ec
NA19750	MXL	0	0	0	1	unresolved_or_ambiguous	0455d0302ac12a29ab87091cab5e3e557416f6301e89fb122eef8d49cd5644ec
NA19751	MXL	0	0	0	1	unresolved_or_ambiguous	0455d0302ac12a29ab87091cab5e3e557416f6301e89fb122eef8d49cd5644ec
NA19755	MXL	0	0	0	1	unresolved_or_ambiguous	0455d0302ac12a29ab87091cab5e3e557416f6301e89fb122eef8d49cd5644ec
NA19756	MXL	1	0	2	1		0455d0302ac12a29ab87091cab5e3e557416f6301e89fb122eef8d49cd5644ec
NA19757	MXL	1	0	2	1		0455d0302ac12a29ab87091cab5e3e557416f6301e89fb122eef8d49cd5644ec
NA19758	MXL	1	0	1	1		0455d0302ac12a29ab87091cab5e3e557416f6301e89fb122eef8d49cd5644ec
NA19759	MXL	1	0	1	1		0455d0302ac12a29ab87091cab5e3e557416f6301e89fb122eef8d49cd5644ec
NA19760	MXL	1	0	1	1		0455d0302ac12a29ab87091cab5e3e557416f6301e89fb122eef8d49cd5644ec
NA19761	MXL	0	0	0	1	unresolved_or_ambiguous	0455d0302ac12a29ab87091cab5e3e557416f6301e89fb122eef8d49cd5644ec
NA19762	MXL	0	0	0	1	unresolved_or_ambiguous	0455d0302ac12a29ab87091cab5e3e557416f6301e89fb122eef8d49cd5644ec
NA19763	MXL	0	0	0	1	unresolved_or_ambiguous	0455d0302ac12a29ab87091cab5e3e557416f6301e89fb122eef8d49cd5644ec
NA19770	MXL	0	0	0	1	unresolved_or_ambiguous	0455d0302ac12a29ab87091cab5e3e557416f6301e89fb122eef8d49cd5644ec
NA19771	MXL	1	0	2	1		0455d0302ac12a29ab87091cab5e3e557416f6301e89fb122eef8d49cd5644ec
NA19772	MXL	1	0	1	1		0455d0302ac12a29ab87091cab5e3e557416f6301e89fb122eef8d49cd5644ec
NA19773	MXL	1	0	1	1		0455d0302ac12a29ab87091cab5e3e557416f6301e89fb122eef8d49cd5644ec
NA19774	MXL	0	0	0	1	unresolved_or_ambiguous	0455d0302ac12a29ab87091cab5e3e557416f6301e89fb122eef8d49cd5644ec
NA19775	MXL	0	0	0	1	unresolved_or_ambiguous	0455d0302ac12a29ab87091cab5e3e557416f6301e89fb122eef8d49cd5644ec
NA19776	MXL	0	0	0	1	unresolved_or_ambiguous	0455d0302ac12a29ab87091cab5e3e557416f6301e89fb122eef8d49cd5644ec
NA19777	MXL	0	0	0	1	unresolved_or_ambiguous	0455d0302ac12a29ab87091cab5e3e557416f6301e89fb122eef8d49cd5644ec
NA19778	MXL	0	0	0	1	unresolved_or_ambiguous	0455d0302ac12a29ab87091cab5e3e557416f6301e89fb122eef8d49cd5644ec
NA19780	MXL	0	0	0	1	unresolved_or_ambiguous	0455d0302ac12a29ab87091cab5e3e557416f6301e89fb122eef8d49cd5644ec
NA19781	MXL	1	0	1	1		0455d0302ac12a29ab87091cab5e3e557416f6301e89fb122eef8d49cd5644ec
NA19782	MXL	0	0	0	1	unresolved_or_ambiguous	0455d0302ac12a29ab87091cab5e3e557416f6301e89fb122eef8d49cd5644ec
NA19783	MXL	1	1	3	1		0455d0302ac12a29ab87091cab5e3e557416f6301e89fb122eef8d49cd5644ec
NA19784	MXL	1	0	1	1		0455d0302ac12a29ab87091cab5e3e557416f6301e89fb122eef8d49cd5644ec
NA19785	MXL	0	0	0	1	unresolved_or_ambiguous	0455d0302ac12a29ab87091cab5e3e557416f6301e89fb122eef8d49cd5644ec
NA19786	MXL	0	0	0	1	unresolved_or_ambiguous	0455d0302ac12a29ab87091cab5e3e557416f6301e89fb122eef8d49cd5644ec
NA19787	MXL	0	0	0	1	unresolved_or_ambiguous	0455d0302ac12a29ab87091cab5e3e557416f6301e89fb122eef8d49cd5644ec
NA19788	MXL	1	0	1	1		0455d0302ac12a29ab87091cab5e3e557416f6301e89fb122eef8d49cd5644ec
NA19789	MXL	0	0	0	1	unresolved_or_ambiguous	0455d0302ac12a29ab87091cab5e3e557416f6301e89fb122eef8d49cd5644ec
NA19790	MXL	1	0	1	1		0455d0302ac12a29ab87091cab5e3e557416f6301e89fb122eef8d49cd5644ec
NA19794	MXL	0	0	0	1	unresolved_or_ambiguous	0455d0302ac12a29ab87091cab5e3e557416f6301e89fb122eef8d49cd5644ec
NA19795	MXL	0	0	0	1	unresolved_or_ambiguous	0455d0302ac12a29ab87091cab5e3e557416f6301e89fb122eef8d49cd5644ec
NA19796	MXL	0	0	0	1	unresolved_or_ambiguous	0455d0302ac12a29ab87091cab5e3e557416f6301e89fb122eef8d49cd5644ec
NA19818	ASW	1	0	1	1		0455d0302ac12a29ab87091cab5e3e557416f6301e89fb122eef8d49cd5644ec
NA19819	ASW	1	0	1	1		0455d0302ac12a29ab87091cab5e3e557416f6301e89fb122eef8d49cd5644ec
NA19828	ASW	1	0	1	1		0455d0302ac12a29ab87091cab5e3e557416f6301e89fb122eef8d49cd5644ec
NA19834	ASW	0	0	0	1	unresolved_or_ambiguous	0455d0302ac12a29ab87091cab5e3e557416f6301e89fb122eef8d49cd5644ec
NA19835	ASW	1	0	1	1		0455d0302ac12a29ab87091cab5e3e557416f6301e89fb122eef8d49cd5644ec
NA19836	ASW	0	0	0	1	unresolved_or_ambiguous	0455d0302ac12a29ab87091cab5e3e557416f6301e89fb122eef8d49cd5644ec
NA19900	ASW	1	0	1	1		0455d0302ac12a29ab87091cab5e3e557416f6301e89fb122eef8d49cd5644ec
NA19901	ASW	1	0	1	1		0455d0302ac12a29ab87091cab5e3e557416f6301e89fb122eef8d49cd5644ec
NA19902	ASW	1	0	2	1		0455d0302ac12a29ab87091cab5e3e557416f6301e89fb122eef8d49cd5644ec
NA19904	ASW	0	0	0	1	unresolved_or_ambiguous	0455d0302ac12a29ab87091cab5e3e557416f6301e89fb122eef8d49cd5644ec
NA19908	ASW	0	0	0	1	unresolved_or_ambiguous	0455d0302ac12a29ab87091cab5e3e557416f6301e89fb122eef8d49cd5644ec
NA19909	ASW	1	0	1	1		0455d0302ac12a29ab87091cab5e3e557416f6301e89fb122eef8d49cd5644ec
NA19914	ASW	0	0	0	1	unresolved_or_ambiguous	0455d0302ac12a29ab87091cab5e3e557416f6301e89fb122eef8d49cd5644ec
NA19915	ASW	0	0	0	1	unresolved_or_ambiguous	0455d0302ac12a29ab87091cab5e3e557416f6301e89fb122eef8d49cd5644ec
NA19916	ASW	0	0	0	1	unresolved_or_ambiguous	0455d0302ac12a29ab87091cab5e3e557416f6301e89fb122eef8d49cd5644ec
NA19917	ASW	0	0	0	1	unresolved_or_ambiguous	0455d0302ac12a29ab87091cab5e3e557416f6301e89fb122eef8d49cd5644ec
NA19918	ASW	0	0	0	1	unresolved_or_ambiguous	0455d0302ac12a29ab87091cab5e3e557416f6301e89fb122eef8d49cd5644ec
NA19919	ASW	1	0	1	1		0455d0302ac12a29ab87091cab5e3e557416f6301e89fb122eef8d49cd5644ec
NA19920	ASW	0	0	0	1	unresolved_or_ambiguous	0455d0302ac12a29ab87091cab5e3e557416f6301e89fb122eef8d49cd5644ec
NA19921	ASW	0	0	0	1	unresolved_or_ambiguous	0455d0302ac12a29ab87091cab5e3e557416f6301e89fb122eef8d49cd5644ec
NA19982	ASW	0	0	0	1	unresolved_or_ambiguous	0455d0302ac12a29ab87091cab5e3e557416f6301e89fb122eef8d49cd5644ec
NA19983	ASW	0	0	0	1	unresolved_or_ambiguous	0455d0302ac12a29ab87091cab5e3e557416f6301e89fb122eef8d49cd5644ec
NA19985	ASW	1	0	2	1		0455d0302ac12a29ab87091cab5e3e557416f6301e89fb122eef8d49cd5644ec
NA20126	ASW	0	0	0	1	unresolved_or_ambiguous	0455d0302ac12a29ab87091cab5e3e557416f6301e89fb122eef8d49cd5644ec
NA20127	ASW	1	0	1	1		0455d0302ac12a29ab87091cab5e3e557416f6301e89fb122eef8d49cd5644ec
NA20128	ASW	1	0	2	1		0455d0302ac12a29ab87091cab5e3e557416f6301e89fb122eef8d49cd5644ec
NA20129	ASW	0	0	0	1	unresolved_or_ambiguous	0455d0302ac12a29ab87091cab5e3e557416f6301e89fb122eef8d49cd5644ec
NA20276	ASW	1	0	2	1		0455d0302ac12a29ab87091cab5e3e557416f6301e89fb122eef8d49cd5644ec
NA20277	ASW	1	0	1	1		0455d0302ac12a29ab87091cab5e3e557416f6301e89fb122eef8d49cd5644ec
NA20278	ASW	1	0	2	1		0455d0302ac12a29ab87091cab5e3e557416f6301e89fb122eef8d49cd5644ec
NA20279	ASW	1	0	1	1		0455d0302ac12a29ab87091cab5e3e557416f6301e89fb122eef8d49cd5644ec
NA20281	ASW	1	0	1	1		0455d0302ac12a29ab87091cab5e3e557416f6301e89fb122eef8d49cd5644ec
NA20282	ASW	0	0	0	1	unresolved_or_ambiguous	0455d0302ac12a29ab87091cab5e3e557416f6301e89fb122eef8d49cd5644ec
NA20284	ASW	0	0	0	1	unresolved_or_ambiguous	0455d0302ac12a29ab87091cab5e3e557416f6301e89fb122eef8d49cd5644ec
NA20287	ASW	0	0	0	1	unresolved_or_ambiguous	0455d0302ac12a29ab87091cab5e3e557416f6301e89fb122eef8d49cd5644ec
NA20288	ASW	0	0	0	1	unresolved_or_ambiguous	0455d0302ac12a29ab87091cab5e3e557416f6301e89fb122eef8d49cd5644ec
NA20289	ASW	1	0	1	1		0455d0302ac12a29ab87091cab5e3e557416f6301e89fb122eef8d49cd5644ec
NA20290	ASW	1	0	1	1		0455d0302ac12a29ab87091cab5e3e557416f6301e89fb122eef8d49cd5644ec
NA20291	ASW	1	0	2	1		0455d0302ac12a29ab87091cab5e3e557416f6301e89fb122eef8d49cd5644ec
NA20292	ASW	0	0	0	1	unresolved_or_ambiguous	0455d0302ac12a29ab87091cab5e3e557416f6301e89fb122eef8d49cd5644ec
NA20294	ASW	1	0	2	1		0455d0302ac12a29ab87091cab5e3e557416f6301e89fb122eef8d49cd5644ec
NA20295	ASW	1	0	1	1		0455d0302ac12a29ab87091cab5e3e557416f6301e89fb122eef8d49cd5644ec
NA20296	ASW	1	0	1	1		0455d0302ac12a29ab87091cab5e3e557416f6301e89fb122eef8d49cd5644ec
NA20297	ASW	0	0	0	1	unresolved_or_ambiguous	0455d0302ac12a29ab87091cab5e3e557416f6301e89fb122eef8d49cd5644ec
NA20299	ASW	0	0	0	1	unresolved_or_ambiguous	0455d0302ac12a29ab87091cab5e3e557416f6301e89fb122eef8d49cd5644ec
NA20300	ASW	0	0	0	1	unresolved_or_ambiguous	0455d0302ac12a29ab87091cab5e3e557416f6301e89fb122eef8d49cd5644ec
NA20301	ASW	0	0	0	1	unresolved_or_ambiguous	0455d0302ac12a29ab87091cab5e3e557416f6301e89fb122eef8d49cd5644ec
NA20302	ASW	1	0	1	1		0455d0302ac12a29ab87091cab5e3e557416f6301e89fb122eef8d49cd5644ec
NA20314	ASW	0	0	0	1	unresolved_or_ambiguous	0455d0302ac12a29ab87091cab5e3e557416f6301e89fb122eef8d49cd5644ec
NA20316	ASW	0	0	0	1	unresolved_or_ambiguous	0455d0302ac12a29ab87091cab5e3e557416f6301e89fb122eef8d49cd5644ec
NA20317	ASW	0	0	0	1	unresolved_or_ambiguous	0455d0302ac12a29ab87091cab5e3e557416f6301e89fb122eef8d49cd5644ec
NA20319	ASW	1	0	1	1		0455d0302ac12a29ab87091cab5e3e557416f6301e89fb122eef8d49cd5644ec
NA20322	ASW	1	0	2	1		0455d0302ac12a29ab87091cab5e3e557416f6301e89fb122eef8d49cd5644ec
NA20332	ASW	0	0	0	1	unresolved_or_ambiguous	0455d0302ac12a29ab87091cab5e3e557416f6301e89fb122eef8d49cd5644ec
NA20333	ASW	0	0	0	1	unresolved_or_ambiguous	0455d0302ac12a29ab87091cab5e3e557416f6301e89fb122eef8d49cd5644ec
NA20334	ASW	0	0	0	1	unresolved_or_ambiguous	0455d0302ac12a29ab87091cab5e3e557416f6301e89fb122eef8d49cd5644ec
NA20335	ASW	0	0	0	1	unresolved_or_ambiguous	0455d0302ac12a29ab87091cab5e3e557416f6301e89fb122eef8d49cd5644ec
NA20336	ASW	1	0	2	1		0455d0302ac12a29ab87091cab5e3e557416f6301e89fb122eef8d49cd5644ec
NA20337	ASW	1	0	2	1		0455d0302ac12a29ab87091cab5e3e557416f6301e89fb122eef8d49cd5644ec
NA20340	ASW	1	0	2	1		0455d0302ac12a29ab87091cab5e3e557416f6301e89fb122eef8d49cd5644ec
NA20341	ASW	1	0	1	1		0455d0302ac12a29ab87091cab5e3e557416f6301e89fb122eef8d49cd5644ec
NA20342	ASW	1	0	2	1		0455d0302ac12a29ab87091cab5e3e557416f6301e89fb122eef8d49cd5644ec
NA20343	ASW	1	0	1	1		0455d0302ac12a29ab87091cab5e3e557416f6301e89fb122eef8d49cd5644ec
NA20344	ASW	1	0	1	1		0455d0302ac12a29ab87091cab5e3e557416f6301e89fb122eef8d49cd5644ec
NA20345	ASW	0	0	0	1	unresolved_or_ambiguous	0455d0302ac12a29ab87091cab5e3e557416f6301e89fb122eef8d49cd5644ec
NA20346	ASW	1	0	2	1		0455d0302ac12a29ab87091cab5e3e557416f6301e89fb122eef8d49cd5644ec
NA20347	ASW	1	0	1	1		0455d0302ac12a29ab87091cab5e3e557416f6301e89fb122eef8d49cd5644ec
NA20348	ASW	0	0	0	1	unresolved_or_ambiguous	0455d0302ac12a29ab87091cab5e3e557416f6301e89fb122eef8d49cd5644ec
NA20349	ASW	1	0	1	1		0455d0302ac12a29ab87091cab5e3e557416f6301e89fb122eef8d49cd5644ec
NA20350	ASW	0	0	0	1	unresolved_or_ambiguous	0455d0302ac12a29ab87091cab5e3e557416f6301e89fb122eef8d49cd5644ec
NA20356	ASW	1	0	1	1		0455d0302ac12a29ab87091cab5e3e557416f6301e89fb122eef8d49cd5644ec
NA20357	ASW	0	0	0	1	unresolved_or_ambiguous	0455d0302ac12a29ab87091cab5e3e557416f6301e89fb122eef8d49cd5644ec
NA20358	ASW	1	0	1	1		0455d0302ac12a29ab87091cab5e3e557416f6301e89fb122eef8d49cd5644ec
NA20359	ASW	1	0	1	1		0455d0302ac12a29ab87091cab5e3e557416f6301e89fb122eef8d49cd5644ec
NA20360	ASW	1	0	1	1		0455d0302ac12a29ab87091cab5e3e557416f6301e89fb122eef8d49cd5644ec
NA20363	ASW	0	0	0	1	unresolved_or_ambiguous	0455d0302ac12a29ab87091cab5e3e557416f6301e89fb122eef8d49cd5644ec
NA20364	ASW	0	0	0	1	unresolved_or_ambiguous	0455d0302ac12a29ab87091cab5e3e557416f6301e89fb122eef8d49cd5644ec
NA20502	TSI	0	0	0	1	unresolved_or_ambiguous	0455d0302ac12a29ab87091cab5e3e557416f6301e89fb122eef8d49cd5644ec
NA20504	TSI	1	0	1	1		0455d0302ac12a29ab87091cab5e3e557416f6301e89fb122eef8d49cd5644ec
NA20505	TSI	0	0	0	1	unresolved_or_ambiguous	0455d0302ac12a29ab87091cab5e3e557416f6301e89fb122eef8d49cd5644ec
NA20506	TSI	0	0	0	1	unresolved_or_ambiguous	0455d0302ac12a29ab87091cab5e3e557416f6301e89fb122eef8d49cd5644ec
NA20508	TSI	1	0	1	1		0455d0302ac12a29ab87091cab5e3e557416f6301e89fb122eef8d49cd5644ec
NA20509	TSI	1	0	1	1		0455d0302ac12a29ab87091cab5e3e557416f6301e89fb122eef8d49cd5644ec
NA20510	TSI	1	0	1	1		0455d0302ac12a29ab87091cab5e3e557416f6301e89fb122eef8d49cd5644ec
NA20512	TSI	0	0	0	1	unresolved_or_ambiguous	0455d0302ac12a29ab87091cab5e3e557416f6301e89fb122eef8d49cd5644ec
NA20515	TSI	0	0	0	1	unresolved_or_ambiguous	0455d0302ac12a29ab87091cab5e3e557416f6301e89fb122eef8d49cd5644ec
NA20516	TSI	0	0	0	1	unresolved_or_ambiguous	0455d0302ac12a29ab87091cab5e3e557416f6301e89fb122eef8d49cd5644ec
NA20517	TSI	1	0	1	1		0455d0302ac12a29ab87091cab5e3e557416f6301e89fb122eef8d49cd5644ec
NA20518	TSI	0	0	0	1	unresolved_or_ambiguous	0455d0302ac12a29ab87091cab5e3e557416f6301e89fb122eef8d49cd5644ec
NA20519	TSI	1	0	1	1		0455d0302ac12a29ab87091cab5e3e557416f6301e89fb122eef8d49cd5644ec
NA20520	TSI	0	0	0	1	unresolved_or_ambiguous	0455d0302ac12a29ab87091cab5e3e557416f6301e89fb122eef8d49cd5644ec
NA20521	TSI	1	0	1	1		0455d0302ac12a29ab87091cab5e3e557416f6301e89fb122eef8d49cd5644ec
NA20522	TSI	1	0	1	1		0455d0302ac12a29ab87091cab5e3e557416f6301e89fb122eef8d49cd5644ec
NA20524	TSI	1	0	1	1		0455d0302ac12a29ab87091cab5e3e557416f6301e89fb122eef8d49cd5644ec
NA20525	TSI	0	0	0	1	unresolved_or_ambiguous	0455d0302ac12a29ab87091cab5e3e557416f6301e89fb122eef8d49cd5644ec
NA20527	TSI	1	0	1	1		0455d0302ac12a29ab87091cab5e3e557416f6301e89fb122eef8d49cd5644ec
NA20528	TSI	1	0	1	1		0455d0302ac12a29ab87091cab5e3e557416f6301e89fb122eef8d49cd5644ec
NA20529	TSI	0	0	0	1	unresolved_or_ambiguous	0455d0302ac12a29ab87091cab5e3e557416f6301e89fb122eef8d49cd5644ec
NA20530	TSI	0	0	0	1	unresolved_or_ambiguous	0455d0302ac12a29ab87091cab5e3e557416f6301e89fb122eef8d49cd5644ec
NA20531	TSI	0	0	0	1	unresolved_or_ambiguous	0455d0302ac12a29ab87091cab5e3e557416f6301e89fb122eef8d49cd5644ec
NA20534	TSI	0	0	0	1	unresolved_or_ambiguous	0455d0302ac12a29ab87091cab5e3e557416f6301e89fb122eef8d49cd5644ec
NA20535	TSI	0	0	0	1	unresolved_or_ambiguous	0455d0302ac12a29ab87091cab5e3e557416f6301e89fb122eef8d49cd5644ec
NA20538	TSI	0	0	0	1	unresolved_or_ambiguous	0455d0302ac12a29ab87091cab5e3e557416f6301e89fb122eef8d49cd5644ec
NA20539	TSI	0	0	0	1	unresolved_or_ambiguous	0455d0302ac12a29ab87091cab5e3e557416f6301e89fb122eef8d49cd5644ec
NA20540	TSI	0	0	0	1	unresolved_or_ambiguous	0455d0302ac12a29ab87091cab5e3e557416f6301e89fb122eef8d49cd5644ec
NA20541	TSI	0	0	0	1	unresolved_or_ambiguous	0455d0302ac12a29ab87091cab5e3e557416f6301e89fb122eef8d49cd5644ec
NA20542	TSI	0	0	0	1	unresolved_or_ambiguous	0455d0302ac12a29ab87091cab5e3e557416f6301e89fb122eef8d49cd5644ec
NA20543	TSI	0	0	0	1	unresolved_or_ambiguous	0455d0302ac12a29ab87091cab5e3e557416f6301e89fb122eef8d49cd5644ec
NA20544	TSI	0	0	0	1	unresolved_or_ambiguous	0455d0302ac12a29ab87091cab5e3e557416f6301e89fb122eef8d49cd5644ec
NA20581	TSI	1	0	1	1		0455d0302ac12a29ab87091cab5e3e557416f6301e89fb122eef8d49cd5644ec
NA20582	TSI	1	0	1	1		0455d0302ac12a29ab87091cab5e3e557416f6301e89fb122eef8d49cd5644ec
NA20585	TSI	0	0	0	1	unresolved_or_ambiguous	0455d0302ac12a29ab87091cab5e3e557416f6301e89fb122eef8d49cd5644ec
NA20586	TSI	0	0	0	1	unresolved_or_ambiguous	0455d0302ac12a29ab87091cab5e3e557416f6301e89fb122eef8d49cd5644ec
NA20588	TSI	0	0	0	1	unresolved_or_ambiguous	0455d0302ac12a29ab87091cab5e3e557416f6301e89fb122eef8d49cd5644ec
NA20589	TSI	0	0	0	1	unresolved_or_ambiguous	0455d0302ac12a29ab87091cab5e3e557416f6301e89fb122eef8d49cd5644ec
NA20752	TSI	1	0	1	1		0455d0302ac12a29ab87091cab5e3e557416f6301e89fb122eef8d49cd5644ec
NA20753	TSI	1	0	1	1		0455d0302ac12a29ab87091cab5e3e557416f6301e89fb122eef8d49cd5644ec
NA20754	TSI	0	0	0	1	unresolved_or_ambiguous	0455d0302ac12a29ab87091cab5e3e557416f6301e89fb122eef8d49cd5644ec
NA20755	TSI	1	0	1	1		0455d0302ac12a29ab87091cab5e3e557416f6301e89fb122eef8d49cd5644ec
NA20756	TSI	0	0	0	1	unresolved_or_ambiguous	0455d0302ac12a29ab87091cab5e3e557416f6301e89fb122eef8d49cd5644ec
NA20757	TSI	0	0	0	1	unresolved_or_ambiguous	0455d0302ac12a29ab87091cab5e3e557416f6301e89fb122eef8d49cd5644ec
NA20758	TSI	0	0	0	1	unresolved_or_ambiguous	0455d0302ac12a29ab87091cab5e3e557416f6301e89fb122eef8d49cd5644ec
NA20759	TSI	0	0	0	1	unresolved_or_ambiguous	0455d0302ac12a29ab87091cab5e3e557416f6301e89fb122eef8d49cd5644ec
NA20760	TSI	0	0	0	1	unresolved_or_ambiguous	0455d0302ac12a29ab87091cab5e3e557416f6301e89fb122eef8d49cd5644ec
NA20761	TSI	0	0	0	1	unresolved_or_ambiguous	0455d0302ac12a29ab87091cab5e3e557416f6301e89fb122eef8d49cd5644ec
NA20765	TSI	0	0	0	1	unresolved_or_ambiguous	0455d0302ac12a29ab87091cab5e3e557416f6301e89fb122eef8d49cd5644ec
NA20766	TSI	0	0	0	1	unresolved_or_ambiguous	0455d0302ac12a29ab87091cab5e3e557416f6301e89fb122eef8d49cd5644ec
NA20768	TSI	0	0	0	1	unresolved_or_ambiguous	0455d0302ac12a29ab87091cab5e3e557416f6301e89fb122eef8d49cd5644ec
NA20769	TSI	0	0	0	1	unresolved_or_ambiguous	0455d0302ac12a29ab87091cab5e3e557416f6301e89fb122eef8d49cd5644ec
NA20770	TSI	0	0	0	1	unresolved_or_ambiguous	0455d0302ac12a29ab87091cab5e3e557416f6301e89fb122eef8d49cd5644ec
NA20771	TSI	1	0	2	1		0455d0302ac12a29ab87091cab5e3e557416f6301e89fb122eef8d49cd5644ec
NA20772	TSI	0	0	0	1	unresolved_or_ambiguous	0455d0302ac12a29ab87091cab5e3e557416f6301e89fb122eef8d49cd5644ec
NA20773	TSI	1	0	1	1		0455d0302ac12a29ab87091cab5e3e557416f6301e89fb122eef8d49cd5644ec
NA20774	TSI	0	0	0	1	unresolved_or_ambiguous	0455d0302ac12a29ab87091cab5e3e557416f6301e89fb122eef8d49cd5644ec
NA20775	TSI	0	0	0	1	unresolved_or_ambiguous	0455d0302ac12a29ab87091cab5e3e557416f6301e89fb122eef8d49cd5644ec
NA20778	TSI	0	0	0	1	unresolved_or_ambiguous	0455d0302ac12a29ab87091cab5e3e557416f6301e89fb122eef8d49cd5644ec
NA20783	TSI	1	0	1	1		0455d0302ac12a29ab87091cab5e3e557416f6301e89fb122eef8d49cd5644ec
NA20785	TSI	0	0	0	1	unresolved_or_ambiguous	0455d0302ac12a29ab87091cab5e3e557416f6301e89fb122eef8d49cd5644ec
NA20786	TSI	0	0	0	1	unresolved_or_ambiguous	0455d0302ac12a29ab87091cab5e3e557416f6301e89fb122eef8d49cd5644ec
NA20787	TSI	1	0	2	1		0455d0302ac12a29ab87091cab5e3e557416f6301e89fb122eef8d49cd5644ec
NA20790	TSI	0	0	0	1	unresolved_or_ambiguous	0455d0302ac12a29ab87091cab5e3e557416f6301e89fb122eef8d49cd5644ec
NA20792	TSI	0	0	0	1	unresolved_or_ambiguous	0455d0302ac12a29ab87091cab5e3e557416f6301e89fb122eef8d49cd5644ec
NA20795	TSI	1	0	1	1		0455d0302ac12a29ab87091cab5e3e557416f6301e89fb122eef8d49cd5644ec
NA20796	TSI	0	0	0	1	unresolved_or_ambiguous	0455d0302ac12a29ab87091cab5e3e557416f6301e89fb122eef8d49cd5644ec
NA20797	TSI	1	0	1	1		0455d0302ac12a29ab87091cab5e3e557416f6301e89fb122eef8d49cd5644ec
NA20798	TSI	0	0	0	1	unresolved_or_ambiguous	0455d0302ac12a29ab87091cab5e3e557416f6301e89fb122eef8d49cd5644ec
NA20799	TSI	1	0	1	1		0455d0302ac12a29ab87091cab5e3e557416f6301e89fb122eef8d49cd5644ec
NA20800	TSI	1	0	2	1		0455d0302ac12a29ab87091cab5e3e557416f6301e89fb122eef8d49cd5644ec
NA20801	TSI	0	0	0	1	unresolved_or_ambiguous	0455d0302ac12a29ab87091cab5e3e557416f6301e89fb122eef8d49cd5644ec
NA20802	TSI	0	0	0	1	unresolved_or_ambiguous	0455d0302ac12a29ab87091cab5e3e557416f6301e89fb122eef8d49cd5644ec
NA20803	TSI	1	0	2	1		0455d0302ac12a29ab87091cab5e3e557416f6301e89fb122eef8d49cd5644ec
NA20804	TSI	0	0	0	1	unresolved_or_ambiguous	0455d0302ac12a29ab87091cab5e3e557416f6301e89fb122eef8d49cd5644ec
NA20805	TSI	0	0	0	1	unresolved_or_ambiguous	0455d0302ac12a29ab87091cab5e3e557416f6301e89fb122eef8d49cd5644ec
NA20806	TSI	0	0	0	1	unresolved_or_ambiguous	0455d0302ac12a29ab87091cab5e3e557416f6301e89fb122eef8d49cd5644ec
NA20807	TSI	0	0	0	1	unresolved_or_ambiguous	0455d0302ac12a29ab87091cab5e3e557416f6301e89fb122eef8d49cd5644ec
NA20808	TSI	1	0	1	1		0455d0302ac12a29ab87091cab5e3e557416f6301e89fb122eef8d49cd5644ec
NA20809	TSI	0	0	0	1	unresolved_or_ambiguous	0455d0302ac12a29ab87091cab5e3e557416f6301e89fb122eef8d49cd5644ec
NA20810	TSI	0	0	0	1	unresolved_or_ambiguous	0455d0302ac12a29ab87091cab5e3e557416f6301e89fb122eef8d49cd5644ec
NA20811	TSI	1	0	1	1		0455d0302ac12a29ab87091cab5e3e557416f6301e89fb122eef8d49cd5644ec
NA20812	TSI	0	0	0	1	unresolved_or_ambiguous	0455d0302ac12a29ab87091cab5e3e557416f6301e89fb122eef8d49cd5644ec
NA20813	TSI	0	0	0	1	unresolved_or_ambiguous	0455d0302ac12a29ab87091cab5e3e557416f6301e89fb122eef8d49cd5644ec
NA20815	TSI	0	0	0	1	unresolved_or_ambiguous	0455d0302ac12a29ab87091cab5e3e557416f6301e89fb122eef8d49cd5644ec
NA20816	TSI	0	0	0	1	unresolved_or_ambiguous	0455d0302ac12a29ab87091cab5e3e557416f6301e89fb122eef8d49cd5644ec
NA20818	TSI	0	0	0	1	unresolved_or_ambiguous	0455d0302ac12a29ab87091cab5e3e557416f6301e89fb122eef8d49cd5644ec
NA20819	TSI	0	0	0	1	unresolved_or_ambiguous	0455d0302ac12a29ab87091cab5e3e557416f6301e89fb122eef8d49cd5644ec
NA20826	TSI	1	0	2	1		0455d0302ac12a29ab87091cab5e3e557416f6301e89fb122eef8d49cd5644ec
NA20828	TSI	0	0	0	1	unresolved_or_ambiguous	0455d0302ac12a29ab87091cab5e3e557416f6301e89fb122eef8d49cd5644ec
