cohort	subject	modality	population	input_url	index_url	input_md5	genome_build	selection_seed	primary_confirmation_eligible
1000G-2014-unseen	HG00122	wgs	GBR	https://ftp.sra.ebi.ac.uk/vol1/run/ERR324/ERR3240196/HG00122.final.cram	https://ftp.sra.ebi.ac.uk/vol1/run/ERR324/ERR3240196/HG00122.final.cram.crai	07781d5a9ff2dfd121656a6da3265e0a	GRCh38DH	ChampHLA-CC-expansion-20260901	1
1000G-2014-unseen	HG00126	wgs	GBR	https://ftp.sra.ebi.ac.uk/vol1/run/ERR324/ERR3240199/HG00126.final.cram	https://ftp.sra.ebi.ac.uk/vol1/run/ERR324/ERR3240199/HG00126.final.cram.crai	36643fd96dad15cb1792987e7f1e3471	GRCh38DH	ChampHLA-CC-expansion-20260901	1
1000G-2014-unseen	HG00130	wgs	GBR	https://ftp.sra.ebi.ac.uk/vol1/run/ERR324/ERR3240138/HG00130.final.cram	https://ftp.sra.ebi.ac.uk/vol1/run/ERR324/ERR3240138/HG00130.final.cram.crai	951c49c01db55f30ca5dc34db402be06	GRCh38DH	ChampHLA-CC-expansion-20260901	1
1000G-2014-unseen	HG00131	wgs	GBR	https://ftp.sra.ebi.ac.uk/vol1/run/ERR324/ERR3240139/HG00131.final.cram	https://ftp.sra.ebi.ac.uk/vol1/run/ERR324/ERR3240139/HG00131.final.cram.crai	8aadd7fe8f28394e6c99a873067c981c	GRCh38DH	ChampHLA-CC-expansion-20260901	1
1000G-2014-unseen	HG00157	wgs	GBR	https://ftp.sra.ebi.ac.uk/vol1/run/ERR324/ERR3240157/HG00157.final.cram	https://ftp.sra.ebi.ac.uk/vol1/run/ERR324/ERR3240157/HG00157.final.cram.crai	b16f6aaf4f379259a7e96b2e80b3a493	GRCh38DH	ChampHLA-CC-expansion-20260901	1
1000G-2014-unseen	HG00242	wgs	GBR	https://ftp.sra.ebi.ac.uk/vol1/run/ERR324/ERR3240206/HG00242.final.cram	https://ftp.sra.ebi.ac.uk/vol1/run/ERR324/ERR3240206/HG00242.final.cram.crai	a7473804c49bd4f2c66bab5bd6004530	GRCh38DH	ChampHLA-CC-expansion-20260901	1
1000G-2014-unseen	HG00258	wgs	GBR	https://ftp.sra.ebi.ac.uk/vol1/run/ERR324/ERR3240215/HG00258.final.cram	https://ftp.sra.ebi.ac.uk/vol1/run/ERR324/ERR3240215/HG00258.final.cram.crai	22b1e096abd3fe7e9d3588c7a7a02a78	GRCh38DH	ChampHLA-CC-expansion-20260901	1
1000G-2014-unseen	HG00259	wgs	GBR	https://ftp.sra.ebi.ac.uk/vol1/run/ERR324/ERR3240216/HG00259.final.cram	https://ftp.sra.ebi.ac.uk/vol1/run/ERR324/ERR3240216/HG00259.final.cram.crai	e84f413e65e7074de3b21fd832dd0ec4	GRCh38DH	ChampHLA-CC-expansion-20260901	1
1000G-2014-unseen	HG00326	wgs	FIN	https://ftp.sra.ebi.ac.uk/vol1/run/ERR324/ERR3241796/HG00326.final.cram	https://ftp.sra.ebi.ac.uk/vol1/run/ERR324/ERR3241796/HG00326.final.cram.crai	ecf66ac035241b014510fe6b94f1d9f7	GRCh38DH	ChampHLA-CC-expansion-20260901	1
1000G-2014-unseen	HG00341	wgs	FIN	https://ftp.sra.ebi.ac.uk/vol1/run/ERR324/ERR3241802/HG00341.final.cram	https://ftp.sra.ebi.ac.uk/vol1/run/ERR324/ERR3241802/HG00341.final.cram.crai	6853b12e976ebb550fe095871d2cb826	GRCh38DH	ChampHLA-CC-expansion-20260901	1
1000G-2014-unseen	HG00372	wgs	FIN	https://ftp.sra.ebi.ac.uk/vol1/run/ERR324/ERR3240271/HG00372.final.cram	https://ftp.sra.ebi.ac.uk/vol1/run/ERR324/ERR3240271/HG00372.final.cram.crai	f21f79a4731c6c1ecc2a887a258834c3	GRCh38DH	ChampHLA-CC-expansion-20260901	1
1000G-2014-unseen	HG00375	wgs	FIN	https://ftp.sra.ebi.ac.uk/vol1/run/ERR324/ERR3240273/HG00375.final.cram	https://ftp.sra.ebi.ac.uk/vol1/run/ERR324/ERR3240273/HG00375.final.cram.crai	8cb12a96dc613c18cc90b2f97660613f	GRCh38DH	ChampHLA-CC-expansion-20260901	1
1000G-2014-unseen	HG00422	wgs	CHS	https://ftp.sra.ebi.ac.uk/vol1/run/ERR324/ERR3241671/HG00422.final.cram	https://ftp.sra.ebi.ac.uk/vol1/run/ERR324/ERR3241671/HG00422.final.cram.crai	949b8ffe0dff90ef1562491f890f6952	GRCh38DH	ChampHLA-CC-expansion-20260901	1
1000G-2014-unseen	HG00557	wgs	CHS	https://ftp.sra.ebi.ac.uk/vol1/run/ERR324/ERR3241698/HG00557.final.cram	https://ftp.sra.ebi.ac.uk/vol1/run/ERR324/ERR3241698/HG00557.final.cram.crai	a81b3a78a8c9ea8752944836b9e9a933	GRCh38DH	ChampHLA-CC-expansion-20260901	1
1000G-2014-unseen	HG00614	wgs	CHS	https://ftp.sra.ebi.ac.uk/vol1/run/ERR324/ERR3241718/HG00614.final.cram	https://ftp.sra.ebi.ac.uk/vol1/run/ERR324/ERR3241718/HG00614.final.cram.crai	67ae0773f59884022a4de5da6a23ad30	GRCh38DH	ChampHLA-CC-expansion-20260901	1
1000G-2014-unseen	HG00663	wgs	CHS	https://ftp.sra.ebi.ac.uk/vol1/run/ERR324/ERR3241737/HG00663.final.cram	https://ftp.sra.ebi.ac.uk/vol1/run/ERR324/ERR3241737/HG00663.final.cram.crai	b77a535ee3cc24bb30a64e5839d8fc8f	GRCh38DH	ChampHLA-CC-expansion-20260901	1
1000G-2014-unseen	HG00698	wgs	CHS	https://ftp.sra.ebi.ac.uk/vol1/run/ERR324/ERR3241746/HG00698.final.cram	https://ftp.sra.ebi.ac.uk/vol1/run/ERR324/ERR3241746/HG00698.final.cram.crai	bd2cfccb44fb9e6dce0233ab34ebd85c	GRCh38DH	ChampHLA-CC-expansion-20260901	1
1000G-2014-unseen	HG01055	wgs	PUR	https://ftp.sra.ebi.ac.uk/vol1/run/ERR324/ERR3241764/HG01055.final.cram	https://ftp.sra.ebi.ac.uk/vol1/run/ERR324/ERR3241764/HG01055.final.cram.crai	e9c643470cee47ff1072974f82aac457	GRCh38DH	ChampHLA-CC-expansion-20260901	1
1000G-2014-unseen	HG01061	wgs	PUR	https://ftp.sra.ebi.ac.uk/vol1/run/ERR324/ERR3241808/HG01061.final.cram	https://ftp.sra.ebi.ac.uk/vol1/run/ERR324/ERR3241808/HG01061.final.cram.crai	9a063d379054897183527117f3fcba8e	GRCh38DH	ChampHLA-CC-expansion-20260901	1
1000G-2014-unseen	HG01073	wgs	PUR	https://ftp.sra.ebi.ac.uk/vol1/run/ERR324/ERR3241812/HG01073.final.cram	https://ftp.sra.ebi.ac.uk/vol1/run/ERR324/ERR3241812/HG01073.final.cram.crai	fe3f8595abf1efd8b6a604bbc127f1db	GRCh38DH	ChampHLA-CC-expansion-20260901	1
1000G-2014-unseen	HG01082	wgs	PUR	https://ftp.sra.ebi.ac.uk/vol1/run/ERR324/ERR3241814/HG01082.final.cram	https://ftp.sra.ebi.ac.uk/vol1/run/ERR324/ERR3241814/HG01082.final.cram.crai	957afb620f7447f004c957aa8acd1729	GRCh38DH	ChampHLA-CC-expansion-20260901	1
1000G-2014-unseen	HG01104	wgs	PUR	https://ftp.sra.ebi.ac.uk/vol1/run/ERR324/ERR3241822/HG01104.final.cram	https://ftp.sra.ebi.ac.uk/vol1/run/ERR324/ERR3241822/HG01104.final.cram.crai	d1642b1c85fabd9b2b633d48430cb635	GRCh38DH	ChampHLA-CC-expansion-20260901	1
1000G-2014-unseen	HG01134	wgs	CLM	https://ftp.sra.ebi.ac.uk/vol1/run/ERR324/ERR3241833/HG01134.final.cram	https://ftp.sra.ebi.ac.uk/vol1/run/ERR324/ERR3241833/HG01134.final.cram.crai	0b13467ea0bd8bc3b0f1401372ecadfb	GRCh38DH	ChampHLA-CC-expansion-20260901	1
1000G-2014-unseen	HG01148	wgs	CLM	https://ftp.sra.ebi.ac.uk/vol1/run/ERR324/ERR3241838/HG01148.final.cram	https://ftp.sra.ebi.ac.uk/vol1/run/ERR324/ERR3241838/HG01148.final.cram.crai	7b6ad1c3029dc9aa91946872a3b32555	GRCh38DH	ChampHLA-CC-expansion-20260901	1
1000G-2014-unseen	HG01183	wgs	PUR	https://ftp.sra.ebi.ac.uk/vol1/run/ERR324/ERR3241849/HG01183.final.cram	https://ftp.sra.ebi.ac.uk/vol1/run/ERR324/ERR3241849/HG01183.final.cram.crai	931e5388aa85b02ff8322c9e81ca37cf	GRCh38DH	ChampHLA-CC-expansion-20260901	1
1000G-2014-unseen	HG01247	wgs	PUR	https://ftp.sra.ebi.ac.uk/vol1/run/ERR324/ERR3241860/HG01247.final.cram	https://ftp.sra.ebi.ac.uk/vol1/run/ERR324/ERR3241860/HG01247.final.cram.crai	cb3cfc2937348d44deedef445b8e6ad7	GRCh38DH	ChampHLA-CC-expansion-20260901	1
1000G-2014-unseen	HG01253	wgs	CLM	https://ftp.sra.ebi.ac.uk/vol1/run/ERR324/ERR3241864/HG01253.final.cram	https://ftp.sra.ebi.ac.uk/vol1/run/ERR324/ERR3241864/HG01253.final.cram.crai	100253c10d7d771a4b47a0d221a34305	GRCh38DH	ChampHLA-CC-expansion-20260901	1
1000G-2014-unseen	HG01348	wgs	CLM	https://ftp.sra.ebi.ac.uk/vol1/run/ERR324/ERR3241877/HG01348.final.cram	https://ftp.sra.ebi.ac.uk/vol1/run/ERR324/ERR3241877/HG01348.final.cram.crai	0e8f4e1d91fe446a1d5c52d21b0b9e10	GRCh38DH	ChampHLA-CC-expansion-20260901	1
1000G-2014-unseen	HG01350	wgs	CLM	https://ftp.sra.ebi.ac.uk/vol1/run/ERR324/ERR3241886/HG01350.final.cram	https://ftp.sra.ebi.ac.uk/vol1/run/ERR324/ERR3241886/HG01350.final.cram.crai	544b8bc50a6a6bace0fcb5d22c258215	GRCh38DH	ChampHLA-CC-expansion-20260901	1
1000G-2014-unseen	HG01390	wgs	CLM	https://ftp.sra.ebi.ac.uk/vol1/run/ERR324/ERR3241897/HG01390.final.cram	https://ftp.sra.ebi.ac.uk/vol1/run/ERR324/ERR3241897/HG01390.final.cram.crai	51d577ceb39de720f1eab08347d3b81e	GRCh38DH	ChampHLA-CC-expansion-20260901	1
1000G-2014-unseen	HG01441	wgs	CLM	https://ftp.sra.ebi.ac.uk/vol1/run/ERR324/ERR3241901/HG01441.final.cram	https://ftp.sra.ebi.ac.uk/vol1/run/ERR324/ERR3241901/HG01441.final.cram.crai	a84887e681612ee655ba266fcebbeca8	GRCh38DH	ChampHLA-CC-expansion-20260901	1
1000G-2014-unseen	HG01491	wgs	CLM	https://ftp.sra.ebi.ac.uk/vol1/run/ERR324/ERR3241910/HG01491.final.cram	https://ftp.sra.ebi.ac.uk/vol1/run/ERR324/ERR3241910/HG01491.final.cram.crai	20726cae86a6c8821863db5acb47e1a7	GRCh38DH	ChampHLA-CC-expansion-20260901	1
1000G-2014-unseen	NA11893	wgs	CEU	https://ftp.sra.ebi.ac.uk/vol1/run/ERR323/ERR3239462/NA11893.final.cram	https://ftp.sra.ebi.ac.uk/vol1/run/ERR323/ERR3239462/NA11893.final.cram.crai	886c0a5698907c329cd5b91d0399d163	GRCh38DH	ChampHLA-CC-expansion-20260901	1
1000G-2014-unseen	NA11918	wgs	CEU	https://ftp.sra.ebi.ac.uk/vol1/run/ERR323/ERR3239293/NA11918.final.cram	https://ftp.sra.ebi.ac.uk/vol1/run/ERR323/ERR3239293/NA11918.final.cram.crai	1b0b441e7ddd88fbcf51f504ce434b24	GRCh38DH	ChampHLA-CC-expansion-20260901	1
1000G-2014-unseen	NA11931	wgs	CEU	https://ftp.sra.ebi.ac.uk/vol1/run/ERR323/ERR3239296/NA11931.final.cram	https://ftp.sra.ebi.ac.uk/vol1/run/ERR323/ERR3239296/NA11931.final.cram.crai	49f79b9a5754fe243e6775b5f4b3f212	GRCh38DH	ChampHLA-CC-expansion-20260901	1
1000G-2014-unseen	NA11994	wgs	CEU	https://ftp.sra.ebi.ac.uk/vol1/run/ERR323/ERR3239298/NA11994.final.cram	https://ftp.sra.ebi.ac.uk/vol1/run/ERR323/ERR3239298/NA11994.final.cram.crai	bdf976648ac0ace01175a08483b5095e	GRCh38DH	ChampHLA-CC-expansion-20260901	1
1000G-2014-unseen	NA12003	wgs	CEU	https://ftp.sra.ebi.ac.uk/vol1/run/ERR323/ERR3239300/NA12003.final.cram	https://ftp.sra.ebi.ac.uk/vol1/run/ERR323/ERR3239300/NA12003.final.cram.crai	2ed60e299b91a75a16ac5f1d844d22b5	GRCh38DH	ChampHLA-CC-expansion-20260901	1
1000G-2014-unseen	NA12005	wgs	CEU	https://ftp.sra.ebi.ac.uk/vol1/run/ERR323/ERR3239302/NA12005.final.cram	https://ftp.sra.ebi.ac.uk/vol1/run/ERR323/ERR3239302/NA12005.final.cram.crai	4e1360ac56eeb1b620aafc0211fa7cc3	GRCh38DH	ChampHLA-CC-expansion-20260901	1
1000G-2014-unseen	NA12006	wgs	CEU	https://ftp.sra.ebi.ac.uk/vol1/run/ERR323/ERR3239303/NA12006.final.cram	https://ftp.sra.ebi.ac.uk/vol1/run/ERR323/ERR3239303/NA12006.final.cram.crai	45f67b1b9dcd1104ecd692023f7b4eb4	GRCh38DH	ChampHLA-CC-expansion-20260901	1
1000G-2014-unseen	NA12046	wgs	CEU	https://ftp.sra.ebi.ac.uk/vol1/run/ERR323/ERR3239645/NA12046.final.cram	https://ftp.sra.ebi.ac.uk/vol1/run/ERR323/ERR3239645/NA12046.final.cram.crai	8c698eeca26e0aaf37a732cc391a6266	GRCh38DH	ChampHLA-CC-expansion-20260901	1
1000G-2014-unseen	NA12283	wgs	CEU	https://ftp.sra.ebi.ac.uk/vol1/run/ERR323/ERR3239469/NA12283.final.cram	https://ftp.sra.ebi.ac.uk/vol1/run/ERR323/ERR3239469/NA12283.final.cram.crai	6c8ded8d330171750f4c9bf6b90cea27	GRCh38DH	ChampHLA-CC-expansion-20260901	1
1000G-2014-unseen	NA12286	wgs	CEU	https://ftp.sra.ebi.ac.uk/vol1/run/ERR323/ERR3239470/NA12286.final.cram	https://ftp.sra.ebi.ac.uk/vol1/run/ERR323/ERR3239470/NA12286.final.cram.crai	404e5c6c0ad073966e3ee2c2015717b5	GRCh38DH	ChampHLA-CC-expansion-20260901	1
1000G-2014-unseen	NA18547	wgs	CHB	https://ftp.sra.ebi.ac.uk/vol1/run/ERR323/ERR3239358/NA18547.final.cram	https://ftp.sra.ebi.ac.uk/vol1/run/ERR323/ERR3239358/NA18547.final.cram.crai	ed994cc204350af7c2275cf69e8ac61c	GRCh38DH	ChampHLA-CC-expansion-20260901	1
1000G-2014-unseen	NA18566	wgs	CHB	https://ftp.sra.ebi.ac.uk/vol1/run/ERR323/ERR3239367/NA18566.final.cram	https://ftp.sra.ebi.ac.uk/vol1/run/ERR323/ERR3239367/NA18566.final.cram.crai	14e4d19e645fa888a460e4ca88ca2eed	GRCh38DH	ChampHLA-CC-expansion-20260901	1
1000G-2014-unseen	NA18571	wgs	CHB	https://ftp.sra.ebi.ac.uk/vol1/run/ERR323/ERR3239369/NA18571.final.cram	https://ftp.sra.ebi.ac.uk/vol1/run/ERR323/ERR3239369/NA18571.final.cram.crai	1edaddccd6745f5b93e9a09bb18ee74f	GRCh38DH	ChampHLA-CC-expansion-20260901	1
1000G-2014-unseen	NA18572	wgs	CHB	https://ftp.sra.ebi.ac.uk/vol1/run/ERR323/ERR3239370/NA18572.final.cram	https://ftp.sra.ebi.ac.uk/vol1/run/ERR323/ERR3239370/NA18572.final.cram.crai	0fb5fd552868baa10742715da0c3ff97	GRCh38DH	ChampHLA-CC-expansion-20260901	1
1000G-2014-unseen	NA18577	wgs	CHB	https://ftp.sra.ebi.ac.uk/vol1/run/ERR323/ERR3239372/NA18577.final.cram	https://ftp.sra.ebi.ac.uk/vol1/run/ERR323/ERR3239372/NA18577.final.cram.crai	decb1052ade6a0a3a35591831ac678b3	GRCh38DH	ChampHLA-CC-expansion-20260901	1
1000G-2014-unseen	NA18593	wgs	CHB	https://ftp.sra.ebi.ac.uk/vol1/run/ERR323/ERR3239376/NA18593.final.cram	https://ftp.sra.ebi.ac.uk/vol1/run/ERR323/ERR3239376/NA18593.final.cram.crai	10bc234c49b0d3e9c661e9504bc9afdb	GRCh38DH	ChampHLA-CC-expansion-20260901	1
1000G-2014-unseen	NA18603	wgs	CHB	https://ftp.sra.ebi.ac.uk/vol1/run/ERR323/ERR3239377/NA18603.final.cram	https://ftp.sra.ebi.ac.uk/vol1/run/ERR323/ERR3239377/NA18603.final.cram.crai	bf3006f77e9193f534d5c9dcc5f0ea9a	GRCh38DH	ChampHLA-CC-expansion-20260901	1
1000G-2014-unseen	NA18608	wgs	CHB	https://ftp.sra.ebi.ac.uk/vol1/run/ERR323/ERR3239379/NA18608.final.cram	https://ftp.sra.ebi.ac.uk/vol1/run/ERR323/ERR3239379/NA18608.final.cram.crai	71a22412e7ff7270a3a04bf906117c07	GRCh38DH	ChampHLA-CC-expansion-20260901	1
1000G-2014-unseen	NA18619	wgs	CHB	https://ftp.sra.ebi.ac.uk/vol1/run/ERR323/ERR3239516/NA18619.final.cram	https://ftp.sra.ebi.ac.uk/vol1/run/ERR323/ERR3239516/NA18619.final.cram.crai	c9f47e1d89681b60ec4026c5864c0e51	GRCh38DH	ChampHLA-CC-expansion-20260901	1
1000G-2014-unseen	NA18623	wgs	CHB	https://ftp.sra.ebi.ac.uk/vol1/run/ERR323/ERR3239520/NA18623.final.cram	https://ftp.sra.ebi.ac.uk/vol1/run/ERR323/ERR3239520/NA18623.final.cram.crai	b6a1cbb6d1412c7d9bd82e1723d232fe	GRCh38DH	ChampHLA-CC-expansion-20260901	1
1000G-2014-unseen	NA18626	wgs	CHB	https://ftp.sra.ebi.ac.uk/vol1/run/ERR323/ERR3239523/NA18626.final.cram	https://ftp.sra.ebi.ac.uk/vol1/run/ERR323/ERR3239523/NA18626.final.cram.crai	6fe18501eb7e8ce0e98f3185cce0f0ec	GRCh38DH	ChampHLA-CC-expansion-20260901	1
1000G-2014-unseen	NA18633	wgs	CHB	https://ftp.sra.ebi.ac.uk/vol1/run/ERR323/ERR3239529/NA18633.final.cram	https://ftp.sra.ebi.ac.uk/vol1/run/ERR323/ERR3239529/NA18633.final.cram.crai	bcc96f1f8324d9b41508e34c63a31161	GRCh38DH	ChampHLA-CC-expansion-20260901	1
1000G-2014-unseen	NA18749	wgs	CHB	https://ftp.sra.ebi.ac.uk/vol1/run/ERR323/ERR3239545/NA18749.final.cram	https://ftp.sra.ebi.ac.uk/vol1/run/ERR323/ERR3239545/NA18749.final.cram.crai	ecd0178a84ea341e8f3d36e31a89c8c8	GRCh38DH	ChampHLA-CC-expansion-20260901	1
1000G-2014-unseen	NA18853	wgs	YRI	https://ftp.sra.ebi.ac.uk/vol1/run/ERR323/ERR3239382/NA18853.final.cram	https://ftp.sra.ebi.ac.uk/vol1/run/ERR323/ERR3239382/NA18853.final.cram.crai	fdae5d382f986d804dfb687835ee4ec4	GRCh38DH	ChampHLA-CC-expansion-20260901	1
1000G-2014-unseen	NA18870	wgs	YRI	https://ftp.sra.ebi.ac.uk/vol1/run/ERR323/ERR3239386/NA18870.final.cram	https://ftp.sra.ebi.ac.uk/vol1/run/ERR323/ERR3239386/NA18870.final.cram.crai	139969d4a4039dcd3b97e687b69ea905	GRCh38DH	ChampHLA-CC-expansion-20260901	1
1000G-2014-unseen	NA18871	wgs	YRI	https://ftp.sra.ebi.ac.uk/vol1/run/ERR323/ERR3239387/NA18871.final.cram	https://ftp.sra.ebi.ac.uk/vol1/run/ERR323/ERR3239387/NA18871.final.cram.crai	dbffc6c7f4349a6f2e586531c2b394c8	GRCh38DH	ChampHLA-CC-expansion-20260901	1
1000G-2014-unseen	NA18939	wgs	JPT	https://ftp.sra.ebi.ac.uk/vol1/run/ERR323/ERR3239557/NA18939.final.cram	https://ftp.sra.ebi.ac.uk/vol1/run/ERR323/ERR3239557/NA18939.final.cram.crai	836d4516fac9bea99ff992300ea8ec42	GRCh38DH	ChampHLA-CC-expansion-20260901	1
1000G-2014-unseen	NA18944	wgs	JPT	https://ftp.sra.ebi.ac.uk/vol1/run/ERR323/ERR3239395/NA18944.final.cram	https://ftp.sra.ebi.ac.uk/vol1/run/ERR323/ERR3239395/NA18944.final.cram.crai	ddc70d54972cc612304aff36978d83d6	GRCh38DH	ChampHLA-CC-expansion-20260901	1
1000G-2014-unseen	NA18948	wgs	JPT	https://ftp.sra.ebi.ac.uk/vol1/run/ERR323/ERR3239398/NA18948.final.cram	https://ftp.sra.ebi.ac.uk/vol1/run/ERR323/ERR3239398/NA18948.final.cram.crai	76a69ae15ee9299f6040364919f2737f	GRCh38DH	ChampHLA-CC-expansion-20260901	1
1000G-2014-unseen	NA18949	wgs	JPT	https://ftp.sra.ebi.ac.uk/vol1/run/ERR323/ERR3239399/NA18949.final.cram	https://ftp.sra.ebi.ac.uk/vol1/run/ERR323/ERR3239399/NA18949.final.cram.crai	9b2761cd353ace1c51d7f27149bdb940	GRCh38DH	ChampHLA-CC-expansion-20260901	1
1000G-2014-unseen	NA18953	wgs	JPT	https://ftp.sra.ebi.ac.uk/vol1/run/ERR323/ERR3239402/NA18953.final.cram	https://ftp.sra.ebi.ac.uk/vol1/run/ERR323/ERR3239402/NA18953.final.cram.crai	1a4a50fdb9fe3ec9092491b5668bc30a	GRCh38DH	ChampHLA-CC-expansion-20260901	1
1000G-2014-unseen	NA18954	wgs	JPT	https://ftp.sra.ebi.ac.uk/vol1/run/ERR323/ERR3239560/NA18954.final.cram	https://ftp.sra.ebi.ac.uk/vol1/run/ERR323/ERR3239560/NA18954.final.cram.crai	f6a01662a144dd32980f713cdbbf6453	GRCh38DH	ChampHLA-CC-expansion-20260901	1
1000G-2014-unseen	NA18960	wgs	JPT	https://ftp.sra.ebi.ac.uk/vol1/run/ERR323/ERR3239405/NA18960.final.cram	https://ftp.sra.ebi.ac.uk/vol1/run/ERR323/ERR3239405/NA18960.final.cram.crai	8d491174a2083ecb0b18a8d412074ea4	GRCh38DH	ChampHLA-CC-expansion-20260901	1
1000G-2014-unseen	NA18967	wgs	JPT	https://ftp.sra.ebi.ac.uk/vol1/run/ERR323/ERR3239409/NA18967.final.cram	https://ftp.sra.ebi.ac.uk/vol1/run/ERR323/ERR3239409/NA18967.final.cram.crai	fba6772c79da854e601d2bb8d56d55ca	GRCh38DH	ChampHLA-CC-expansion-20260901	1
1000G-2014-unseen	NA18969	wgs	JPT	https://ftp.sra.ebi.ac.uk/vol1/run/ERR323/ERR3239411/NA18969.final.cram	https://ftp.sra.ebi.ac.uk/vol1/run/ERR323/ERR3239411/NA18969.final.cram.crai	b83e586d1c9ca2a2355835ae8eb1b184	GRCh38DH	ChampHLA-CC-expansion-20260901	1
1000G-2014-unseen	NA18972	wgs	JPT	https://ftp.sra.ebi.ac.uk/vol1/run/ERR323/ERR3239414/NA18972.final.cram	https://ftp.sra.ebi.ac.uk/vol1/run/ERR323/ERR3239414/NA18972.final.cram.crai	3afb15d2ca7c2e6fd96123096798dd8d	GRCh38DH	ChampHLA-CC-expansion-20260901	1
1000G-2014-unseen	NA18974	wgs	JPT	https://ftp.sra.ebi.ac.uk/vol1/run/ERR323/ERR3239416/NA18974.final.cram	https://ftp.sra.ebi.ac.uk/vol1/run/ERR323/ERR3239416/NA18974.final.cram.crai	a5ffba8986854bb0611b4ee0c9ee012c	GRCh38DH	ChampHLA-CC-expansion-20260901	1
1000G-2014-unseen	NA18987	wgs	JPT	https://ftp.sra.ebi.ac.uk/vol1/run/ERR323/ERR3239568/NA18987.final.cram	https://ftp.sra.ebi.ac.uk/vol1/run/ERR323/ERR3239568/NA18987.final.cram.crai	52a7eebceae8370e84b80a379c80ac21	GRCh38DH	ChampHLA-CC-expansion-20260901	1
1000G-2014-unseen	NA18991	wgs	JPT	https://ftp.sra.ebi.ac.uk/vol1/run/ERR323/ERR3239570/NA18991.final.cram	https://ftp.sra.ebi.ac.uk/vol1/run/ERR323/ERR3239570/NA18991.final.cram.crai	a45652fe80cf91b12070e2a7ef62a659	GRCh38DH	ChampHLA-CC-expansion-20260901	1
1000G-2014-unseen	NA18998	wgs	JPT	https://ftp.sra.ebi.ac.uk/vol1/run/ERR323/ERR3239576/NA18998.final.cram	https://ftp.sra.ebi.ac.uk/vol1/run/ERR323/ERR3239576/NA18998.final.cram.crai	6a9629442e141f4e1ce5d7e57d2741e4	GRCh38DH	ChampHLA-CC-expansion-20260901	1
1000G-2014-unseen	NA18999	wgs	JPT	https://ftp.sra.ebi.ac.uk/vol1/run/ERR323/ERR3239577/NA18999.final.cram	https://ftp.sra.ebi.ac.uk/vol1/run/ERR323/ERR3239577/NA18999.final.cram.crai	7bfbe21928975f8fcc89dd1a9bf26f1d	GRCh38DH	ChampHLA-CC-expansion-20260901	1
1000G-2014-unseen	NA19000	wgs	JPT	https://ftp.sra.ebi.ac.uk/vol1/run/ERR323/ERR3239578/NA19000.final.cram	https://ftp.sra.ebi.ac.uk/vol1/run/ERR323/ERR3239578/NA19000.final.cram.crai	b42ba8cba6f4c969c82f36ca3c0b8426	GRCh38DH	ChampHLA-CC-expansion-20260901	1
1000G-2014-unseen	NA19005	wgs	JPT	https://ftp.sra.ebi.ac.uk/vol1/run/ERR323/ERR3239421/NA19005.final.cram	https://ftp.sra.ebi.ac.uk/vol1/run/ERR323/ERR3239421/NA19005.final.cram.crai	03d1e8bf0f5d26a2cd712bfd74525ce2	GRCh38DH	ChampHLA-CC-expansion-20260901	1
1000G-2014-unseen	NA19027	wgs	LWK	https://ftp.sra.ebi.ac.uk/vol1/run/ERR323/ERR3239690/NA19027.final.cram	https://ftp.sra.ebi.ac.uk/vol1/run/ERR323/ERR3239690/NA19027.final.cram.crai	aee38957f85bb91424ab867be7658c6c	GRCh38DH	ChampHLA-CC-expansion-20260901	1
1000G-2014-unseen	NA19036	wgs	LWK	https://ftp.sra.ebi.ac.uk/vol1/run/ERR323/ERR3239695/NA19036.final.cram	https://ftp.sra.ebi.ac.uk/vol1/run/ERR323/ERR3239695/NA19036.final.cram.crai	a37950c1082f651a7b06bd49059eaf68	GRCh38DH	ChampHLA-CC-expansion-20260901	1
1000G-2014-unseen	NA19077	wgs	JPT	https://ftp.sra.ebi.ac.uk/vol1/run/ERR323/ERR3239605/NA19077.final.cram	https://ftp.sra.ebi.ac.uk/vol1/run/ERR323/ERR3239605/NA19077.final.cram.crai	5cc9a143468fa4ed5a0e161768ff7da5	GRCh38DH	ChampHLA-CC-expansion-20260901	1
1000G-2014-unseen	NA19080	wgs	JPT	https://ftp.sra.ebi.ac.uk/vol1/run/ERR323/ERR3239608/NA19080.final.cram	https://ftp.sra.ebi.ac.uk/vol1/run/ERR323/ERR3239608/NA19080.final.cram.crai	4f3431dee7499435a9462c7b3377d38e	GRCh38DH	ChampHLA-CC-expansion-20260901	1
1000G-2014-unseen	NA19084	wgs	JPT	https://ftp.sra.ebi.ac.uk/vol1/run/ERR323/ERR3239612/NA19084.final.cram	https://ftp.sra.ebi.ac.uk/vol1/run/ERR323/ERR3239612/NA19084.final.cram.crai	bbe4265ef0c71277882033fe02c190e4	GRCh38DH	ChampHLA-CC-expansion-20260901	1
1000G-2014-unseen	NA19137	wgs	YRI	https://ftp.sra.ebi.ac.uk/vol1/run/ERR323/ERR3239432/NA19137.final.cram	https://ftp.sra.ebi.ac.uk/vol1/run/ERR323/ERR3239432/NA19137.final.cram.crai	243d2d60e44b1bd4867d7266c9763d12	GRCh38DH	ChampHLA-CC-expansion-20260901	1
1000G-2014-unseen	NA19159	wgs	YRI	https://ftp.sra.ebi.ac.uk/vol1/run/ERR323/ERR3239440/NA19159.final.cram	https://ftp.sra.ebi.ac.uk/vol1/run/ERR323/ERR3239440/NA19159.final.cram.crai	61f941e6cb39575eba28fc77044a79a0	GRCh38DH	ChampHLA-CC-expansion-20260901	1
1000G-2014-unseen	NA19171	wgs	YRI	https://ftp.sra.ebi.ac.uk/vol1/run/ERR323/ERR3239442/NA19171.final.cram	https://ftp.sra.ebi.ac.uk/vol1/run/ERR323/ERR3239442/NA19171.final.cram.crai	316c2516c4da05088bba2a45a70cbd2e	GRCh38DH	ChampHLA-CC-expansion-20260901	1
1000G-2014-unseen	NA19200	wgs	YRI	https://ftp.sra.ebi.ac.uk/vol1/run/ERR323/ERR3239445/NA19200.final.cram	https://ftp.sra.ebi.ac.uk/vol1/run/ERR323/ERR3239445/NA19200.final.cram.crai	75cc2770eb2392d5683b4486966226ce	GRCh38DH	ChampHLA-CC-expansion-20260901	1
1000G-2014-unseen	NA19223	wgs	YRI	https://ftp.sra.ebi.ac.uk/vol1/run/ERR323/ERR3239636/NA19223.final.cram	https://ftp.sra.ebi.ac.uk/vol1/run/ERR323/ERR3239636/NA19223.final.cram.crai	e95834f445a89c3a9ac8c0b5abfb49c1	GRCh38DH	ChampHLA-CC-expansion-20260901	1
1000G-2014-unseen	NA19307	wgs	LWK	https://ftp.sra.ebi.ac.uk/vol1/run/ERR323/ERR3239704/NA19307.final.cram	https://ftp.sra.ebi.ac.uk/vol1/run/ERR323/ERR3239704/NA19307.final.cram.crai	54fd53e10c9c8b822569631db2a24761	GRCh38DH	ChampHLA-CC-expansion-20260901	1
1000G-2014-unseen	NA19308	wgs	LWK	https://ftp.sra.ebi.ac.uk/vol1/run/ERR323/ERR3239705/NA19308.final.cram	https://ftp.sra.ebi.ac.uk/vol1/run/ERR323/ERR3239705/NA19308.final.cram.crai	70a12aadfb49a11024ece3280569d362	GRCh38DH	ChampHLA-CC-expansion-20260901	1
1000G-2014-unseen	NA19309	wgs	LWK	https://ftp.sra.ebi.ac.uk/vol1/run/ERR323/ERR3239706/NA19309.final.cram	https://ftp.sra.ebi.ac.uk/vol1/run/ERR323/ERR3239706/NA19309.final.cram.crai	f526f6a1d0ae79f33df95966e832a7fb	GRCh38DH	ChampHLA-CC-expansion-20260901	1
1000G-2014-unseen	NA19315	wgs	LWK	https://ftp.sra.ebi.ac.uk/vol1/run/ERR323/ERR3239710/NA19315.final.cram	https://ftp.sra.ebi.ac.uk/vol1/run/ERR323/ERR3239710/NA19315.final.cram.crai	a2a7a47632d9e3903869c93cce496f48	GRCh38DH	ChampHLA-CC-expansion-20260901	1
1000G-2014-unseen	NA19324	wgs	LWK	https://ftp.sra.ebi.ac.uk/vol1/run/ERR323/ERR3239718/NA19324.final.cram	https://ftp.sra.ebi.ac.uk/vol1/run/ERR323/ERR3239718/NA19324.final.cram.crai	deb4b6dc318b343c3e62adbcbd8886a2	GRCh38DH	ChampHLA-CC-expansion-20260901	1
1000G-2014-unseen	NA19327	wgs	LWK	https://ftp.sra.ebi.ac.uk/vol1/run/ERR323/ERR3239719/NA19327.final.cram	https://ftp.sra.ebi.ac.uk/vol1/run/ERR323/ERR3239719/NA19327.final.cram.crai	817ace455ba5826877f1d83fe1cb96a9	GRCh38DH	ChampHLA-CC-expansion-20260901	1
1000G-2014-unseen	NA19350	wgs	LWK	https://ftp.sra.ebi.ac.uk/vol1/run/ERR323/ERR3239727/NA19350.final.cram	https://ftp.sra.ebi.ac.uk/vol1/run/ERR323/ERR3239727/NA19350.final.cram.crai	b4f5a425a706c68bc98faffd4cf9ebcf	GRCh38DH	ChampHLA-CC-expansion-20260901	1
1000G-2014-unseen	NA19360	wgs	LWK	https://ftp.sra.ebi.ac.uk/vol1/run/ERR323/ERR3239730/NA19360.final.cram	https://ftp.sra.ebi.ac.uk/vol1/run/ERR323/ERR3239730/NA19360.final.cram.crai	6bce7aedafa391d401b4470f84062f63	GRCh38DH	ChampHLA-CC-expansion-20260901	1
1000G-2014-unseen	NA19374	wgs	LWK	https://ftp.sra.ebi.ac.uk/vol1/run/ERR323/ERR3239732/NA19374.final.cram	https://ftp.sra.ebi.ac.uk/vol1/run/ERR323/ERR3239732/NA19374.final.cram.crai	6c7b502ab8055ef6712cd998482f3a42	GRCh38DH	ChampHLA-CC-expansion-20260901	1
1000G-2014-unseen	NA19377	wgs	LWK	https://ftp.sra.ebi.ac.uk/vol1/run/ERR323/ERR3239735/NA19377.final.cram	https://ftp.sra.ebi.ac.uk/vol1/run/ERR323/ERR3239735/NA19377.final.cram.crai	96e1732bb6375d7fbbfb400e157ee49d	GRCh38DH	ChampHLA-CC-expansion-20260901	1
1000G-2014-unseen	NA19397	wgs	LWK	https://ftp.sra.ebi.ac.uk/vol1/run/ERR323/ERR3239747/NA19397.final.cram	https://ftp.sra.ebi.ac.uk/vol1/run/ERR323/ERR3239747/NA19397.final.cram.crai	94b93d5c20fe268e3586d1dc420166b7	GRCh38DH	ChampHLA-CC-expansion-20260901	1
1000G-2014-unseen	NA19448	wgs	LWK	https://ftp.sra.ebi.ac.uk/vol1/run/ERR323/ERR3239766/NA19448.final.cram	https://ftp.sra.ebi.ac.uk/vol1/run/ERR323/ERR3239766/NA19448.final.cram.crai	e02e44eb209e8ddb83dfd90ced9bc6ca	GRCh38DH	ChampHLA-CC-expansion-20260901	1
1000G-2014-unseen	NA19456	wgs	LWK	https://ftp.sra.ebi.ac.uk/vol1/run/ERR323/ERR3239772/NA19456.final.cram	https://ftp.sra.ebi.ac.uk/vol1/run/ERR323/ERR3239772/NA19456.final.cram.crai	90628cde4db34105002c95a2d93b9a11	GRCh38DH	ChampHLA-CC-expansion-20260901	1
1000G-2014-unseen	NA19679	wgs	MXL	https://ftp.sra.ebi.ac.uk/vol1/run/ERR323/ERR3239909/NA19679.final.cram	https://ftp.sra.ebi.ac.uk/vol1/run/ERR323/ERR3239909/NA19679.final.cram.crai	1e07560cea9261e1bdae4b1b7d0932e6	GRCh38DH	ChampHLA-CC-expansion-20260901	1
1000G-2014-unseen	NA19725	wgs	MXL	https://ftp.sra.ebi.ac.uk/vol1/run/ERR323/ERR3239927/NA19725.final.cram	https://ftp.sra.ebi.ac.uk/vol1/run/ERR323/ERR3239927/NA19725.final.cram.crai	6d9cf0c1e37cd06ff9bc886ed1065a12	GRCh38DH	ChampHLA-CC-expansion-20260901	1
1000G-2014-unseen	NA19728	wgs	MXL	https://ftp.sra.ebi.ac.uk/vol1/run/ERR323/ERR3239929/NA19728.final.cram	https://ftp.sra.ebi.ac.uk/vol1/run/ERR323/ERR3239929/NA19728.final.cram.crai	a8b187e867ceb2d78117b9f7fe06a18c	GRCh38DH	ChampHLA-CC-expansion-20260901	1
1000G-2014-unseen	NA19731	wgs	MXL	https://ftp.sra.ebi.ac.uk/vol1/run/ERR323/ERR3239931/NA19731.final.cram	https://ftp.sra.ebi.ac.uk/vol1/run/ERR323/ERR3239931/NA19731.final.cram.crai	f32812d9ae08df6687b38ce3b5a6c121	GRCh38DH	ChampHLA-CC-expansion-20260901	1
1000G-2014-unseen	NA19771	wgs	MXL	https://ftp.sra.ebi.ac.uk/vol1/run/ERR323/ERR3239944/NA19771.final.cram	https://ftp.sra.ebi.ac.uk/vol1/run/ERR323/ERR3239944/NA19771.final.cram.crai	60ad5a0c5ba088e4040d3a7c57948315	GRCh38DH	ChampHLA-CC-expansion-20260901	1
1000G-2014-unseen	NA19783	wgs	MXL	https://ftp.sra.ebi.ac.uk/vol1/run/ERR323/ERR3239952/NA19783.final.cram	https://ftp.sra.ebi.ac.uk/vol1/run/ERR323/ERR3239952/NA19783.final.cram.crai	1a1db0781677c3c59e0f5e3372e3d1dd	GRCh38DH	ChampHLA-CC-expansion-20260901	1
1000G-2014-unseen	NA19788	wgs	MXL	https://ftp.sra.ebi.ac.uk/vol1/run/ERR323/ERR3239955/NA19788.final.cram	https://ftp.sra.ebi.ac.uk/vol1/run/ERR323/ERR3239955/NA19788.final.cram.crai	6bfb47dc0e2867affb3a732953b6a5f7	GRCh38DH	ChampHLA-CC-expansion-20260901	1
1000G-2014-unseen	NA19818	wgs	ASW	https://ftp.sra.ebi.ac.uk/vol1/run/ERR323/ERR3239959/NA19818.final.cram	https://ftp.sra.ebi.ac.uk/vol1/run/ERR323/ERR3239959/NA19818.final.cram.crai	bdb4e3f3fababac07a5f04e9ae966064	GRCh38DH	ChampHLA-CC-expansion-20260901	1
1000G-2014-unseen	NA20127	wgs	ASW	https://ftp.sra.ebi.ac.uk/vol1/run/ERR323/ERR3239975/NA20127.final.cram	https://ftp.sra.ebi.ac.uk/vol1/run/ERR323/ERR3239975/NA20127.final.cram.crai	b99e1f3f874359e1170b73f63264acd7	GRCh38DH	ChampHLA-CC-expansion-20260901	1
1000G-2014-unseen	NA20278	wgs	ASW	https://ftp.sra.ebi.ac.uk/vol1/run/ERR323/ERR3239977/NA20278.final.cram	https://ftp.sra.ebi.ac.uk/vol1/run/ERR323/ERR3239977/NA20278.final.cram.crai	725587acd746a5645f84c0fcf6f6025a	GRCh38DH	ChampHLA-CC-expansion-20260901	1
1000G-2014-unseen	NA20289	wgs	ASW	https://ftp.sra.ebi.ac.uk/vol1/run/ERR323/ERR3239981/NA20289.final.cram	https://ftp.sra.ebi.ac.uk/vol1/run/ERR323/ERR3239981/NA20289.final.cram.crai	47e25446a5efb768216ce32d41104022	GRCh38DH	ChampHLA-CC-expansion-20260901	1
1000G-2014-unseen	NA20294	wgs	ASW	https://ftp.sra.ebi.ac.uk/vol1/run/ERR323/ERR3239983/NA20294.final.cram	https://ftp.sra.ebi.ac.uk/vol1/run/ERR323/ERR3239983/NA20294.final.cram.crai	36aeb18f332512155bedbfb0a70964df	GRCh38DH	ChampHLA-CC-expansion-20260901	1
1000G-2014-unseen	NA20340	wgs	ASW	https://ftp.sra.ebi.ac.uk/vol1/run/ERR323/ERR3239990/NA20340.final.cram	https://ftp.sra.ebi.ac.uk/vol1/run/ERR323/ERR3239990/NA20340.final.cram.crai	e49866b73c60197326a46c1efd288d4f	GRCh38DH	ChampHLA-CC-expansion-20260901	1
1000G-2014-unseen	NA20342	wgs	ASW	https://ftp.sra.ebi.ac.uk/vol1/run/ERR323/ERR3239991/NA20342.final.cram	https://ftp.sra.ebi.ac.uk/vol1/run/ERR323/ERR3239991/NA20342.final.cram.crai	b48e41b8810ef4aec69576a1589a29a7	GRCh38DH	ChampHLA-CC-expansion-20260901	1
1000G-2014-unseen	NA20359	wgs	ASW	https://ftp.sra.ebi.ac.uk/vol1/run/ERR323/ERR3239996/NA20359.final.cram	https://ftp.sra.ebi.ac.uk/vol1/run/ERR323/ERR3239996/NA20359.final.cram.crai	ec3fc86266de8af2662ae1cc9da5fe73	GRCh38DH	ChampHLA-CC-expansion-20260901	1
1000G-2014-unseen	NA20524	wgs	TSI	https://ftp.sra.ebi.ac.uk/vol1/run/ERR323/ERR3239806/NA20524.final.cram	https://ftp.sra.ebi.ac.uk/vol1/run/ERR323/ERR3239806/NA20524.final.cram.crai	009460261475fe76315bbd8c30032b0c	GRCh38DH	ChampHLA-CC-expansion-20260901	1
1000G-2014-unseen	NA20582	wgs	TSI	https://ftp.sra.ebi.ac.uk/vol1/run/ERR323/ERR3239826/NA20582.final.cram	https://ftp.sra.ebi.ac.uk/vol1/run/ERR323/ERR3239826/NA20582.final.cram.crai	56a41f5e169a501f921273cfb4419df2	GRCh38DH	ChampHLA-CC-expansion-20260901	1
1000G-2014-unseen	NA20753	wgs	TSI	https://ftp.sra.ebi.ac.uk/vol1/run/ERR323/ERR3239833/NA20753.final.cram	https://ftp.sra.ebi.ac.uk/vol1/run/ERR323/ERR3239833/NA20753.final.cram.crai	fac1ceba516ac43e3974d490a25d73de	GRCh38DH	ChampHLA-CC-expansion-20260901	1
1000G-2014-unseen	NA20773	wgs	TSI	https://ftp.sra.ebi.ac.uk/vol1/run/ERR323/ERR3239853/NA20773.final.cram	https://ftp.sra.ebi.ac.uk/vol1/run/ERR323/ERR3239853/NA20773.final.cram.crai	2514c423bfd1612580425e28076ae24d	GRCh38DH	ChampHLA-CC-expansion-20260901	1
1000G-2014-unseen	NA20783	wgs	TSI	https://ftp.sra.ebi.ac.uk/vol1/run/ERR323/ERR3239857/NA20783.final.cram	https://ftp.sra.ebi.ac.uk/vol1/run/ERR323/ERR3239857/NA20783.final.cram.crai	245fe0d9b2119d10a4a1c832a443eaf8	GRCh38DH	ChampHLA-CC-expansion-20260901	1
1000G-2014-unseen	NA20795	wgs	TSI	https://ftp.sra.ebi.ac.uk/vol1/run/ERR323/ERR3239863/NA20795.final.cram	https://ftp.sra.ebi.ac.uk/vol1/run/ERR323/ERR3239863/NA20795.final.cram.crai	1c436b16ee1f1d6fa84cb890389f9cde	GRCh38DH	ChampHLA-CC-expansion-20260901	1
1000G-2014-unseen	NA20803	wgs	TSI	https://ftp.sra.ebi.ac.uk/vol1/run/ERR323/ERR3239871/NA20803.final.cram	https://ftp.sra.ebi.ac.uk/vol1/run/ERR323/ERR3239871/NA20803.final.cram.crai	42311856d55e1561c42cb87755a7ecc0	GRCh38DH	ChampHLA-CC-expansion-20260901	1
1000G-2014-unseen	HG00126	wes	GBR	https://ftp.1000genomes.ebi.ac.uk/vol1/ftp/data_collections/1000_genomes_project/data/GBR/HG00126/exome_alignment/HG00126.alt_bwamem_GRCh38DH.20150826.GBR.exome.cram	https://ftp.1000genomes.ebi.ac.uk/vol1/ftp/data_collections/1000_genomes_project/data/GBR/HG00126/exome_alignment/HG00126.alt_bwamem_GRCh38DH.20150826.GBR.exome.cram.crai	7d23420d544fa1548df57c0b3d85d05d	GRCh38DH	ChampHLA-CC-expansion-20260901	1
1000G-2014-unseen	HG00130	wes	GBR	https://ftp.1000genomes.ebi.ac.uk/vol1/ftp/data_collections/1000_genomes_project/data/GBR/HG00130/exome_alignment/HG00130.alt_bwamem_GRCh38DH.20150826.GBR.exome.cram	https://ftp.1000genomes.ebi.ac.uk/vol1/ftp/data_collections/1000_genomes_project/data/GBR/HG00130/exome_alignment/HG00130.alt_bwamem_GRCh38DH.20150826.GBR.exome.cram.crai	a9a1eed00335ee2815ae1ef91809ba36	GRCh38DH	ChampHLA-CC-expansion-20260901	1
1000G-2014-unseen	HG00140	wes	GBR	https://ftp.1000genomes.ebi.ac.uk/vol1/ftp/data_collections/1000_genomes_project/data/GBR/HG00140/exome_alignment/HG00140.alt_bwamem_GRCh38DH.20150826.GBR.exome.cram	https://ftp.1000genomes.ebi.ac.uk/vol1/ftp/data_collections/1000_genomes_project/data/GBR/HG00140/exome_alignment/HG00140.alt_bwamem_GRCh38DH.20150826.GBR.exome.cram.crai	d3198afc5738ddd7604393f5e804cc06	GRCh38DH	ChampHLA-CC-expansion-20260901	1
1000G-2014-unseen	HG00155	wes	GBR	https://ftp.1000genomes.ebi.ac.uk/vol1/ftp/data_collections/1000_genomes_project/data/GBR/HG00155/exome_alignment/HG00155.alt_bwamem_GRCh38DH.20150826.GBR.exome.cram	https://ftp.1000genomes.ebi.ac.uk/vol1/ftp/data_collections/1000_genomes_project/data/GBR/HG00155/exome_alignment/HG00155.alt_bwamem_GRCh38DH.20150826.GBR.exome.cram.crai	e4a2f7931f9a7e40c9d324ee520da799	GRCh38DH	ChampHLA-CC-expansion-20260901	1
1000G-2014-unseen	HG00160	wes	GBR	https://ftp.1000genomes.ebi.ac.uk/vol1/ftp/data_collections/1000_genomes_project/data/GBR/HG00160/exome_alignment/HG00160.alt_bwamem_GRCh38DH.20150826.GBR.exome.cram	https://ftp.1000genomes.ebi.ac.uk/vol1/ftp/data_collections/1000_genomes_project/data/GBR/HG00160/exome_alignment/HG00160.alt_bwamem_GRCh38DH.20150826.GBR.exome.cram.crai	4133337db920c24f026c318346eead8d	GRCh38DH	ChampHLA-CC-expansion-20260901	1
1000G-2014-unseen	HG00252	wes	GBR	https://ftp.1000genomes.ebi.ac.uk/vol1/ftp/data_collections/1000_genomes_project/data/GBR/HG00252/exome_alignment/HG00252.alt_bwamem_GRCh38DH.20150826.GBR.exome.cram	https://ftp.1000genomes.ebi.ac.uk/vol1/ftp/data_collections/1000_genomes_project/data/GBR/HG00252/exome_alignment/HG00252.alt_bwamem_GRCh38DH.20150826.GBR.exome.cram.crai	54700a02e75e4bd2eda8947b6468e100	GRCh38DH	ChampHLA-CC-expansion-20260901	1
1000G-2014-unseen	HG00323	wes	FIN	https://ftp.1000genomes.ebi.ac.uk/vol1/ftp/data_collections/1000_genomes_project/data/FIN/HG00323/exome_alignment/HG00323.alt_bwamem_GRCh38DH.20150826.FIN.exome.cram	https://ftp.1000genomes.ebi.ac.uk/vol1/ftp/data_collections/1000_genomes_project/data/FIN/HG00323/exome_alignment/HG00323.alt_bwamem_GRCh38DH.20150826.FIN.exome.cram.crai	aab35c7bd7659f4ab34792b16bb9f92f	GRCh38DH	ChampHLA-CC-expansion-20260901	1
1000G-2014-unseen	HG00372	wes	FIN	https://ftp.1000genomes.ebi.ac.uk/vol1/ftp/data_collections/1000_genomes_project/data/FIN/HG00372/exome_alignment/HG00372.alt_bwamem_GRCh38DH.20150826.FIN.exome.cram	https://ftp.1000genomes.ebi.ac.uk/vol1/ftp/data_collections/1000_genomes_project/data/FIN/HG00372/exome_alignment/HG00372.alt_bwamem_GRCh38DH.20150826.FIN.exome.cram.crai	76c1e7c796c516a2349c268399c01000	GRCh38DH	ChampHLA-CC-expansion-20260901	1
1000G-2014-unseen	HG00475	wes	CHS	https://ftp.1000genomes.ebi.ac.uk/vol1/ftp/data_collections/1000_genomes_project/data/CHS/HG00475/exome_alignment/HG00475.alt_bwamem_GRCh38DH.20150826.CHS.exome.cram	https://ftp.1000genomes.ebi.ac.uk/vol1/ftp/data_collections/1000_genomes_project/data/CHS/HG00475/exome_alignment/HG00475.alt_bwamem_GRCh38DH.20150826.CHS.exome.cram.crai	823024e84aca7efd18633d2df0ced5b2	GRCh38DH	ChampHLA-CC-expansion-20260901	1
1000G-2014-unseen	HG00513	wes	CHS	https://ftp.1000genomes.ebi.ac.uk/vol1/ftp/data_collections/1000_genomes_project/data/CHS/HG00513/exome_alignment/HG00513.alt_bwamem_GRCh38DH.20150826.CHS.exome.cram	https://ftp.1000genomes.ebi.ac.uk/vol1/ftp/data_collections/1000_genomes_project/data/CHS/HG00513/exome_alignment/HG00513.alt_bwamem_GRCh38DH.20150826.CHS.exome.cram.crai	938408ada4998482596b24384bb9c42a	GRCh38DH	ChampHLA-CC-expansion-20260901	1
1000G-2014-unseen	HG00663	wes	CHS	https://ftp.1000genomes.ebi.ac.uk/vol1/ftp/data_collections/1000_genomes_project/data/CHS/HG00663/exome_alignment/HG00663.alt_bwamem_GRCh38DH.20150826.CHS.exome.cram	https://ftp.1000genomes.ebi.ac.uk/vol1/ftp/data_collections/1000_genomes_project/data/CHS/HG00663/exome_alignment/HG00663.alt_bwamem_GRCh38DH.20150826.CHS.exome.cram.crai	6c00b0cc0a36878b1c68dbcb46c241c5	GRCh38DH	ChampHLA-CC-expansion-20260901	1
1000G-2014-unseen	HG00671	wes	CHS	https://ftp.1000genomes.ebi.ac.uk/vol1/ftp/data_collections/1000_genomes_project/data/CHS/HG00671/exome_alignment/HG00671.alt_bwamem_GRCh38DH.20150826.CHS.exome.cram	https://ftp.1000genomes.ebi.ac.uk/vol1/ftp/data_collections/1000_genomes_project/data/CHS/HG00671/exome_alignment/HG00671.alt_bwamem_GRCh38DH.20150826.CHS.exome.cram.crai	5aeae1d8e5cce92df05f29ff0491925f	GRCh38DH	ChampHLA-CC-expansion-20260901	1
1000G-2014-unseen	HG01052	wes	PUR	https://ftp.1000genomes.ebi.ac.uk/vol1/ftp/data_collections/1000_genomes_project/data/PUR/HG01052/exome_alignment/HG01052.alt_bwamem_GRCh38DH.20150826.PUR.exome.cram	https://ftp.1000genomes.ebi.ac.uk/vol1/ftp/data_collections/1000_genomes_project/data/PUR/HG01052/exome_alignment/HG01052.alt_bwamem_GRCh38DH.20150826.PUR.exome.cram.crai	b35fd8ecd5e207fb7d3b936b4de523d2	GRCh38DH	ChampHLA-CC-expansion-20260901	1
1000G-2014-unseen	HG01072	wes	PUR	https://ftp.1000genomes.ebi.ac.uk/vol1/ftp/data_collections/1000_genomes_project/data/PUR/HG01072/exome_alignment/HG01072.alt_bwamem_GRCh38DH.20150826.PUR.exome.cram	https://ftp.1000genomes.ebi.ac.uk/vol1/ftp/data_collections/1000_genomes_project/data/PUR/HG01072/exome_alignment/HG01072.alt_bwamem_GRCh38DH.20150826.PUR.exome.cram.crai	0930c822b25b542f7fbfb35bd2e49be4	GRCh38DH	ChampHLA-CC-expansion-20260901	1
1000G-2014-unseen	HG01075	wes	PUR	https://ftp.1000genomes.ebi.ac.uk/vol1/ftp/data_collections/1000_genomes_project/data/PUR/HG01075/exome_alignment/HG01075.alt_bwamem_GRCh38DH.20150826.PUR.exome.cram	https://ftp.1000genomes.ebi.ac.uk/vol1/ftp/data_collections/1000_genomes_project/data/PUR/HG01075/exome_alignment/HG01075.alt_bwamem_GRCh38DH.20150826.PUR.exome.cram.crai	2b160e83a95c828bf1f1829de56d8fd2	GRCh38DH	ChampHLA-CC-expansion-20260901	1
1000G-2014-unseen	HG01098	wes	PUR	https://ftp.1000genomes.ebi.ac.uk/vol1/ftp/data_collections/1000_genomes_project/data/PUR/HG01098/exome_alignment/HG01098.alt_bwamem_GRCh38DH.20150826.PUR.exome.cram	https://ftp.1000genomes.ebi.ac.uk/vol1/ftp/data_collections/1000_genomes_project/data/PUR/HG01098/exome_alignment/HG01098.alt_bwamem_GRCh38DH.20150826.PUR.exome.cram.crai	779480b624fabb3ab08c2f483e56a883	GRCh38DH	ChampHLA-CC-expansion-20260901	1
1000G-2014-unseen	HG01110	wes	PUR	https://ftp.1000genomes.ebi.ac.uk/vol1/ftp/data_collections/1000_genomes_project/data/PUR/HG01110/exome_alignment/HG01110.alt_bwamem_GRCh38DH.20150826.PUR.exome.cram	https://ftp.1000genomes.ebi.ac.uk/vol1/ftp/data_collections/1000_genomes_project/data/PUR/HG01110/exome_alignment/HG01110.alt_bwamem_GRCh38DH.20150826.PUR.exome.cram.crai	f4b05d0b24f6b4b04610bd320ca9c387	GRCh38DH	ChampHLA-CC-expansion-20260901	1
1000G-2014-unseen	HG01139	wes	CLM	https://ftp.1000genomes.ebi.ac.uk/vol1/ftp/data_collections/1000_genomes_project/data/CLM/HG01139/exome_alignment/HG01139.alt_bwamem_GRCh38DH.20150826.CLM.exome.cram	https://ftp.1000genomes.ebi.ac.uk/vol1/ftp/data_collections/1000_genomes_project/data/CLM/HG01139/exome_alignment/HG01139.alt_bwamem_GRCh38DH.20150826.CLM.exome.cram.crai	232abf04f648e8b6c7f670f2ddf9633f	GRCh38DH	ChampHLA-CC-expansion-20260901	1
1000G-2014-unseen	HG01375	wes	CLM	https://ftp.1000genomes.ebi.ac.uk/vol1/ftp/data_collections/1000_genomes_project/data/CLM/HG01375/exome_alignment/HG01375.alt_bwamem_GRCh38DH.20150826.CLM.exome.cram	https://ftp.1000genomes.ebi.ac.uk/vol1/ftp/data_collections/1000_genomes_project/data/CLM/HG01375/exome_alignment/HG01375.alt_bwamem_GRCh38DH.20150826.CLM.exome.cram.crai	58ff005d40675731f98a58430a8cb67c	GRCh38DH	ChampHLA-CC-expansion-20260901	1
1000G-2014-unseen	HG01389	wes	CLM	https://ftp.1000genomes.ebi.ac.uk/vol1/ftp/data_collections/1000_genomes_project/data/CLM/HG01389/exome_alignment/HG01389.alt_bwamem_GRCh38DH.20150826.CLM.exome.cram	https://ftp.1000genomes.ebi.ac.uk/vol1/ftp/data_collections/1000_genomes_project/data/CLM/HG01389/exome_alignment/HG01389.alt_bwamem_GRCh38DH.20150826.CLM.exome.cram.crai	68bb288d0a29f690a5b05ef7867db341	GRCh38DH	ChampHLA-CC-expansion-20260901	1
1000G-2014-unseen	HG01441	wes	CLM	https://ftp.1000genomes.ebi.ac.uk/vol1/ftp/data_collections/1000_genomes_project/data/CLM/HG01441/exome_alignment/HG01441.alt_bwamem_GRCh38DH.20150826.CLM.exome.cram	https://ftp.1000genomes.ebi.ac.uk/vol1/ftp/data_collections/1000_genomes_project/data/CLM/HG01441/exome_alignment/HG01441.alt_bwamem_GRCh38DH.20150826.CLM.exome.cram.crai	6aa169ce932f2809b429152a3b7acd52	GRCh38DH	ChampHLA-CC-expansion-20260901	1
1000G-2014-unseen	HG01488	wes	CLM	https://ftp.1000genomes.ebi.ac.uk/vol1/ftp/data_collections/1000_genomes_project/data/CLM/HG01488/exome_alignment/HG01488.alt_bwamem_GRCh38DH.20150826.CLM.exome.cram	https://ftp.1000genomes.ebi.ac.uk/vol1/ftp/data_collections/1000_genomes_project/data/CLM/HG01488/exome_alignment/HG01488.alt_bwamem_GRCh38DH.20150826.CLM.exome.cram.crai	f4ba139fbcd80a01bec5e8bf935a19dd	GRCh38DH	ChampHLA-CC-expansion-20260901	1
1000G-2014-unseen	HG01491	wes	CLM	https://ftp.1000genomes.ebi.ac.uk/vol1/ftp/data_collections/1000_genomes_project/data/CLM/HG01491/exome_alignment/HG01491.alt_bwamem_GRCh38DH.20150826.CLM.exome.cram	https://ftp.1000genomes.ebi.ac.uk/vol1/ftp/data_collections/1000_genomes_project/data/CLM/HG01491/exome_alignment/HG01491.alt_bwamem_GRCh38DH.20150826.CLM.exome.cram.crai	76a6d5cdbbeca877dde31462a1669f8b	GRCh38DH	ChampHLA-CC-expansion-20260901	1
1000G-2014-unseen	NA11881	wes	CEU	https://ftp.1000genomes.ebi.ac.uk/vol1/ftp/data_collections/1000_genomes_project/data/CEU/NA11881/exome_alignment/NA11881.alt_bwamem_GRCh38DH.20150826.CEU.exome.cram	https://ftp.1000genomes.ebi.ac.uk/vol1/ftp/data_collections/1000_genomes_project/data/CEU/NA11881/exome_alignment/NA11881.alt_bwamem_GRCh38DH.20150826.CEU.exome.cram.crai	3fbb757647b972975880fba1fbaeb2f2	GRCh38DH	ChampHLA-CC-expansion-20260901	1
1000G-2014-unseen	NA11892	wes	CEU	https://ftp.1000genomes.ebi.ac.uk/vol1/ftp/data_collections/1000_genomes_project/data/CEU/NA11892/exome_alignment/NA11892.alt_bwamem_GRCh38DH.20150826.CEU.exome.cram	https://ftp.1000genomes.ebi.ac.uk/vol1/ftp/data_collections/1000_genomes_project/data/CEU/NA11892/exome_alignment/NA11892.alt_bwamem_GRCh38DH.20150826.CEU.exome.cram.crai	8a9d1dcb51d7322d041dc10f2ece344d	GRCh38DH	ChampHLA-CC-expansion-20260901	1
1000G-2014-unseen	NA11931	wes	CEU	https://ftp.1000genomes.ebi.ac.uk/vol1/ftp/data_collections/1000_genomes_project/data/CEU/NA11931/exome_alignment/NA11931.alt_bwamem_GRCh38DH.20150826.CEU.exome.cram	https://ftp.1000genomes.ebi.ac.uk/vol1/ftp/data_collections/1000_genomes_project/data/CEU/NA11931/exome_alignment/NA11931.alt_bwamem_GRCh38DH.20150826.CEU.exome.cram.crai	ad9dd60f97e29c029837db09a7a03693	GRCh38DH	ChampHLA-CC-expansion-20260901	1
1000G-2014-unseen	NA12058	wes	CEU	https://ftp.1000genomes.ebi.ac.uk/vol1/ftp/data_collections/1000_genomes_project/data/CEU/NA12058/exome_alignment/NA12058.alt_bwamem_GRCh38DH.20150826.CEU.exome.cram	https://ftp.1000genomes.ebi.ac.uk/vol1/ftp/data_collections/1000_genomes_project/data/CEU/NA12058/exome_alignment/NA12058.alt_bwamem_GRCh38DH.20150826.CEU.exome.cram.crai	e8b2cd909285a65ef0f076261676f7da	GRCh38DH	ChampHLA-CC-expansion-20260901	1
1000G-2014-unseen	NA12144	wes	CEU	https://ftp.1000genomes.ebi.ac.uk/vol1/ftp/data_collections/1000_genomes_project/data/CEU/NA12144/exome_alignment/NA12144.alt_bwamem_GRCh38DH.20150826.CEU.exome.cram	https://ftp.1000genomes.ebi.ac.uk/vol1/ftp/data_collections/1000_genomes_project/data/CEU/NA12144/exome_alignment/NA12144.alt_bwamem_GRCh38DH.20150826.CEU.exome.cram.crai	0e0d6cbe1403a3ec0bdac3edca944923	GRCh38DH	ChampHLA-CC-expansion-20260901	1
1000G-2014-unseen	NA12275	wes	CEU	https://ftp.1000genomes.ebi.ac.uk/vol1/ftp/data_collections/1000_genomes_project/data/CEU/NA12275/exome_alignment/NA12275.alt_bwamem_GRCh38DH.20150826.CEU.exome.cram	https://ftp.1000genomes.ebi.ac.uk/vol1/ftp/data_collections/1000_genomes_project/data/CEU/NA12275/exome_alignment/NA12275.alt_bwamem_GRCh38DH.20150826.CEU.exome.cram.crai	6ee1640e51736dec9c33f9197c034cef	GRCh38DH	ChampHLA-CC-expansion-20260901	1
1000G-2014-unseen	NA12287	wes	CEU	https://ftp.1000genomes.ebi.ac.uk/vol1/ftp/data_collections/1000_genomes_project/data/CEU/NA12287/exome_alignment/NA12287.alt_bwamem_GRCh38DH.20150826.CEU.exome.cram	https://ftp.1000genomes.ebi.ac.uk/vol1/ftp/data_collections/1000_genomes_project/data/CEU/NA12287/exome_alignment/NA12287.alt_bwamem_GRCh38DH.20150826.CEU.exome.cram.crai	da51fa010cb817675a7a1251efc31c59	GRCh38DH	ChampHLA-CC-expansion-20260901	1
1000G-2014-unseen	NA18552	wes	CHB	https://ftp.1000genomes.ebi.ac.uk/vol1/ftp/data_collections/1000_genomes_project/data/CHB/NA18552/exome_alignment/NA18552.alt_bwamem_GRCh38DH.20150826.CHB.exome.cram	https://ftp.1000genomes.ebi.ac.uk/vol1/ftp/data_collections/1000_genomes_project/data/CHB/NA18552/exome_alignment/NA18552.alt_bwamem_GRCh38DH.20150826.CHB.exome.cram.crai	917dcc419ed437fc77650c72ac9de5f6	GRCh38DH	ChampHLA-CC-expansion-20260901	1
1000G-2014-unseen	NA18582	wes	CHB	https://ftp.1000genomes.ebi.ac.uk/vol1/ftp/data_collections/1000_genomes_project/data/CHB/NA18582/exome_alignment/NA18582.alt_bwamem_GRCh38DH.20150826.CHB.exome.cram	https://ftp.1000genomes.ebi.ac.uk/vol1/ftp/data_collections/1000_genomes_project/data/CHB/NA18582/exome_alignment/NA18582.alt_bwamem_GRCh38DH.20150826.CHB.exome.cram.crai	23802091f16a8311c2bbd64bb612fbc1	GRCh38DH	ChampHLA-CC-expansion-20260901	1
1000G-2014-unseen	NA18612	wes	CHB	https://ftp.1000genomes.ebi.ac.uk/vol1/ftp/data_collections/1000_genomes_project/data/CHB/NA18612/exome_alignment/NA18612.alt_bwamem_GRCh38DH.20150826.CHB.exome.cram	https://ftp.1000genomes.ebi.ac.uk/vol1/ftp/data_collections/1000_genomes_project/data/CHB/NA18612/exome_alignment/NA18612.alt_bwamem_GRCh38DH.20150826.CHB.exome.cram.crai	37337c92bb28789997694bbe998ea1a0	GRCh38DH	ChampHLA-CC-expansion-20260901	1
1000G-2014-unseen	NA18623	wes	CHB	https://ftp.1000genomes.ebi.ac.uk/vol1/ftp/data_collections/1000_genomes_project/data/CHB/NA18623/exome_alignment/NA18623.alt_bwamem_GRCh38DH.20150826.CHB.exome.cram	https://ftp.1000genomes.ebi.ac.uk/vol1/ftp/data_collections/1000_genomes_project/data/CHB/NA18623/exome_alignment/NA18623.alt_bwamem_GRCh38DH.20150826.CHB.exome.cram.crai	4c61fed8c6557f77a74f3a63fda0d412	GRCh38DH	ChampHLA-CC-expansion-20260901	1
1000G-2014-unseen	NA18624	wes	CHB	https://ftp.1000genomes.ebi.ac.uk/vol1/ftp/data_collections/1000_genomes_project/data/CHB/NA18624/exome_alignment/NA18624.alt_bwamem_GRCh38DH.20150826.CHB.exome.cram	https://ftp.1000genomes.ebi.ac.uk/vol1/ftp/data_collections/1000_genomes_project/data/CHB/NA18624/exome_alignment/NA18624.alt_bwamem_GRCh38DH.20150826.CHB.exome.cram.crai	f5b42e6adc86ecad3d9df1e32dea520e	GRCh38DH	ChampHLA-CC-expansion-20260901	1
1000G-2014-unseen	NA18626	wes	CHB	https://ftp.1000genomes.ebi.ac.uk/vol1/ftp/data_collections/1000_genomes_project/data/CHB/NA18626/exome_alignment/NA18626.alt_bwamem_GRCh38DH.20150826.CHB.exome.cram	https://ftp.1000genomes.ebi.ac.uk/vol1/ftp/data_collections/1000_genomes_project/data/CHB/NA18626/exome_alignment/NA18626.alt_bwamem_GRCh38DH.20150826.CHB.exome.cram.crai	cd8c67bc96f78354248d255521ef9ae1	GRCh38DH	ChampHLA-CC-expansion-20260901	1
1000G-2014-unseen	NA18633	wes	CHB	https://ftp.1000genomes.ebi.ac.uk/vol1/ftp/data_collections/1000_genomes_project/data/CHB/NA18633/exome_alignment/NA18633.alt_bwamem_GRCh38DH.20150826.CHB.exome.cram	https://ftp.1000genomes.ebi.ac.uk/vol1/ftp/data_collections/1000_genomes_project/data/CHB/NA18633/exome_alignment/NA18633.alt_bwamem_GRCh38DH.20150826.CHB.exome.cram.crai	35c027e41fd3b9010dbb4c1ee5ed1fa1	GRCh38DH	ChampHLA-CC-expansion-20260901	1
1000G-2014-unseen	NA18636	wes	CHB	https://ftp.1000genomes.ebi.ac.uk/vol1/ftp/data_collections/1000_genomes_project/data/CHB/NA18636/exome_alignment/NA18636.alt_bwamem_GRCh38DH.20150826.CHB.exome.cram	https://ftp.1000genomes.ebi.ac.uk/vol1/ftp/data_collections/1000_genomes_project/data/CHB/NA18636/exome_alignment/NA18636.alt_bwamem_GRCh38DH.20150826.CHB.exome.cram.crai	ed2b26633c18288410724224f3bdae41	GRCh38DH	ChampHLA-CC-expansion-20260901	1
1000G-2014-unseen	NA18641	wes	CHB	https://ftp.1000genomes.ebi.ac.uk/vol1/ftp/data_collections/1000_genomes_project/data/CHB/NA18641/exome_alignment/NA18641.alt_bwamem_GRCh38DH.20150826.CHB.exome.cram	https://ftp.1000genomes.ebi.ac.uk/vol1/ftp/data_collections/1000_genomes_project/data/CHB/NA18641/exome_alignment/NA18641.alt_bwamem_GRCh38DH.20150826.CHB.exome.cram.crai	a8abb5376f3c614b9857762277f4ba8d	GRCh38DH	ChampHLA-CC-expansion-20260901	1
1000G-2014-unseen	NA18871	wes	YRI	https://ftp.1000genomes.ebi.ac.uk/vol1/ftp/data_collections/1000_genomes_project/data/YRI/NA18871/exome_alignment/NA18871.alt_bwamem_GRCh38DH.20150826.YRI.exome.cram	https://ftp.1000genomes.ebi.ac.uk/vol1/ftp/data_collections/1000_genomes_project/data/YRI/NA18871/exome_alignment/NA18871.alt_bwamem_GRCh38DH.20150826.YRI.exome.cram.crai	25b056b5e6005e600b35ce2864fd6b96	GRCh38DH	ChampHLA-CC-expansion-20260901	1
1000G-2014-unseen	NA18940	wes	JPT	https://ftp.1000genomes.ebi.ac.uk/vol1/ftp/data_collections/1000_genomes_project/data/JPT/NA18940/exome_alignment/NA18940.alt_bwamem_GRCh38DH.20150826.JPT.exome.cram	https://ftp.1000genomes.ebi.ac.uk/vol1/ftp/data_collections/1000_genomes_project/data/JPT/NA18940/exome_alignment/NA18940.alt_bwamem_GRCh38DH.20150826.JPT.exome.cram.crai	8ae5ec5ca7e15871b5bd6444238f77ac	GRCh38DH	ChampHLA-CC-expansion-20260901	1
1000G-2014-unseen	NA18944	wes	JPT	https://ftp.1000genomes.ebi.ac.uk/vol1/ftp/data_collections/1000_genomes_project/data/JPT/NA18944/exome_alignment/NA18944.alt_bwamem_GRCh38DH.20150826.JPT.exome.cram	https://ftp.1000genomes.ebi.ac.uk/vol1/ftp/data_collections/1000_genomes_project/data/JPT/NA18944/exome_alignment/NA18944.alt_bwamem_GRCh38DH.20150826.JPT.exome.cram.crai	364387c30b5c25b61013a19d8191ebcb	GRCh38DH	ChampHLA-CC-expansion-20260901	1
1000G-2014-unseen	NA18947	wes	JPT	https://ftp.1000genomes.ebi.ac.uk/vol1/ftp/data_collections/1000_genomes_project/data/JPT/NA18947/exome_alignment/NA18947.alt_bwamem_GRCh38DH.20150826.JPT.exome.cram	https://ftp.1000genomes.ebi.ac.uk/vol1/ftp/data_collections/1000_genomes_project/data/JPT/NA18947/exome_alignment/NA18947.alt_bwamem_GRCh38DH.20150826.JPT.exome.cram.crai	4c9f73dff2e358be2151e34787d8cd38	GRCh38DH	ChampHLA-CC-expansion-20260901	1
1000G-2014-unseen	NA18948	wes	JPT	https://ftp.1000genomes.ebi.ac.uk/vol1/ftp/data_collections/1000_genomes_project/data/JPT/NA18948/exome_alignment/NA18948.alt_bwamem_GRCh38DH.20150826.JPT.exome.cram	https://ftp.1000genomes.ebi.ac.uk/vol1/ftp/data_collections/1000_genomes_project/data/JPT/NA18948/exome_alignment/NA18948.alt_bwamem_GRCh38DH.20150826.JPT.exome.cram.crai	01e76655db4083dd517b484f834a6e04	GRCh38DH	ChampHLA-CC-expansion-20260901	1
1000G-2014-unseen	NA18951	wes	JPT	https://ftp.1000genomes.ebi.ac.uk/vol1/ftp/data_collections/1000_genomes_project/data/JPT/NA18951/exome_alignment/NA18951.alt_bwamem_GRCh38DH.20150826.JPT.exome.cram	https://ftp.1000genomes.ebi.ac.uk/vol1/ftp/data_collections/1000_genomes_project/data/JPT/NA18951/exome_alignment/NA18951.alt_bwamem_GRCh38DH.20150826.JPT.exome.cram.crai	c29710e693c7a3a3ab4b35690e8a0c86	GRCh38DH	ChampHLA-CC-expansion-20260901	1
1000G-2014-unseen	NA18954	wes	JPT	https://ftp.1000genomes.ebi.ac.uk/vol1/ftp/data_collections/1000_genomes_project/data/JPT/NA18954/exome_alignment/NA18954.alt_bwamem_GRCh38DH.20150826.JPT.exome.cram	https://ftp.1000genomes.ebi.ac.uk/vol1/ftp/data_collections/1000_genomes_project/data/JPT/NA18954/exome_alignment/NA18954.alt_bwamem_GRCh38DH.20150826.JPT.exome.cram.crai	6d629189831763f1dfdb7286f5e1f6a2	GRCh38DH	ChampHLA-CC-expansion-20260901	1
1000G-2014-unseen	NA18963	wes	JPT	https://ftp.1000genomes.ebi.ac.uk/vol1/ftp/data_collections/1000_genomes_project/data/JPT/NA18963/exome_alignment/NA18963.alt_bwamem_GRCh38DH.20150826.JPT.exome.cram	https://ftp.1000genomes.ebi.ac.uk/vol1/ftp/data_collections/1000_genomes_project/data/JPT/NA18963/exome_alignment/NA18963.alt_bwamem_GRCh38DH.20150826.JPT.exome.cram.crai	79673ad9fc2535877640b76ec52c830a	GRCh38DH	ChampHLA-CC-expansion-20260901	1
1000G-2014-unseen	NA18967	wes	JPT	https://ftp.1000genomes.ebi.ac.uk/vol1/ftp/data_collections/1000_genomes_project/data/JPT/NA18967/exome_alignment/NA18967.alt_bwamem_GRCh38DH.20150826.JPT.exome.cram	https://ftp.1000genomes.ebi.ac.uk/vol1/ftp/data_collections/1000_genomes_project/data/JPT/NA18967/exome_alignment/NA18967.alt_bwamem_GRCh38DH.20150826.JPT.exome.cram.crai	662bdb94ea4049d7cb00b3c520dba710	GRCh38DH	ChampHLA-CC-expansion-20260901	1
1000G-2014-unseen	NA18980	wes	JPT	https://ftp.1000genomes.ebi.ac.uk/vol1/ftp/data_collections/1000_genomes_project/data/JPT/NA18980/exome_alignment/NA18980.alt_bwamem_GRCh38DH.20150826.JPT.exome.cram	https://ftp.1000genomes.ebi.ac.uk/vol1/ftp/data_collections/1000_genomes_project/data/JPT/NA18980/exome_alignment/NA18980.alt_bwamem_GRCh38DH.20150826.JPT.exome.cram.crai	fca729880b115f0852190866cffdec32	GRCh38DH	ChampHLA-CC-expansion-20260901	1
1000G-2014-unseen	NA18987	wes	JPT	https://ftp.1000genomes.ebi.ac.uk/vol1/ftp/data_collections/1000_genomes_project/data/JPT/NA18987/exome_alignment/NA18987.alt_bwamem_GRCh38DH.20150826.JPT.exome.cram	https://ftp.1000genomes.ebi.ac.uk/vol1/ftp/data_collections/1000_genomes_project/data/JPT/NA18987/exome_alignment/NA18987.alt_bwamem_GRCh38DH.20150826.JPT.exome.cram.crai	38a960e0c564094dc2d86bbf082e8813	GRCh38DH	ChampHLA-CC-expansion-20260901	1
1000G-2014-unseen	NA18995	wes	JPT	https://ftp.1000genomes.ebi.ac.uk/vol1/ftp/data_collections/1000_genomes_project/data/JPT/NA18995/exome_alignment/NA18995.alt_bwamem_GRCh38DH.20150826.JPT.exome.cram	https://ftp.1000genomes.ebi.ac.uk/vol1/ftp/data_collections/1000_genomes_project/data/JPT/NA18995/exome_alignment/NA18995.alt_bwamem_GRCh38DH.20150826.JPT.exome.cram.crai	be4edf21f8d9749e8681e9a30393e536	GRCh38DH	ChampHLA-CC-expansion-20260901	1
1000G-2014-unseen	NA18997	wes	JPT	https://ftp.1000genomes.ebi.ac.uk/vol1/ftp/data_collections/1000_genomes_project/data/JPT/NA18997/exome_alignment/NA18997.alt_bwamem_GRCh38DH.20150826.JPT.exome.cram	https://ftp.1000genomes.ebi.ac.uk/vol1/ftp/data_collections/1000_genomes_project/data/JPT/NA18997/exome_alignment/NA18997.alt_bwamem_GRCh38DH.20150826.JPT.exome.cram.crai	534c9ea31fbe6ac4e7cdc28e5da076b5	GRCh38DH	ChampHLA-CC-expansion-20260901	1
1000G-2014-unseen	NA18999	wes	JPT	https://ftp.1000genomes.ebi.ac.uk/vol1/ftp/data_collections/1000_genomes_project/data/JPT/NA18999/exome_alignment/NA18999.alt_bwamem_GRCh38DH.20150826.JPT.exome.cram	https://ftp.1000genomes.ebi.ac.uk/vol1/ftp/data_collections/1000_genomes_project/data/JPT/NA18999/exome_alignment/NA18999.alt_bwamem_GRCh38DH.20150826.JPT.exome.cram.crai	90e6842ecd39ea039c16fed0fa7d406a	GRCh38DH	ChampHLA-CC-expansion-20260901	1
1000G-2014-unseen	NA19003	wes	JPT	https://ftp.1000genomes.ebi.ac.uk/vol1/ftp/data_collections/1000_genomes_project/data/JPT/NA19003/exome_alignment/NA19003.alt_bwamem_GRCh38DH.20150826.JPT.exome.cram	https://ftp.1000genomes.ebi.ac.uk/vol1/ftp/data_collections/1000_genomes_project/data/JPT/NA19003/exome_alignment/NA19003.alt_bwamem_GRCh38DH.20150826.JPT.exome.cram.crai	db4aa11ab1ab1fe91d4ed4b063b31af8	GRCh38DH	ChampHLA-CC-expansion-20260901	1
1000G-2014-unseen	NA19138	wes	YRI	https://ftp.1000genomes.ebi.ac.uk/vol1/ftp/data_collections/1000_genomes_project/data/YRI/NA19138/exome_alignment/NA19138.alt_bwamem_GRCh38DH.20150826.YRI.exome.cram	https://ftp.1000genomes.ebi.ac.uk/vol1/ftp/data_collections/1000_genomes_project/data/YRI/NA19138/exome_alignment/NA19138.alt_bwamem_GRCh38DH.20150826.YRI.exome.cram.crai	1923850750c529e39d9a5eda3ad9c204	GRCh38DH	ChampHLA-CC-expansion-20260901	1
1000G-2014-unseen	NA19141	wes	YRI	https://ftp.1000genomes.ebi.ac.uk/vol1/ftp/data_collections/1000_genomes_project/data/YRI/NA19141/exome_alignment/NA19141.alt_bwamem_GRCh38DH.20150826.YRI.exome.cram	https://ftp.1000genomes.ebi.ac.uk/vol1/ftp/data_collections/1000_genomes_project/data/YRI/NA19141/exome_alignment/NA19141.alt_bwamem_GRCh38DH.20150826.YRI.exome.cram.crai	ad40c005eba07cadd4efcd584e10b049	GRCh38DH	ChampHLA-CC-expansion-20260901	1
1000G-2014-unseen	NA19172	wes	YRI	https://ftp.1000genomes.ebi.ac.uk/vol1/ftp/data_collections/1000_genomes_project/data/YRI/NA19172/exome_alignment/NA19172.alt_bwamem_GRCh38DH.20150826.YRI.exome.cram	https://ftp.1000genomes.ebi.ac.uk/vol1/ftp/data_collections/1000_genomes_project/data/YRI/NA19172/exome_alignment/NA19172.alt_bwamem_GRCh38DH.20150826.YRI.exome.cram.crai	974c93dc66d67d08723e898ee6579ab1	GRCh38DH	ChampHLA-CC-expansion-20260901	1
1000G-2014-unseen	NA19206	wes	YRI	https://ftp.1000genomes.ebi.ac.uk/vol1/ftp/data_collections/1000_genomes_project/data/YRI/NA19206/exome_alignment/NA19206.alt_bwamem_GRCh38DH.20150826.YRI.exome.cram	https://ftp.1000genomes.ebi.ac.uk/vol1/ftp/data_collections/1000_genomes_project/data/YRI/NA19206/exome_alignment/NA19206.alt_bwamem_GRCh38DH.20150826.YRI.exome.cram.crai	cca3ee8d4e41fe308278bb448f106dd1	GRCh38DH	ChampHLA-CC-expansion-20260901	1
1000G-2014-unseen	NA19223	wes	YRI	https://ftp.1000genomes.ebi.ac.uk/vol1/ftp/data_collections/1000_genomes_project/data/YRI/NA19223/exome_alignment/NA19223.alt_bwamem_GRCh38DH.20150826.YRI.exome.cram	https://ftp.1000genomes.ebi.ac.uk/vol1/ftp/data_collections/1000_genomes_project/data/YRI/NA19223/exome_alignment/NA19223.alt_bwamem_GRCh38DH.20150826.YRI.exome.cram.crai	c623a7a68fca49766025fa66d3256513	GRCh38DH	ChampHLA-CC-expansion-20260901	1
1000G-2014-unseen	NA19307	wes	LWK	https://ftp.1000genomes.ebi.ac.uk/vol1/ftp/data_collections/1000_genomes_project/data/LWK/NA19307/exome_alignment/NA19307.alt_bwamem_GRCh38DH.20150826.LWK.exome.cram	https://ftp.1000genomes.ebi.ac.uk/vol1/ftp/data_collections/1000_genomes_project/data/LWK/NA19307/exome_alignment/NA19307.alt_bwamem_GRCh38DH.20150826.LWK.exome.cram.crai	91ba21bc9de3b581b70ec325f46dce95	GRCh38DH	ChampHLA-CC-expansion-20260901	1
1000G-2014-unseen	NA19308	wes	LWK	https://ftp.1000genomes.ebi.ac.uk/vol1/ftp/data_collections/1000_genomes_project/data/LWK/NA19308/exome_alignment/NA19308.alt_bwamem_GRCh38DH.20150826.LWK.exome.cram	https://ftp.1000genomes.ebi.ac.uk/vol1/ftp/data_collections/1000_genomes_project/data/LWK/NA19308/exome_alignment/NA19308.alt_bwamem_GRCh38DH.20150826.LWK.exome.cram.crai	8d58420624d389cde855412c7d45988d	GRCh38DH	ChampHLA-CC-expansion-20260901	1
1000G-2014-unseen	NA19318	wes	LWK	https://ftp.1000genomes.ebi.ac.uk/vol1/ftp/data_collections/1000_genomes_project/data/LWK/NA19318/exome_alignment/NA19318.alt_bwamem_GRCh38DH.20150826.LWK.exome.cram	https://ftp.1000genomes.ebi.ac.uk/vol1/ftp/data_collections/1000_genomes_project/data/LWK/NA19318/exome_alignment/NA19318.alt_bwamem_GRCh38DH.20150826.LWK.exome.cram.crai	069c34fb06bca1cfd60b44a28b133ced	GRCh38DH	ChampHLA-CC-expansion-20260901	1
1000G-2014-unseen	NA19327	wes	LWK	https://ftp.1000genomes.ebi.ac.uk/vol1/ftp/data_collections/1000_genomes_project/data/LWK/NA19327/exome_alignment/NA19327.alt_bwamem_GRCh38DH.20150826.LWK.exome.cram	https://ftp.1000genomes.ebi.ac.uk/vol1/ftp/data_collections/1000_genomes_project/data/LWK/NA19327/exome_alignment/NA19327.alt_bwamem_GRCh38DH.20150826.LWK.exome.cram.crai	b693e6b212f5133f793cb4b10fc6f71e	GRCh38DH	ChampHLA-CC-expansion-20260901	1
1000G-2014-unseen	NA19350	wes	LWK	https://ftp.1000genomes.ebi.ac.uk/vol1/ftp/data_collections/1000_genomes_project/data/LWK/NA19350/exome_alignment/NA19350.alt_bwamem_GRCh38DH.20150826.LWK.exome.cram	https://ftp.1000genomes.ebi.ac.uk/vol1/ftp/data_collections/1000_genomes_project/data/LWK/NA19350/exome_alignment/NA19350.alt_bwamem_GRCh38DH.20150826.LWK.exome.cram.crai	7f2e3e4f0309cad854b28aba7fe3ae0c	GRCh38DH	ChampHLA-CC-expansion-20260901	1
1000G-2014-unseen	NA19376	wes	LWK	https://ftp.1000genomes.ebi.ac.uk/vol1/ftp/data_collections/1000_genomes_project/data/LWK/NA19376/exome_alignment/NA19376.alt_bwamem_GRCh38DH.20150826.LWK.exome.cram	https://ftp.1000genomes.ebi.ac.uk/vol1/ftp/data_collections/1000_genomes_project/data/LWK/NA19376/exome_alignment/NA19376.alt_bwamem_GRCh38DH.20150826.LWK.exome.cram.crai	a805a4f7a7e68e6f16bec9eb92ecbb69	GRCh38DH	ChampHLA-CC-expansion-20260901	1
1000G-2014-unseen	NA19380	wes	LWK	https://ftp.1000genomes.ebi.ac.uk/vol1/ftp/data_collections/1000_genomes_project/data/LWK/NA19380/exome_alignment/NA19380.alt_bwamem_GRCh38DH.20150826.LWK.exome.cram	https://ftp.1000genomes.ebi.ac.uk/vol1/ftp/data_collections/1000_genomes_project/data/LWK/NA19380/exome_alignment/NA19380.alt_bwamem_GRCh38DH.20150826.LWK.exome.cram.crai	4f46f019d57003c5d48749bbac09dfff	GRCh38DH	ChampHLA-CC-expansion-20260901	1
1000G-2014-unseen	NA19404	wes	LWK	https://ftp.1000genomes.ebi.ac.uk/vol1/ftp/data_collections/1000_genomes_project/data/LWK/NA19404/exome_alignment/NA19404.alt_bwamem_GRCh38DH.20150826.LWK.exome.cram	https://ftp.1000genomes.ebi.ac.uk/vol1/ftp/data_collections/1000_genomes_project/data/LWK/NA19404/exome_alignment/NA19404.alt_bwamem_GRCh38DH.20150826.LWK.exome.cram.crai	3c4c64e81364c543b3d7fac9d370686b	GRCh38DH	ChampHLA-CC-expansion-20260901	1
1000G-2014-unseen	NA19430	wes	LWK	https://ftp.1000genomes.ebi.ac.uk/vol1/ftp/data_collections/1000_genomes_project/data/LWK/NA19430/exome_alignment/NA19430.alt_bwamem_GRCh38DH.20150826.LWK.exome.cram	https://ftp.1000genomes.ebi.ac.uk/vol1/ftp/data_collections/1000_genomes_project/data/LWK/NA19430/exome_alignment/NA19430.alt_bwamem_GRCh38DH.20150826.LWK.exome.cram.crai	909aea848670d4e277a6dfa440bbc7de	GRCh38DH	ChampHLA-CC-expansion-20260901	1
1000G-2014-unseen	NA19435	wes	LWK	https://ftp.1000genomes.ebi.ac.uk/vol1/ftp/data_collections/1000_genomes_project/data/LWK/NA19435/exome_alignment/NA19435.alt_bwamem_GRCh38DH.20150826.LWK.exome.cram	https://ftp.1000genomes.ebi.ac.uk/vol1/ftp/data_collections/1000_genomes_project/data/LWK/NA19435/exome_alignment/NA19435.alt_bwamem_GRCh38DH.20150826.LWK.exome.cram.crai	b1c27079ee67747b1aefd373d5b91aed	GRCh38DH	ChampHLA-CC-expansion-20260901	1
1000G-2014-unseen	NA19446	wes	LWK	https://ftp.1000genomes.ebi.ac.uk/vol1/ftp/data_collections/1000_genomes_project/data/LWK/NA19446/exome_alignment/NA19446.alt_bwamem_GRCh38DH.20150826.LWK.exome.cram	https://ftp.1000genomes.ebi.ac.uk/vol1/ftp/data_collections/1000_genomes_project/data/LWK/NA19446/exome_alignment/NA19446.alt_bwamem_GRCh38DH.20150826.LWK.exome.cram.crai	3964242eb21367f2ae542ad914f2fc62	GRCh38DH	ChampHLA-CC-expansion-20260901	1
1000G-2014-unseen	NA19471	wes	LWK	https://ftp.1000genomes.ebi.ac.uk/vol1/ftp/data_collections/1000_genomes_project/data/LWK/NA19471/exome_alignment/NA19471.alt_bwamem_GRCh38DH.20150826.LWK.exome.cram	https://ftp.1000genomes.ebi.ac.uk/vol1/ftp/data_collections/1000_genomes_project/data/LWK/NA19471/exome_alignment/NA19471.alt_bwamem_GRCh38DH.20150826.LWK.exome.cram.crai	ef6f079907cb4a6fbd503d4c0fa7e0fd	GRCh38DH	ChampHLA-CC-expansion-20260901	1
1000G-2014-unseen	NA19660	wes	MXL	https://ftp.1000genomes.ebi.ac.uk/vol1/ftp/data_collections/1000_genomes_project/data/MXL/NA19660/exome_alignment/NA19660.alt_bwamem_GRCh38DH.20150826.MXL.exome.cram	https://ftp.1000genomes.ebi.ac.uk/vol1/ftp/data_collections/1000_genomes_project/data/MXL/NA19660/exome_alignment/NA19660.alt_bwamem_GRCh38DH.20150826.MXL.exome.cram.crai	71f40db9b3091b6d404843937bdf8daa	GRCh38DH	ChampHLA-CC-expansion-20260901	1
1000G-2014-unseen	NA19663	wes	MXL	https://ftp.1000genomes.ebi.ac.uk/vol1/ftp/data_collections/1000_genomes_project/data/MXL/NA19663/exome_alignment/NA19663.alt_bwamem_GRCh38DH.20150826.MXL.exome.cram	https://ftp.1000genomes.ebi.ac.uk/vol1/ftp/data_collections/1000_genomes_project/data/MXL/NA19663/exome_alignment/NA19663.alt_bwamem_GRCh38DH.20150826.MXL.exome.cram.crai	ac871ceaecff95abe3d1e1669ecbe57f	GRCh38DH	ChampHLA-CC-expansion-20260901	1
1000G-2014-unseen	NA19700	wes	ASW	https://ftp.1000genomes.ebi.ac.uk/vol1/ftp/data_collections/1000_genomes_project/data/ASW/NA19700/exome_alignment/NA19700.alt_bwamem_GRCh38DH.20150826.ASW.exome.cram	https://ftp.1000genomes.ebi.ac.uk/vol1/ftp/data_collections/1000_genomes_project/data/ASW/NA19700/exome_alignment/NA19700.alt_bwamem_GRCh38DH.20150826.ASW.exome.cram.crai	65a1976eb2d2785e0aacf8118a20c261	GRCh38DH	ChampHLA-CC-expansion-20260901	1
1000G-2014-unseen	NA19701	wes	ASW	https://ftp.1000genomes.ebi.ac.uk/vol1/ftp/data_collections/1000_genomes_project/data/ASW/NA19701/exome_alignment/NA19701.alt_bwamem_GRCh38DH.20150826.ASW.exome.cram	https://ftp.1000genomes.ebi.ac.uk/vol1/ftp/data_collections/1000_genomes_project/data/ASW/NA19701/exome_alignment/NA19701.alt_bwamem_GRCh38DH.20150826.ASW.exome.cram.crai	fb2f02a33b7670ea61bb4bdea62f641e	GRCh38DH	ChampHLA-CC-expansion-20260901	1
1000G-2014-unseen	NA19713	wes	ASW	https://ftp.1000genomes.ebi.ac.uk/vol1/ftp/data_collections/1000_genomes_project/data/ASW/NA19713/exome_alignment/NA19713.alt_bwamem_GRCh38DH.20150826.ASW.exome.cram	https://ftp.1000genomes.ebi.ac.uk/vol1/ftp/data_collections/1000_genomes_project/data/ASW/NA19713/exome_alignment/NA19713.alt_bwamem_GRCh38DH.20150826.ASW.exome.cram.crai	05cb074d835bd2db90afa34a6e2f4e4a	GRCh38DH	ChampHLA-CC-expansion-20260901	1
1000G-2014-unseen	NA19756	wes	MXL	https://ftp.1000genomes.ebi.ac.uk/vol1/ftp/data_collections/1000_genomes_project/data/MXL/NA19756/exome_alignment/NA19756.alt_bwamem_GRCh38DH.20150826.MXL.exome.cram	https://ftp.1000genomes.ebi.ac.uk/vol1/ftp/data_collections/1000_genomes_project/data/MXL/NA19756/exome_alignment/NA19756.alt_bwamem_GRCh38DH.20150826.MXL.exome.cram.crai	b95d1e47480d31a4dc3c1431cb0b042d	GRCh38DH	ChampHLA-CC-expansion-20260901	1
1000G-2014-unseen	NA19759	wes	MXL	https://ftp.1000genomes.ebi.ac.uk/vol1/ftp/data_collections/1000_genomes_project/data/MXL/NA19759/exome_alignment/NA19759.alt_bwamem_GRCh38DH.20150826.MXL.exome.cram	https://ftp.1000genomes.ebi.ac.uk/vol1/ftp/data_collections/1000_genomes_project/data/MXL/NA19759/exome_alignment/NA19759.alt_bwamem_GRCh38DH.20150826.MXL.exome.cram.crai	7f7648e4e83ed214dc7a0988aa8fb5bc	GRCh38DH	ChampHLA-CC-expansion-20260901	1
1000G-2014-unseen	NA19771	wes	MXL	https://ftp.1000genomes.ebi.ac.uk/vol1/ftp/data_collections/1000_genomes_project/data/MXL/NA19771/exome_alignment/NA19771.alt_bwamem_GRCh38DH.20150826.MXL.exome.cram	https://ftp.1000genomes.ebi.ac.uk/vol1/ftp/data_collections/1000_genomes_project/data/MXL/NA19771/exome_alignment/NA19771.alt_bwamem_GRCh38DH.20150826.MXL.exome.cram.crai	d32943a77b4a8af6558c7a7a303f0173	GRCh38DH	ChampHLA-CC-expansion-20260901	1
1000G-2014-unseen	NA19783	wes	MXL	https://ftp.1000genomes.ebi.ac.uk/vol1/ftp/data_collections/1000_genomes_project/data/MXL/NA19783/exome_alignment/NA19783.alt_bwamem_GRCh38DH.20150826.MXL.exome.cram	https://ftp.1000genomes.ebi.ac.uk/vol1/ftp/data_collections/1000_genomes_project/data/MXL/NA19783/exome_alignment/NA19783.alt_bwamem_GRCh38DH.20150826.MXL.exome.cram.crai	a093b2ce1d5abceacc88498644297f46	GRCh38DH	ChampHLA-CC-expansion-20260901	1
1000G-2014-unseen	NA19818	wes	ASW	https://ftp.1000genomes.ebi.ac.uk/vol1/ftp/data_collections/1000_genomes_project/data/ASW/NA19818/exome_alignment/NA19818.alt_bwamem_GRCh38DH.20150826.ASW.exome.cram	https://ftp.1000genomes.ebi.ac.uk/vol1/ftp/data_collections/1000_genomes_project/data/ASW/NA19818/exome_alignment/NA19818.alt_bwamem_GRCh38DH.20150826.ASW.exome.cram.crai	b22f60dbbb5c2810aaae661fb2b3acae	GRCh38DH	ChampHLA-CC-expansion-20260901	1
1000G-2014-unseen	NA20276	wes	ASW	https://ftp.1000genomes.ebi.ac.uk/vol1/ftp/data_collections/1000_genomes_project/data/ASW/NA20276/exome_alignment/NA20276.alt_bwamem_GRCh38DH.20150826.ASW.exome.cram	https://ftp.1000genomes.ebi.ac.uk/vol1/ftp/data_collections/1000_genomes_project/data/ASW/NA20276/exome_alignment/NA20276.alt_bwamem_GRCh38DH.20150826.ASW.exome.cram.crai	a449a08b3d40be1ec19a71f1ba66c0f7	GRCh38DH	ChampHLA-CC-expansion-20260901	1
1000G-2014-unseen	NA20342	wes	ASW	https://ftp.1000genomes.ebi.ac.uk/vol1/ftp/data_collections/1000_genomes_project/data/ASW/NA20342/exome_alignment/NA20342.alt_bwamem_GRCh38DH.20150826.ASW.exome.cram	https://ftp.1000genomes.ebi.ac.uk/vol1/ftp/data_collections/1000_genomes_project/data/ASW/NA20342/exome_alignment/NA20342.alt_bwamem_GRCh38DH.20150826.ASW.exome.cram.crai	3ba380819103f4be58cf037a70c3e631	GRCh38DH	ChampHLA-CC-expansion-20260901	1
1000G-2014-unseen	NA20356	wes	ASW	https://ftp.1000genomes.ebi.ac.uk/vol1/ftp/data_collections/1000_genomes_project/data/ASW/NA20356/exome_alignment/NA20356.alt_bwamem_GRCh38DH.20150826.ASW.exome.cram	https://ftp.1000genomes.ebi.ac.uk/vol1/ftp/data_collections/1000_genomes_project/data/ASW/NA20356/exome_alignment/NA20356.alt_bwamem_GRCh38DH.20150826.ASW.exome.cram.crai	c3076e5a2cb9bbb4dfe1341dadcf6461	GRCh38DH	ChampHLA-CC-expansion-20260901	1
1000G-2014-unseen	NA20752	wes	TSI	https://ftp.1000genomes.ebi.ac.uk/vol1/ftp/data_collections/1000_genomes_project/data/TSI/NA20752/exome_alignment/NA20752.alt_bwamem_GRCh38DH.20150826.TSI.exome.cram	https://ftp.1000genomes.ebi.ac.uk/vol1/ftp/data_collections/1000_genomes_project/data/TSI/NA20752/exome_alignment/NA20752.alt_bwamem_GRCh38DH.20150826.TSI.exome.cram.crai	1cfd1157cdbbe5f9e491c4c6288ae9db	GRCh38DH	ChampHLA-CC-expansion-20260901	1
1000G-2014-unseen	NA20771	wes	TSI	https://ftp.1000genomes.ebi.ac.uk/vol1/ftp/data_collections/1000_genomes_project/data/TSI/NA20771/exome_alignment/NA20771.alt_bwamem_GRCh38DH.20150826.TSI.exome.cram	https://ftp.1000genomes.ebi.ac.uk/vol1/ftp/data_collections/1000_genomes_project/data/TSI/NA20771/exome_alignment/NA20771.alt_bwamem_GRCh38DH.20150826.TSI.exome.cram.crai	f7922cc32b2c9e13be5298c33273e7e7	GRCh38DH	ChampHLA-CC-expansion-20260901	1
1000G-2014-unseen	NA20783	wes	TSI	https://ftp.1000genomes.ebi.ac.uk/vol1/ftp/data_collections/1000_genomes_project/data/TSI/NA20783/exome_alignment/NA20783.alt_bwamem_GRCh38DH.20150826.TSI.exome.cram	https://ftp.1000genomes.ebi.ac.uk/vol1/ftp/data_collections/1000_genomes_project/data/TSI/NA20783/exome_alignment/NA20783.alt_bwamem_GRCh38DH.20150826.TSI.exome.cram.crai	16c105677674616c81f418d684efa353	GRCh38DH	ChampHLA-CC-expansion-20260901	1
1000G-2014-unseen	NA20799	wes	TSI	https://ftp.1000genomes.ebi.ac.uk/vol1/ftp/data_collections/1000_genomes_project/data/TSI/NA20799/exome_alignment/NA20799.alt_bwamem_GRCh38DH.20150826.TSI.exome.cram	https://ftp.1000genomes.ebi.ac.uk/vol1/ftp/data_collections/1000_genomes_project/data/TSI/NA20799/exome_alignment/NA20799.alt_bwamem_GRCh38DH.20150826.TSI.exome.cram.crai	002a331a0ff6bd1ee0bd96d8527a30cc	GRCh38DH	ChampHLA-CC-expansion-20260901	1
1000G-2014-unseen	NA20800	wes	TSI	https://ftp.1000genomes.ebi.ac.uk/vol1/ftp/data_collections/1000_genomes_project/data/TSI/NA20800/exome_alignment/NA20800.alt_bwamem_GRCh38DH.20150826.TSI.exome.cram	https://ftp.1000genomes.ebi.ac.uk/vol1/ftp/data_collections/1000_genomes_project/data/TSI/NA20800/exome_alignment/NA20800.alt_bwamem_GRCh38DH.20150826.TSI.exome.cram.crai	dc2c6d8e1abdd71beac8dc760ac0e20f	GRCh38DH	ChampHLA-CC-expansion-20260901	1
1000G-2014-unseen	HG00122	rnaseq	British	https://ftp.ebi.ac.uk/pub/databases/microarray/data/experiment/GEUV/E-GEUV-1/processed/HG00122.6.M_120119_1.bam	https://ftp.ebi.ac.uk/pub/databases/microarray/data/experiment/GEUV/E-GEUV-1/processed/HG00122.6.M_120119_1.bam.bai		GRCh37	ChampHLA-CC-expansion-20260901	0
1000G-2014-unseen	HG00123	rnaseq	British	https://ftp.ebi.ac.uk/pub/databases/microarray/data/experiment/GEUV/E-GEUV-1/processed/HG00123.4.M_120208_7.bam	https://ftp.ebi.ac.uk/pub/databases/microarray/data/experiment/GEUV/E-GEUV-1/processed/HG00123.4.M_120208_7.bam.bai		GRCh37	ChampHLA-CC-expansion-20260901	0
1000G-2014-unseen	HG00124	rnaseq	British	https://ftp.ebi.ac.uk/pub/databases/microarray/data/experiment/GEUV/E-GEUV-1/processed/HG00124.3.M_120223_7.bam	https://ftp.ebi.ac.uk/pub/databases/microarray/data/experiment/GEUV/E-GEUV-1/processed/HG00124.3.M_120223_7.bam.bai		GRCh37	ChampHLA-CC-expansion-20260901	0
1000G-2014-unseen	HG00126	rnaseq	British	https://ftp.ebi.ac.uk/pub/databases/microarray/data/experiment/GEUV/E-GEUV-1/processed/HG00126.1.M_111124_8.bam	https://ftp.ebi.ac.uk/pub/databases/microarray/data/experiment/GEUV/E-GEUV-1/processed/HG00126.1.M_111124_8.bam.bai		GRCh37	ChampHLA-CC-expansion-20260901	0
1000G-2014-unseen	HG00127	rnaseq	British	https://ftp.ebi.ac.uk/pub/databases/microarray/data/experiment/GEUV/E-GEUV-1/processed/HG00127.1.M_111124_2.bam	https://ftp.ebi.ac.uk/pub/databases/microarray/data/experiment/GEUV/E-GEUV-1/processed/HG00127.1.M_111124_2.bam.bai		GRCh37	ChampHLA-CC-expansion-20260901	0
1000G-2014-unseen	HG00128	rnaseq	British	https://ftp.ebi.ac.uk/pub/databases/microarray/data/experiment/GEUV/E-GEUV-1/processed/HG00128.1.M_111124_6.bam	https://ftp.ebi.ac.uk/pub/databases/microarray/data/experiment/GEUV/E-GEUV-1/processed/HG00128.1.M_111124_6.bam.bai		GRCh37	ChampHLA-CC-expansion-20260901	0
1000G-2014-unseen	HG00130	rnaseq	British	https://ftp.ebi.ac.uk/pub/databases/microarray/data/experiment/GEUV/E-GEUV-1/processed/HG00130.5.M_120131_7.bam	https://ftp.ebi.ac.uk/pub/databases/microarray/data/experiment/GEUV/E-GEUV-1/processed/HG00130.5.M_120131_7.bam.bai		GRCh37	ChampHLA-CC-expansion-20260901	0
1000G-2014-unseen	HG00131	rnaseq	British	https://ftp.ebi.ac.uk/pub/databases/microarray/data/experiment/GEUV/E-GEUV-1/processed/HG00131.2.M_111215_5.bam	https://ftp.ebi.ac.uk/pub/databases/microarray/data/experiment/GEUV/E-GEUV-1/processed/HG00131.2.M_111215_5.bam.bai		GRCh37	ChampHLA-CC-expansion-20260901	0
1000G-2014-unseen	HG00139	rnaseq	British	https://ftp.ebi.ac.uk/pub/databases/microarray/data/experiment/GEUV/E-GEUV-1/processed/HG00139.7.M_120219_1.bam	https://ftp.ebi.ac.uk/pub/databases/microarray/data/experiment/GEUV/E-GEUV-1/processed/HG00139.7.M_120219_1.bam.bai		GRCh37	ChampHLA-CC-expansion-20260901	0
1000G-2014-unseen	HG00142	rnaseq	British	https://ftp.ebi.ac.uk/pub/databases/microarray/data/experiment/GEUV/E-GEUV-1/processed/HG00142.4.M_120208_6.bam	https://ftp.ebi.ac.uk/pub/databases/microarray/data/experiment/GEUV/E-GEUV-1/processed/HG00142.4.M_120208_6.bam.bai		GRCh37	ChampHLA-CC-expansion-20260901	0
1000G-2014-unseen	HG00149	rnaseq	British	https://ftp.ebi.ac.uk/pub/databases/microarray/data/experiment/GEUV/E-GEUV-1/processed/HG00149.1.M_111124_6.bam	https://ftp.ebi.ac.uk/pub/databases/microarray/data/experiment/GEUV/E-GEUV-1/processed/HG00149.1.M_111124_6.bam.bai		GRCh37	ChampHLA-CC-expansion-20260901	0
1000G-2014-unseen	HG00155	rnaseq	British	https://ftp.ebi.ac.uk/pub/databases/microarray/data/experiment/GEUV/E-GEUV-1/processed/HG00155.1.M_111124_2.bam	https://ftp.ebi.ac.uk/pub/databases/microarray/data/experiment/GEUV/E-GEUV-1/processed/HG00155.1.M_111124_2.bam.bai		GRCh37	ChampHLA-CC-expansion-20260901	0
1000G-2014-unseen	HG00157	rnaseq	British	https://ftp.ebi.ac.uk/pub/databases/microarray/data/experiment/GEUV/E-GEUV-1/processed/HG00157.5.M_120131_3.bam	https://ftp.ebi.ac.uk/pub/databases/microarray/data/experiment/GEUV/E-GEUV-1/processed/HG00157.5.M_120131_3.bam.bai		GRCh37	ChampHLA-CC-expansion-20260901	0
1000G-2014-unseen	HG00160	rnaseq	British	https://ftp.ebi.ac.uk/pub/databases/microarray/data/experiment/GEUV/E-GEUV-1/processed/HG00160.3.M_120202_1.bam	https://ftp.ebi.ac.uk/pub/databases/microarray/data/experiment/GEUV/E-GEUV-1/processed/HG00160.3.M_120202_1.bam.bai		GRCh37	ChampHLA-CC-expansion-20260901	0
1000G-2014-unseen	HG00242	rnaseq	British	https://ftp.ebi.ac.uk/pub/databases/microarray/data/experiment/GEUV/E-GEUV-1/processed/HG00242.3.M_120202_7.bam	https://ftp.ebi.ac.uk/pub/databases/microarray/data/experiment/GEUV/E-GEUV-1/processed/HG00242.3.M_120202_7.bam.bai		GRCh37	ChampHLA-CC-expansion-20260901	0
1000G-2014-unseen	HG00243	rnaseq	British	https://ftp.ebi.ac.uk/pub/databases/microarray/data/experiment/GEUV/E-GEUV-1/processed/HG00243.4.M_120208_2.bam	https://ftp.ebi.ac.uk/pub/databases/microarray/data/experiment/GEUV/E-GEUV-1/processed/HG00243.4.M_120208_2.bam.bai		GRCh37	ChampHLA-CC-expansion-20260901	0
1000G-2014-unseen	HG00245	rnaseq	British	https://ftp.ebi.ac.uk/pub/databases/microarray/data/experiment/GEUV/E-GEUV-1/processed/HG00245.4.M_120208_6.bam	https://ftp.ebi.ac.uk/pub/databases/microarray/data/experiment/GEUV/E-GEUV-1/processed/HG00245.4.M_120208_6.bam.bai		GRCh37	ChampHLA-CC-expansion-20260901	0
1000G-2014-unseen	HG00250	rnaseq	British	https://ftp.ebi.ac.uk/pub/databases/microarray/data/experiment/GEUV/E-GEUV-1/processed/HG00250.1.M_111124_4.bam	https://ftp.ebi.ac.uk/pub/databases/microarray/data/experiment/GEUV/E-GEUV-1/processed/HG00250.1.M_111124_4.bam.bai		GRCh37	ChampHLA-CC-expansion-20260901	0
1000G-2014-unseen	HG00252	rnaseq	British	https://ftp.ebi.ac.uk/pub/databases/microarray/data/experiment/GEUV/E-GEUV-1/processed/HG00252.1.M_111124_5.bam	https://ftp.ebi.ac.uk/pub/databases/microarray/data/experiment/GEUV/E-GEUV-1/processed/HG00252.1.M_111124_5.bam.bai		GRCh37	ChampHLA-CC-expansion-20260901	0
1000G-2014-unseen	HG00258	rnaseq	British	https://ftp.ebi.ac.uk/pub/databases/microarray/data/experiment/GEUV/E-GEUV-1/processed/HG00258.1.M_111124_6.bam	https://ftp.ebi.ac.uk/pub/databases/microarray/data/experiment/GEUV/E-GEUV-1/processed/HG00258.1.M_111124_6.bam.bai		GRCh37	ChampHLA-CC-expansion-20260901	0
1000G-2014-unseen	HG00259	rnaseq	British	https://ftp.ebi.ac.uk/pub/databases/microarray/data/experiment/GEUV/E-GEUV-1/processed/HG00259.5.M_120131_3.bam	https://ftp.ebi.ac.uk/pub/databases/microarray/data/experiment/GEUV/E-GEUV-1/processed/HG00259.5.M_120131_3.bam.bai		GRCh37	ChampHLA-CC-expansion-20260901	0
1000G-2014-unseen	HG00261	rnaseq	British	https://ftp.ebi.ac.uk/pub/databases/microarray/data/experiment/GEUV/E-GEUV-1/processed/HG00261.6.M_120119_2.bam	https://ftp.ebi.ac.uk/pub/databases/microarray/data/experiment/GEUV/E-GEUV-1/processed/HG00261.6.M_120119_2.bam.bai		GRCh37	ChampHLA-CC-expansion-20260901	0
1000G-2014-unseen	HG00267	rnaseq	Finland	https://ftp.ebi.ac.uk/pub/databases/microarray/data/experiment/GEUV/E-GEUV-1/processed/HG00267.4.M_120208_6.bam	https://ftp.ebi.ac.uk/pub/databases/microarray/data/experiment/GEUV/E-GEUV-1/processed/HG00267.4.M_120208_6.bam.bai		GRCh37	ChampHLA-CC-expansion-20260901	0
1000G-2014-unseen	HG00271	rnaseq	Finland	https://ftp.ebi.ac.uk/pub/databases/microarray/data/experiment/GEUV/E-GEUV-1/processed/HG00271.2.M_111215_7.bam	https://ftp.ebi.ac.uk/pub/databases/microarray/data/experiment/GEUV/E-GEUV-1/processed/HG00271.2.M_111215_7.bam.bai		GRCh37	ChampHLA-CC-expansion-20260901	0
1000G-2014-unseen	HG00285	rnaseq	Finland	https://ftp.ebi.ac.uk/pub/databases/microarray/data/experiment/GEUV/E-GEUV-1/processed/HG00285.3.M_120202_5.bam	https://ftp.ebi.ac.uk/pub/databases/microarray/data/experiment/GEUV/E-GEUV-1/processed/HG00285.3.M_120202_5.bam.bai		GRCh37	ChampHLA-CC-expansion-20260901	0
1000G-2014-unseen	HG00323	rnaseq	Finland	https://ftp.ebi.ac.uk/pub/databases/microarray/data/experiment/GEUV/E-GEUV-1/processed/HG00323.1.M_111124_4.bam	https://ftp.ebi.ac.uk/pub/databases/microarray/data/experiment/GEUV/E-GEUV-1/processed/HG00323.1.M_111124_4.bam.bai		GRCh37	ChampHLA-CC-expansion-20260901	0
1000G-2014-unseen	HG00326	rnaseq	Finland	https://ftp.ebi.ac.uk/pub/databases/microarray/data/experiment/GEUV/E-GEUV-1/processed/HG00326.1.M_111124_7.bam	https://ftp.ebi.ac.uk/pub/databases/microarray/data/experiment/GEUV/E-GEUV-1/processed/HG00326.1.M_111124_7.bam.bai		GRCh37	ChampHLA-CC-expansion-20260901	0
1000G-2014-unseen	HG00339	rnaseq	Finland	https://ftp.ebi.ac.uk/pub/databases/microarray/data/experiment/GEUV/E-GEUV-1/processed/HG00339.4.M_120208_1.bam	https://ftp.ebi.ac.uk/pub/databases/microarray/data/experiment/GEUV/E-GEUV-1/processed/HG00339.4.M_120208_1.bam.bai		GRCh37	ChampHLA-CC-expansion-20260901	0
1000G-2014-unseen	HG00341	rnaseq	Finland	https://ftp.ebi.ac.uk/pub/databases/microarray/data/experiment/GEUV/E-GEUV-1/processed/HG00341.2.M_111216_7.bam	https://ftp.ebi.ac.uk/pub/databases/microarray/data/experiment/GEUV/E-GEUV-1/processed/HG00341.2.M_111216_7.bam.bai		GRCh37	ChampHLA-CC-expansion-20260901	0
1000G-2014-unseen	HG00355	rnaseq	Finland	https://ftp.ebi.ac.uk/pub/databases/microarray/data/experiment/GEUV/E-GEUV-1/processed/HG00355.2.M_111215_6.bam	https://ftp.ebi.ac.uk/pub/databases/microarray/data/experiment/GEUV/E-GEUV-1/processed/HG00355.2.M_111215_6.bam.bai		GRCh37	ChampHLA-CC-expansion-20260901	0
1000G-2014-unseen	HG00372	rnaseq	Finland	https://ftp.ebi.ac.uk/pub/databases/microarray/data/experiment/GEUV/E-GEUV-1/processed/HG00372.4.M_120208_3.bam	https://ftp.ebi.ac.uk/pub/databases/microarray/data/experiment/GEUV/E-GEUV-1/processed/HG00372.4.M_120208_3.bam.bai		GRCh37	ChampHLA-CC-expansion-20260901	0
1000G-2014-unseen	HG00375	rnaseq	Finland	https://ftp.ebi.ac.uk/pub/databases/microarray/data/experiment/GEUV/E-GEUV-1/processed/HG00375.4.M_120208_4.bam	https://ftp.ebi.ac.uk/pub/databases/microarray/data/experiment/GEUV/E-GEUV-1/processed/HG00375.4.M_120208_4.bam.bai		GRCh37	ChampHLA-CC-expansion-20260901	0
1000G-2014-unseen	HG00376	rnaseq	Finland	https://ftp.ebi.ac.uk/pub/databases/microarray/data/experiment/GEUV/E-GEUV-1/processed/HG00376.2.M_111216_1.bam	https://ftp.ebi.ac.uk/pub/databases/microarray/data/experiment/GEUV/E-GEUV-1/processed/HG00376.2.M_111216_1.bam.bai		GRCh37	ChampHLA-CC-expansion-20260901	0
1000G-2014-unseen	NA07346	rnaseq	Utah	https://ftp.ebi.ac.uk/pub/databases/microarray/data/experiment/GEUV/E-GEUV-1/processed/NA07346.2.M_111215_7.bam	https://ftp.ebi.ac.uk/pub/databases/microarray/data/experiment/GEUV/E-GEUV-1/processed/NA07346.2.M_111215_7.bam.bai		GRCh37	ChampHLA-CC-expansion-20260901	0
1000G-2014-unseen	NA11881	rnaseq	Utah	https://ftp.ebi.ac.uk/pub/databases/microarray/data/experiment/GEUV/E-GEUV-1/processed/NA11881.1.M_111124_5.bam	https://ftp.ebi.ac.uk/pub/databases/microarray/data/experiment/GEUV/E-GEUV-1/processed/NA11881.1.M_111124_5.bam.bai		GRCh37	ChampHLA-CC-expansion-20260901	0
1000G-2014-unseen	NA11892	rnaseq	Utah	https://ftp.ebi.ac.uk/pub/databases/microarray/data/experiment/GEUV/E-GEUV-1/processed/NA11892.1.M_111124_2.bam	https://ftp.ebi.ac.uk/pub/databases/microarray/data/experiment/GEUV/E-GEUV-1/processed/NA11892.1.M_111124_2.bam.bai		GRCh37	ChampHLA-CC-expansion-20260901	0
1000G-2014-unseen	NA11893	rnaseq	Utah	https://ftp.ebi.ac.uk/pub/databases/microarray/data/experiment/GEUV/E-GEUV-1/processed/NA11893.7.M_120219_3.bam	https://ftp.ebi.ac.uk/pub/databases/microarray/data/experiment/GEUV/E-GEUV-1/processed/NA11893.7.M_120219_3.bam.bai		GRCh37	ChampHLA-CC-expansion-20260901	0
1000G-2014-unseen	NA11918	rnaseq	Utah	https://ftp.ebi.ac.uk/pub/databases/microarray/data/experiment/GEUV/E-GEUV-1/processed/NA11918.1.M_111124_3.bam	https://ftp.ebi.ac.uk/pub/databases/microarray/data/experiment/GEUV/E-GEUV-1/processed/NA11918.1.M_111124_3.bam.bai		GRCh37	ChampHLA-CC-expansion-20260901	0
1000G-2014-unseen	NA11930	rnaseq	Utah	https://ftp.ebi.ac.uk/pub/databases/microarray/data/experiment/GEUV/E-GEUV-1/processed/NA11930.3.M_120202_8.bam	https://ftp.ebi.ac.uk/pub/databases/microarray/data/experiment/GEUV/E-GEUV-1/processed/NA11930.3.M_120202_8.bam.bai		GRCh37	ChampHLA-CC-expansion-20260901	0
1000G-2014-unseen	NA11931	rnaseq	Utah	https://ftp.ebi.ac.uk/pub/databases/microarray/data/experiment/GEUV/E-GEUV-1/processed/NA11931.1.M_111124_8.bam	https://ftp.ebi.ac.uk/pub/databases/microarray/data/experiment/GEUV/E-GEUV-1/processed/NA11931.1.M_111124_8.bam.bai		GRCh37	ChampHLA-CC-expansion-20260901	0
1000G-2014-unseen	NA11992	rnaseq	Utah	https://ftp.ebi.ac.uk/pub/databases/microarray/data/experiment/GEUV/E-GEUV-1/processed/NA11992.6.M_120119_5.bam	https://ftp.ebi.ac.uk/pub/databases/microarray/data/experiment/GEUV/E-GEUV-1/processed/NA11992.6.M_120119_5.bam.bai		GRCh37	ChampHLA-CC-expansion-20260901	0
1000G-2014-unseen	NA11993	rnaseq	Utah	https://ftp.ebi.ac.uk/pub/databases/microarray/data/experiment/GEUV/E-GEUV-1/processed/NA11993.2.M_111216_4.bam	https://ftp.ebi.ac.uk/pub/databases/microarray/data/experiment/GEUV/E-GEUV-1/processed/NA11993.2.M_111216_4.bam.bai		GRCh37	ChampHLA-CC-expansion-20260901	0
1000G-2014-unseen	NA11994	rnaseq	Utah	https://ftp.ebi.ac.uk/pub/databases/microarray/data/experiment/GEUV/E-GEUV-1/processed/NA11994.2.M_111216_7.bam	https://ftp.ebi.ac.uk/pub/databases/microarray/data/experiment/GEUV/E-GEUV-1/processed/NA11994.2.M_111216_7.bam.bai		GRCh37	ChampHLA-CC-expansion-20260901	0
1000G-2014-unseen	NA11995	rnaseq	Utah	https://ftp.ebi.ac.uk/pub/databases/microarray/data/experiment/GEUV/E-GEUV-1/processed/NA11995.7.M_120219_5.bam	https://ftp.ebi.ac.uk/pub/databases/microarray/data/experiment/GEUV/E-GEUV-1/processed/NA11995.7.M_120219_5.bam.bai		GRCh37	ChampHLA-CC-expansion-20260901	0
1000G-2014-unseen	NA12005	rnaseq	Utah	https://ftp.ebi.ac.uk/pub/databases/microarray/data/experiment/GEUV/E-GEUV-1/processed/NA12005.4.M_120208_1.bam	https://ftp.ebi.ac.uk/pub/databases/microarray/data/experiment/GEUV/E-GEUV-1/processed/NA12005.4.M_120208_1.bam.bai		GRCh37	ChampHLA-CC-expansion-20260901	0
1000G-2014-unseen	NA12006	rnaseq	Utah	https://ftp.ebi.ac.uk/pub/databases/microarray/data/experiment/GEUV/E-GEUV-1/processed/NA12006.5.M_120131_1.bam	https://ftp.ebi.ac.uk/pub/databases/microarray/data/experiment/GEUV/E-GEUV-1/processed/NA12006.5.M_120131_1.bam.bai		GRCh37	ChampHLA-CC-expansion-20260901	0
1000G-2014-unseen	NA12043	rnaseq	Utah	https://ftp.ebi.ac.uk/pub/databases/microarray/data/experiment/GEUV/E-GEUV-1/processed/NA12043.2.M_120127_7.bam	https://ftp.ebi.ac.uk/pub/databases/microarray/data/experiment/GEUV/E-GEUV-1/processed/NA12043.2.M_120127_7.bam.bai		GRCh37	ChampHLA-CC-expansion-20260901	0
1000G-2014-unseen	NA12045	rnaseq	Utah	https://ftp.ebi.ac.uk/pub/databases/microarray/data/experiment/GEUV/E-GEUV-1/processed/NA12045.3.M_120202_3.bam	https://ftp.ebi.ac.uk/pub/databases/microarray/data/experiment/GEUV/E-GEUV-1/processed/NA12045.3.M_120202_3.bam.bai		GRCh37	ChampHLA-CC-expansion-20260901	0
1000G-2014-unseen	NA12058	rnaseq	Utah	https://ftp.ebi.ac.uk/pub/databases/microarray/data/experiment/GEUV/E-GEUV-1/processed/NA12058.5.M_120131_7.bam	https://ftp.ebi.ac.uk/pub/databases/microarray/data/experiment/GEUV/E-GEUV-1/processed/NA12058.5.M_120131_7.bam.bai		GRCh37	ChampHLA-CC-expansion-20260901	0
1000G-2014-unseen	NA12144	rnaseq	Utah	https://ftp.ebi.ac.uk/pub/databases/microarray/data/experiment/GEUV/E-GEUV-1/processed/NA12144.4.M_120208_1.bam	https://ftp.ebi.ac.uk/pub/databases/microarray/data/experiment/GEUV/E-GEUV-1/processed/NA12144.4.M_120208_1.bam.bai		GRCh37	ChampHLA-CC-expansion-20260901	0
1000G-2014-unseen	NA12155	rnaseq	Utah	https://ftp.ebi.ac.uk/pub/databases/microarray/data/experiment/GEUV/E-GEUV-1/processed/NA12155.4.M_120208_8.bam	https://ftp.ebi.ac.uk/pub/databases/microarray/data/experiment/GEUV/E-GEUV-1/processed/NA12155.4.M_120208_8.bam.bai		GRCh37	ChampHLA-CC-expansion-20260901	0
1000G-2014-unseen	NA12156	rnaseq	Utah	https://ftp.ebi.ac.uk/pub/databases/microarray/data/experiment/GEUV/E-GEUV-1/processed/NA12156.4.M_120208_7.bam	https://ftp.ebi.ac.uk/pub/databases/microarray/data/experiment/GEUV/E-GEUV-1/processed/NA12156.4.M_120208_7.bam.bai		GRCh37	ChampHLA-CC-expansion-20260901	0
1000G-2014-unseen	NA12249	rnaseq	Utah	https://ftp.ebi.ac.uk/pub/databases/microarray/data/experiment/GEUV/E-GEUV-1/processed/NA12249.1.M_120209_1.bam	https://ftp.ebi.ac.uk/pub/databases/microarray/data/experiment/GEUV/E-GEUV-1/processed/NA12249.1.M_120209_1.bam.bai		GRCh37	ChampHLA-CC-expansion-20260901	0
1000G-2014-unseen	NA12272	rnaseq	Utah	https://ftp.ebi.ac.uk/pub/databases/microarray/data/experiment/GEUV/E-GEUV-1/processed/NA12272.3.M_120202_5.bam	https://ftp.ebi.ac.uk/pub/databases/microarray/data/experiment/GEUV/E-GEUV-1/processed/NA12272.3.M_120202_5.bam.bai		GRCh37	ChampHLA-CC-expansion-20260901	0
1000G-2014-unseen	NA12273	rnaseq	Utah	https://ftp.ebi.ac.uk/pub/databases/microarray/data/experiment/GEUV/E-GEUV-1/processed/NA12273.1.M_111124_4.bam	https://ftp.ebi.ac.uk/pub/databases/microarray/data/experiment/GEUV/E-GEUV-1/processed/NA12273.1.M_111124_4.bam.bai		GRCh37	ChampHLA-CC-expansion-20260901	0
1000G-2014-unseen	NA12275	rnaseq	Utah	https://ftp.ebi.ac.uk/pub/databases/microarray/data/experiment/GEUV/E-GEUV-1/processed/NA12275.7.M_120219_5.bam	https://ftp.ebi.ac.uk/pub/databases/microarray/data/experiment/GEUV/E-GEUV-1/processed/NA12275.7.M_120219_5.bam.bai		GRCh37	ChampHLA-CC-expansion-20260901	0
1000G-2014-unseen	NA12282	rnaseq	Utah	https://ftp.ebi.ac.uk/pub/databases/microarray/data/experiment/GEUV/E-GEUV-1/processed/NA12282.3.M_120202_7.bam	https://ftp.ebi.ac.uk/pub/databases/microarray/data/experiment/GEUV/E-GEUV-1/processed/NA12282.3.M_120202_7.bam.bai		GRCh37	ChampHLA-CC-expansion-20260901	0
1000G-2014-unseen	NA12283	rnaseq	Utah	https://ftp.ebi.ac.uk/pub/databases/microarray/data/experiment/GEUV/E-GEUV-1/processed/NA12283.2.M_111216_5.bam	https://ftp.ebi.ac.uk/pub/databases/microarray/data/experiment/GEUV/E-GEUV-1/processed/NA12283.2.M_111216_5.bam.bai		GRCh37	ChampHLA-CC-expansion-20260901	0
1000G-2014-unseen	NA12286	rnaseq	Utah	https://ftp.ebi.ac.uk/pub/databases/microarray/data/experiment/GEUV/E-GEUV-1/processed/NA12286.2.M_111216_1.bam	https://ftp.ebi.ac.uk/pub/databases/microarray/data/experiment/GEUV/E-GEUV-1/processed/NA12286.2.M_111216_1.bam.bai		GRCh37	ChampHLA-CC-expansion-20260901	0
1000G-2014-unseen	NA12287	rnaseq	Utah	https://ftp.ebi.ac.uk/pub/databases/microarray/data/experiment/GEUV/E-GEUV-1/processed/NA12287.3.M_120202_3.bam	https://ftp.ebi.ac.uk/pub/databases/microarray/data/experiment/GEUV/E-GEUV-1/processed/NA12287.3.M_120202_3.bam.bai		GRCh37	ChampHLA-CC-expansion-20260901	0
1000G-2014-unseen	NA18870	rnaseq	Yoruba	https://ftp.ebi.ac.uk/pub/databases/microarray/data/experiment/GEUV/E-GEUV-1/processed/NA18870.6.M_120119_4.bam	https://ftp.ebi.ac.uk/pub/databases/microarray/data/experiment/GEUV/E-GEUV-1/processed/NA18870.6.M_120119_4.bam.bai		GRCh37	ChampHLA-CC-expansion-20260901	0
1000G-2014-unseen	NA18912	rnaseq	Yoruba	https://ftp.ebi.ac.uk/pub/databases/microarray/data/experiment/GEUV/E-GEUV-1/processed/NA18912.7.M_120219_3.bam	https://ftp.ebi.ac.uk/pub/databases/microarray/data/experiment/GEUV/E-GEUV-1/processed/NA18912.7.M_120219_3.bam.bai		GRCh37	ChampHLA-CC-expansion-20260901	0
1000G-2014-unseen	NA19092	rnaseq	Yoruba	https://ftp.ebi.ac.uk/pub/databases/microarray/data/experiment/GEUV/E-GEUV-1/processed/NA19092.1.M_111124_3.bam	https://ftp.ebi.ac.uk/pub/databases/microarray/data/experiment/GEUV/E-GEUV-1/processed/NA19092.1.M_111124_3.bam.bai		GRCh37	ChampHLA-CC-expansion-20260901	0
1000G-2014-unseen	NA19098	rnaseq	Yoruba	https://ftp.ebi.ac.uk/pub/databases/microarray/data/experiment/GEUV/E-GEUV-1/processed/NA19098.5.M_120131_1.bam	https://ftp.ebi.ac.uk/pub/databases/microarray/data/experiment/GEUV/E-GEUV-1/processed/NA19098.5.M_120131_1.bam.bai		GRCh37	ChampHLA-CC-expansion-20260901	0
1000G-2014-unseen	NA19102	rnaseq	Yoruba	https://ftp.ebi.ac.uk/pub/databases/microarray/data/experiment/GEUV/E-GEUV-1/processed/NA19102.1.M_111124_1.bam	https://ftp.ebi.ac.uk/pub/databases/microarray/data/experiment/GEUV/E-GEUV-1/processed/NA19102.1.M_111124_1.bam.bai		GRCh37	ChampHLA-CC-expansion-20260901	0
1000G-2014-unseen	NA19137	rnaseq	Yoruba	https://ftp.ebi.ac.uk/pub/databases/microarray/data/experiment/GEUV/E-GEUV-1/processed/NA19137.1.M_111124_7.bam	https://ftp.ebi.ac.uk/pub/databases/microarray/data/experiment/GEUV/E-GEUV-1/processed/NA19137.1.M_111124_7.bam.bai		GRCh37	ChampHLA-CC-expansion-20260901	0
1000G-2014-unseen	NA19138	rnaseq	Yoruba	https://ftp.ebi.ac.uk/pub/databases/microarray/data/experiment/GEUV/E-GEUV-1/processed/NA19138.3.M_120202_8.bam	https://ftp.ebi.ac.uk/pub/databases/microarray/data/experiment/GEUV/E-GEUV-1/processed/NA19138.3.M_120202_8.bam.bai		GRCh37	ChampHLA-CC-expansion-20260901	0
1000G-2014-unseen	NA19141	rnaseq	Yoruba	https://ftp.ebi.ac.uk/pub/databases/microarray/data/experiment/GEUV/E-GEUV-1/processed/NA19141.6.M_120119_2.bam	https://ftp.ebi.ac.uk/pub/databases/microarray/data/experiment/GEUV/E-GEUV-1/processed/NA19141.6.M_120119_2.bam.bai		GRCh37	ChampHLA-CC-expansion-20260901	0
1000G-2014-unseen	NA19143	rnaseq	Yoruba	https://ftp.ebi.ac.uk/pub/databases/microarray/data/experiment/GEUV/E-GEUV-1/processed/NA19143.2.M_111216_8.bam	https://ftp.ebi.ac.uk/pub/databases/microarray/data/experiment/GEUV/E-GEUV-1/processed/NA19143.2.M_111216_8.bam.bai		GRCh37	ChampHLA-CC-expansion-20260901	0
1000G-2014-unseen	NA19144	rnaseq	Yoruba	https://ftp.ebi.ac.uk/pub/databases/microarray/data/experiment/GEUV/E-GEUV-1/processed/NA19144.1.M_120209_1.bam	https://ftp.ebi.ac.uk/pub/databases/microarray/data/experiment/GEUV/E-GEUV-1/processed/NA19144.1.M_120209_1.bam.bai		GRCh37	ChampHLA-CC-expansion-20260901	0
1000G-2014-unseen	NA19159	rnaseq	Yoruba	https://ftp.ebi.ac.uk/pub/databases/microarray/data/experiment/GEUV/E-GEUV-1/processed/NA19159.3.M_120223_6.bam	https://ftp.ebi.ac.uk/pub/databases/microarray/data/experiment/GEUV/E-GEUV-1/processed/NA19159.3.M_120223_6.bam.bai		GRCh37	ChampHLA-CC-expansion-20260901	0
1000G-2014-unseen	NA19160	rnaseq	Yoruba	https://ftp.ebi.ac.uk/pub/databases/microarray/data/experiment/GEUV/E-GEUV-1/processed/NA19160.3.M_120202_3.bam	https://ftp.ebi.ac.uk/pub/databases/microarray/data/experiment/GEUV/E-GEUV-1/processed/NA19160.3.M_120202_3.bam.bai		GRCh37	ChampHLA-CC-expansion-20260901	0
1000G-2014-unseen	NA19171	rnaseq	Yoruba	https://ftp.ebi.ac.uk/pub/databases/microarray/data/experiment/GEUV/E-GEUV-1/processed/NA19171.1.M_111124_7.bam	https://ftp.ebi.ac.uk/pub/databases/microarray/data/experiment/GEUV/E-GEUV-1/processed/NA19171.1.M_111124_7.bam.bai		GRCh37	ChampHLA-CC-expansion-20260901	0
1000G-2014-unseen	NA19172	rnaseq	Yoruba	https://ftp.ebi.ac.uk/pub/databases/microarray/data/experiment/GEUV/E-GEUV-1/processed/NA19172.6.M_120119_1.bam	https://ftp.ebi.ac.uk/pub/databases/microarray/data/experiment/GEUV/E-GEUV-1/processed/NA19172.6.M_120119_1.bam.bai		GRCh37	ChampHLA-CC-expansion-20260901	0
1000G-2014-unseen	NA19200	rnaseq	Yoruba	https://ftp.ebi.ac.uk/pub/databases/microarray/data/experiment/GEUV/E-GEUV-1/processed/NA19200.2.M_111216_1.bam	https://ftp.ebi.ac.uk/pub/databases/microarray/data/experiment/GEUV/E-GEUV-1/processed/NA19200.2.M_111216_1.bam.bai		GRCh37	ChampHLA-CC-expansion-20260901	0
1000G-2014-unseen	NA19201	rnaseq	Yoruba	https://ftp.ebi.ac.uk/pub/databases/microarray/data/experiment/GEUV/E-GEUV-1/processed/NA19201.1.M_111124_3.bam	https://ftp.ebi.ac.uk/pub/databases/microarray/data/experiment/GEUV/E-GEUV-1/processed/NA19201.1.M_111124_3.bam.bai		GRCh37	ChampHLA-CC-expansion-20260901	0
1000G-2014-unseen	NA19204	rnaseq	Yoruba	https://ftp.ebi.ac.uk/pub/databases/microarray/data/experiment/GEUV/E-GEUV-1/processed/NA19204.1.M_111124_6.bam	https://ftp.ebi.ac.uk/pub/databases/microarray/data/experiment/GEUV/E-GEUV-1/processed/NA19204.1.M_111124_6.bam.bai		GRCh37	ChampHLA-CC-expansion-20260901	0
1000G-2014-unseen	NA19206	rnaseq	Yoruba	https://ftp.ebi.ac.uk/pub/databases/microarray/data/experiment/GEUV/E-GEUV-1/processed/NA19206.2.M_111215_5.bam	https://ftp.ebi.ac.uk/pub/databases/microarray/data/experiment/GEUV/E-GEUV-1/processed/NA19206.2.M_111215_5.bam.bai		GRCh37	ChampHLA-CC-expansion-20260901	0
1000G-2014-unseen	NA19207	rnaseq	Yoruba	https://ftp.ebi.ac.uk/pub/databases/microarray/data/experiment/GEUV/E-GEUV-1/processed/NA19207.4.M_120208_5.bam	https://ftp.ebi.ac.uk/pub/databases/microarray/data/experiment/GEUV/E-GEUV-1/processed/NA19207.4.M_120208_5.bam.bai		GRCh37	ChampHLA-CC-expansion-20260901	0
1000G-2014-unseen	NA19222	rnaseq	Yoruba	https://ftp.ebi.ac.uk/pub/databases/microarray/data/experiment/GEUV/E-GEUV-1/processed/NA19222.2.M_111216_7.bam	https://ftp.ebi.ac.uk/pub/databases/microarray/data/experiment/GEUV/E-GEUV-1/processed/NA19222.2.M_111216_7.bam.bai		GRCh37	ChampHLA-CC-expansion-20260901	0
1000G-2014-unseen	NA19223	rnaseq	Yoruba	https://ftp.ebi.ac.uk/pub/databases/microarray/data/experiment/GEUV/E-GEUV-1/processed/NA19223.7.M_120219_6.bam	https://ftp.ebi.ac.uk/pub/databases/microarray/data/experiment/GEUV/E-GEUV-1/processed/NA19223.7.M_120219_6.bam.bai		GRCh37	ChampHLA-CC-expansion-20260901	0
1000G-2014-unseen	NA20517	rnaseq	Tuscan	https://ftp.ebi.ac.uk/pub/databases/microarray/data/experiment/GEUV/E-GEUV-1/processed/NA20517.3.M_120202_8.bam	https://ftp.ebi.ac.uk/pub/databases/microarray/data/experiment/GEUV/E-GEUV-1/processed/NA20517.3.M_120202_8.bam.bai		GRCh37	ChampHLA-CC-expansion-20260901	0
1000G-2014-unseen	NA20524	rnaseq	Tuscan	https://ftp.ebi.ac.uk/pub/databases/microarray/data/experiment/GEUV/E-GEUV-1/processed/NA20524.2.M_111215_8.bam	https://ftp.ebi.ac.uk/pub/databases/microarray/data/experiment/GEUV/E-GEUV-1/processed/NA20524.2.M_111215_8.bam.bai		GRCh37	ChampHLA-CC-expansion-20260901	0
1000G-2014-unseen	NA20527	rnaseq	Tuscan	https://ftp.ebi.ac.uk/pub/databases/microarray/data/experiment/GEUV/E-GEUV-1/processed/NA20527.2.M_111215_7.bam	https://ftp.ebi.ac.uk/pub/databases/microarray/data/experiment/GEUV/E-GEUV-1/processed/NA20527.2.M_111215_7.bam.bai		GRCh37	ChampHLA-CC-expansion-20260901	0
1000G-2014-unseen	NA20581	rnaseq	Tuscan	https://ftp.ebi.ac.uk/pub/databases/microarray/data/experiment/GEUV/E-GEUV-1/processed/NA20581.1.M_111124_4.bam	https://ftp.ebi.ac.uk/pub/databases/microarray/data/experiment/GEUV/E-GEUV-1/processed/NA20581.1.M_111124_4.bam.bai		GRCh37	ChampHLA-CC-expansion-20260901	0
1000G-2014-unseen	NA20582	rnaseq	Tuscan	https://ftp.ebi.ac.uk/pub/databases/microarray/data/experiment/GEUV/E-GEUV-1/processed/NA20582.4.M_120208_2.bam	https://ftp.ebi.ac.uk/pub/databases/microarray/data/experiment/GEUV/E-GEUV-1/processed/NA20582.4.M_120208_2.bam.bai		GRCh37	ChampHLA-CC-expansion-20260901	0
1000G-2014-unseen	NA20752	rnaseq	Tuscan	https://ftp.ebi.ac.uk/pub/databases/microarray/data/experiment/GEUV/E-GEUV-1/processed/NA20752.5.M_120131_7.bam	https://ftp.ebi.ac.uk/pub/databases/microarray/data/experiment/GEUV/E-GEUV-1/processed/NA20752.5.M_120131_7.bam.bai		GRCh37	ChampHLA-CC-expansion-20260901	0
1000G-2014-unseen	NA20771	rnaseq	Tuscan	https://ftp.ebi.ac.uk/pub/databases/microarray/data/experiment/GEUV/E-GEUV-1/processed/NA20771.2.M_111215_7.bam	https://ftp.ebi.ac.uk/pub/databases/microarray/data/experiment/GEUV/E-GEUV-1/processed/NA20771.2.M_111215_7.bam.bai		GRCh37	ChampHLA-CC-expansion-20260901	0
1000G-2014-unseen	NA20773	rnaseq	Tuscan	https://ftp.ebi.ac.uk/pub/databases/microarray/data/experiment/GEUV/E-GEUV-1/processed/NA20773.6.M_120119_4.bam	https://ftp.ebi.ac.uk/pub/databases/microarray/data/experiment/GEUV/E-GEUV-1/processed/NA20773.6.M_120119_4.bam.bai		GRCh37	ChampHLA-CC-expansion-20260901	0
1000G-2014-unseen	NA20783	rnaseq	Tuscan	https://ftp.ebi.ac.uk/pub/databases/microarray/data/experiment/GEUV/E-GEUV-1/processed/NA20783.4.M_120208_6.bam	https://ftp.ebi.ac.uk/pub/databases/microarray/data/experiment/GEUV/E-GEUV-1/processed/NA20783.4.M_120208_6.bam.bai		GRCh37	ChampHLA-CC-expansion-20260901	0
1000G-2014-unseen	NA20787	rnaseq	Tuscan	https://ftp.ebi.ac.uk/pub/databases/microarray/data/experiment/GEUV/E-GEUV-1/processed/NA20787.6.M_120119_3.bam	https://ftp.ebi.ac.uk/pub/databases/microarray/data/experiment/GEUV/E-GEUV-1/processed/NA20787.6.M_120119_3.bam.bai		GRCh37	ChampHLA-CC-expansion-20260901	0
1000G-2014-unseen	NA20795	rnaseq	Tuscan	https://ftp.ebi.ac.uk/pub/databases/microarray/data/experiment/GEUV/E-GEUV-1/processed/NA20795.5.M_120131_1.bam	https://ftp.ebi.ac.uk/pub/databases/microarray/data/experiment/GEUV/E-GEUV-1/processed/NA20795.5.M_120131_1.bam.bai		GRCh37	ChampHLA-CC-expansion-20260901	0
1000G-2014-unseen	NA20797	rnaseq	Tuscan	https://ftp.ebi.ac.uk/pub/databases/microarray/data/experiment/GEUV/E-GEUV-1/processed/NA20797.2.M_111215_6.bam	https://ftp.ebi.ac.uk/pub/databases/microarray/data/experiment/GEUV/E-GEUV-1/processed/NA20797.2.M_111215_6.bam.bai		GRCh37	ChampHLA-CC-expansion-20260901	0
1000G-2014-unseen	NA20799	rnaseq	Tuscan	https://ftp.ebi.ac.uk/pub/databases/microarray/data/experiment/GEUV/E-GEUV-1/processed/NA20799.1.M_111124_3.bam	https://ftp.ebi.ac.uk/pub/databases/microarray/data/experiment/GEUV/E-GEUV-1/processed/NA20799.1.M_111124_3.bam.bai		GRCh37	ChampHLA-CC-expansion-20260901	0
1000G-2014-unseen	NA20800	rnaseq	Tuscan	https://ftp.ebi.ac.uk/pub/databases/microarray/data/experiment/GEUV/E-GEUV-1/processed/NA20800.1.M_111124_5.bam	https://ftp.ebi.ac.uk/pub/databases/microarray/data/experiment/GEUV/E-GEUV-1/processed/NA20800.1.M_111124_5.bam.bai		GRCh37	ChampHLA-CC-expansion-20260901	0
1000G-2014-unseen	NA20803	rnaseq	Tuscan	https://ftp.ebi.ac.uk/pub/databases/microarray/data/experiment/GEUV/E-GEUV-1/processed/NA20803.7.M_120219_1.bam	https://ftp.ebi.ac.uk/pub/databases/microarray/data/experiment/GEUV/E-GEUV-1/processed/NA20803.7.M_120219_1.bam.bai		GRCh37	ChampHLA-CC-expansion-20260901	0
1000G-2014-unseen	NA20808	rnaseq	Tuscan	https://ftp.ebi.ac.uk/pub/databases/microarray/data/experiment/GEUV/E-GEUV-1/processed/NA20808.4.M_120208_6.bam	https://ftp.ebi.ac.uk/pub/databases/microarray/data/experiment/GEUV/E-GEUV-1/processed/NA20808.4.M_120208_6.bam.bai		GRCh37	ChampHLA-CC-expansion-20260901	0
1000G-2014-unseen	NA20811	rnaseq	Tuscan	https://ftp.ebi.ac.uk/pub/databases/microarray/data/experiment/GEUV/E-GEUV-1/processed/NA20811.1.M_111124_5.bam	https://ftp.ebi.ac.uk/pub/databases/microarray/data/experiment/GEUV/E-GEUV-1/processed/NA20811.1.M_111124_5.bam.bai		GRCh37	ChampHLA-CC-expansion-20260901	0
1000G-2014-unseen	NA20826	rnaseq	Tuscan	https://ftp.ebi.ac.uk/pub/databases/microarray/data/experiment/GEUV/E-GEUV-1/processed/NA20826.1.M_111124_1.bam	https://ftp.ebi.ac.uk/pub/databases/microarray/data/experiment/GEUV/E-GEUV-1/processed/NA20826.1.M_111124_1.bam.bai		GRCh37	ChampHLA-CC-expansion-20260901	0
