cohort	sample_id	donor_id	modality	input_type	input_uri	index_uri	index_checksum	source_checksum	reference_build	read_layout	independence_stratum	evidence_role
1000G_SAME_RESOURCE	HG00096	HG00096	rnaseq	fastq_pair	https://ftp.sra.ebi.ac.uk/vol1/run/ERR188/ERR188040/HG00096.1.M_111124_6_1.fastq.gz;https://ftp.sra.ebi.ac.uk/vol1/run/ERR188/ERR188040/HG00096.1.M_111124_6_2.fastq.gz			md5:9341fb9158e890d990cbfd7b8cef7c91;md5:2f7b9029b267ca61e1ca69eec56cb7fc	GRCh37	paired	new_library_overlap	same_resource_confirmation
1000G_SAME_RESOURCE	HG00097	HG00097	rnaseq	fastq_pair	https://ftp.sra.ebi.ac.uk/vol1/run/ERR188/ERR188231/HG00097.7.M_120219_2_1.fastq.gz;https://ftp.sra.ebi.ac.uk/vol1/run/ERR188/ERR188231/HG00097.7.M_120219_2_2.fastq.gz			md5:fc37f30adfa957ae90c7f04f82c4ac64;md5:c484f22dd1474c71a1ab2bae9ae94eb4	GRCh37	paired	new_library_overlap	same_resource_confirmation
1000G_SAME_RESOURCE	HG00099	HG00099	rnaseq	fastq_pair	https://ftp.sra.ebi.ac.uk/vol1/run/ERR188/ERR188428/HG00099.5.M_120131_3_1.fastq.gz;https://ftp.sra.ebi.ac.uk/vol1/run/ERR188/ERR188428/HG00099.5.M_120131_3_2.fastq.gz			md5:438339b92ff75bae11ceb82a0fd501a3;md5:ed196e43a5b898a2959492c808ac47a7	GRCh37	paired	new_library_overlap	same_resource_confirmation
1000G_SAME_RESOURCE	HG00100	HG00100	rnaseq	fastq_pair	https://ftp.sra.ebi.ac.uk/vol1/run/ERR188/ERR188206/HG00100.2.M_111215_8_1.fastq.gz;https://ftp.sra.ebi.ac.uk/vol1/run/ERR188/ERR188206/HG00100.2.M_111215_8_2.fastq.gz			md5:ca8993f4e0e84a087bcd74537d4d471d;md5:dfe2fcfe697e13e0d44fa70f15be3778	GRCh37	paired	new_library_overlap	same_resource_confirmation
1000G_SAME_RESOURCE	HG00101	HG00101	rnaseq	fastq_pair	https://ftp.sra.ebi.ac.uk/vol1/run/ERR188/ERR188307/HG00101.1.M_111124_4_1.fastq.gz;https://ftp.sra.ebi.ac.uk/vol1/run/ERR188/ERR188307/HG00101.1.M_111124_4_2.fastq.gz			md5:a1250a735773947cd1096903e58acf56;md5:15a7dda4f37e537cf3cde3c81a31c419	GRCh37	paired	new_library_overlap	same_resource_confirmation
1000G_SAME_RESOURCE	HG00102	HG00102	rnaseq	fastq_pair	https://ftp.sra.ebi.ac.uk/vol1/run/ERR188/ERR188416/HG00102.3.M_120202_8_1.fastq.gz;https://ftp.sra.ebi.ac.uk/vol1/run/ERR188/ERR188416/HG00102.3.M_120202_8_2.fastq.gz			md5:2fb52fb24b91518096e7dccd65b96455;md5:4c84cfe60910de0ca3c58793ed40b1e8	GRCh37	paired	new_library_overlap	same_resource_confirmation
1000G_SAME_RESOURCE	HG00103	HG00103	rnaseq	fastq_pair	https://ftp.sra.ebi.ac.uk/vol1/run/ERR188/ERR188136/HG00103.4.M_120208_3_1.fastq.gz;https://ftp.sra.ebi.ac.uk/vol1/run/ERR188/ERR188136/HG00103.4.M_120208_3_2.fastq.gz			md5:a87e43eb5055d18a08ce06010f376490;md5:17c714922e42931c0bc1372b6bce2043	GRCh37	paired	new_library_overlap	same_resource_confirmation
1000G_SAME_RESOURCE	HG00104	HG00104	rnaseq	fastq_pair	https://ftp.sra.ebi.ac.uk/vol1/run/ERR188/ERR188247/HG00104.1.M_111124_5_1.fastq.gz;https://ftp.sra.ebi.ac.uk/vol1/run/ERR188/ERR188247/HG00104.1.M_111124_5_2.fastq.gz			md5:661be9089c99d9cc25436c0adccbe35c;md5:9bf8302d8d9dd0fa26b1a1791d118e7b	GRCh37	paired	new_library_overlap	same_resource_confirmation
1000G_SAME_RESOURCE	HG00105	HG00105	rnaseq	fastq_pair	https://ftp.sra.ebi.ac.uk/vol1/run/ERR188/ERR188368/HG00105.3.M_120223_6_1.fastq.gz;https://ftp.sra.ebi.ac.uk/vol1/run/ERR188/ERR188368/HG00105.3.M_120223_6_2.fastq.gz			md5:1834b354fe1d712ac1ad232f13df2cbf;md5:90d402743a675e27c9a05b9d3d2e36f6	GRCh37	paired	new_library_overlap	same_resource_confirmation
1000G_SAME_RESOURCE	HG00106	HG00106	rnaseq	fastq_pair	https://ftp.sra.ebi.ac.uk/vol1/run/ERR188/ERR188167/HG00106.4.M_120208_5_1.fastq.gz;https://ftp.sra.ebi.ac.uk/vol1/run/ERR188/ERR188167/HG00106.4.M_120208_5_2.fastq.gz			md5:286a4b19eb51b7697232b1f2dda53c8b;md5:0c15a9b26ce1691be4199293220dffc1	GRCh37	paired	new_library_overlap	same_resource_confirmation
1000G_SAME_RESOURCE	HG00108	HG00108	rnaseq	fastq_pair	https://ftp.sra.ebi.ac.uk/vol1/run/ERR188/ERR188166/HG00108.7.M_120219_2_1.fastq.gz;https://ftp.sra.ebi.ac.uk/vol1/run/ERR188/ERR188166/HG00108.7.M_120219_2_2.fastq.gz			md5:711e6dd6d06b77bfdd827f45c463b7b4;md5:f595f1fd8f7ff6ade86dfe52e39871d4	GRCh37	paired	new_library_overlap	same_resource_confirmation
1000G_SAME_RESOURCE	HG00109	HG00109	rnaseq	fastq_pair	https://ftp.sra.ebi.ac.uk/vol1/run/ERR188/ERR188328/HG00109.3.M_120202_5_1.fastq.gz;https://ftp.sra.ebi.ac.uk/vol1/run/ERR188/ERR188328/HG00109.3.M_120202_5_2.fastq.gz			md5:3184be59230a6ec3f5ad536ace4bd068;md5:616ce31e90bc4e7b3689a5400d0f55f5	GRCh37	paired	new_library_overlap	same_resource_confirmation
1000G_SAME_RESOURCE	HG00110	HG00110	rnaseq	fastq_pair	https://ftp.sra.ebi.ac.uk/vol1/run/ERR188/ERR188082/HG00110.2.M_120131_2_1.fastq.gz;https://ftp.sra.ebi.ac.uk/vol1/run/ERR188/ERR188082/HG00110.2.M_120131_2_2.fastq.gz			md5:c8112d38f046b77ae02f80557ebc078a;md5:9dee5db3d984617fa6619099c53f4d09	GRCh37	paired	new_library_overlap	same_resource_confirmation
1000G_SAME_RESOURCE	HG00111	HG00111	rnaseq	fastq_pair	https://ftp.sra.ebi.ac.uk/vol1/run/ERR188/ERR188342/HG00111.2.M_111215_4_1.fastq.gz;https://ftp.sra.ebi.ac.uk/vol1/run/ERR188/ERR188342/HG00111.2.M_111215_4_2.fastq.gz			md5:03bdf7762b55a5a88789adf8e85df93e;md5:8aee11c6509790def1a363fe0d65750f	GRCh37	paired	new_library_overlap	same_resource_confirmation
1000G_SAME_RESOURCE	HG00112	HG00112	rnaseq	fastq_pair	https://ftp.sra.ebi.ac.uk/vol1/run/ERR188/ERR188465/HG00112.6.M_120119_2_1.fastq.gz;https://ftp.sra.ebi.ac.uk/vol1/run/ERR188/ERR188465/HG00112.6.M_120119_2_2.fastq.gz			md5:3365857266d5f31292b71e8253d41710;md5:4292c55f1021f985b811d9841fbf6032	GRCh37	paired	new_library_overlap	same_resource_confirmation
1000G_SAME_RESOURCE	HG00114	HG00114	rnaseq	fastq_pair	https://ftp.sra.ebi.ac.uk/vol1/run/ERR188/ERR188071/HG00114.6.M_120217_1_1.fastq.gz;https://ftp.sra.ebi.ac.uk/vol1/run/ERR188/ERR188071/HG00114.6.M_120217_1_2.fastq.gz			md5:21bea5358dabf26e60f217751c827d87;md5:8059a0485d517e80b173dd85973af80c	GRCh37	paired	new_library_overlap	same_resource_confirmation
1000G_SAME_RESOURCE	HG00115	HG00115	rnaseq	fastq_pair	https://ftp.sra.ebi.ac.uk/vol1/run/ERR188/ERR188186/HG00115.6.M_120119_1_1.fastq.gz;https://ftp.sra.ebi.ac.uk/vol1/run/ERR188/ERR188186/HG00115.6.M_120119_1_2.fastq.gz			md5:d9807b1707b87a662e9fb625b37069f6;md5:542b4277599b7802db730aa92f6a6480	GRCh37	paired	new_library_overlap	same_resource_confirmation
1000G_SAME_RESOURCE	HG00116	HG00116	rnaseq	fastq_pair	https://ftp.sra.ebi.ac.uk/vol1/run/ERR188/ERR188293/HG00116.2.M_120131_1_1.fastq.gz;https://ftp.sra.ebi.ac.uk/vol1/run/ERR188/ERR188293/HG00116.2.M_120131_1_2.fastq.gz			md5:863ddd9ba7573d6bcaeb940c44b0ddf8;md5:75f43e3db0e6e1fd95b10bf790b6ca2c	GRCh37	paired	new_library_overlap	same_resource_confirmation
1000G_SAME_RESOURCE	HG00171	HG00171	rnaseq	fastq_pair	https://ftp.sra.ebi.ac.uk/vol1/run/ERR188/ERR188190/HG00171.3.M_120202_2_1.fastq.gz;https://ftp.sra.ebi.ac.uk/vol1/run/ERR188/ERR188190/HG00171.3.M_120202_2_2.fastq.gz			md5:fd2b29c0385fa2ca55c090d297258812;md5:6e1520dbd1ba12fc73c8ea99891a3081	GRCh37	paired	new_library_overlap	same_resource_confirmation
1000G_SAME_RESOURCE	HG00173	HG00173	rnaseq	fastq_pair	https://ftp.sra.ebi.ac.uk/vol1/run/ERR188/ERR188445/HG00173.3.M_120202_1_1.fastq.gz;https://ftp.sra.ebi.ac.uk/vol1/run/ERR188/ERR188445/HG00173.3.M_120202_1_2.fastq.gz			md5:ec9364ddaa8fb52ffe0082af2c787547;md5:d13fcc6afbc019adf1d003d9454dd97e	GRCh37	paired	new_library_overlap	same_resource_confirmation
1000G_SAME_RESOURCE	HG00174	HG00174	rnaseq	fastq_pair	https://ftp.sra.ebi.ac.uk/vol1/run/ERR188/ERR188163/HG00174.4.M_120208_3_1.fastq.gz;https://ftp.sra.ebi.ac.uk/vol1/run/ERR188/ERR188163/HG00174.4.M_120208_3_2.fastq.gz			md5:44e7d26d4464d3b88271fbdb864457c0;md5:413401ece0cb0e4fb119babac145b54a	GRCh37	paired	new_library_overlap	same_resource_confirmation
1000G_SAME_RESOURCE	HG00176	HG00176	rnaseq	fastq_pair	https://ftp.sra.ebi.ac.uk/vol1/run/ERR188/ERR188187/HG00176.4.M_120208_2_1.fastq.gz;https://ftp.sra.ebi.ac.uk/vol1/run/ERR188/ERR188187/HG00176.4.M_120208_2_2.fastq.gz			md5:7d136f066773d8724cbac24fe43fc9f8;md5:30aebe3c8c5ad3ed4b18984a549d7f9f	GRCh37	paired	new_library_overlap	same_resource_confirmation
1000G_SAME_RESOURCE	HG00177	HG00177	rnaseq	fastq_pair	https://ftp.sra.ebi.ac.uk/vol1/run/ERR188/ERR188180/HG00177.4.M_120208_8_1.fastq.gz;https://ftp.sra.ebi.ac.uk/vol1/run/ERR188/ERR188180/HG00177.4.M_120208_8_2.fastq.gz			md5:fa2d894b5f820291136020b3c22164e4;md5:e0c0848f782e97932bfa2e5997b25506	GRCh37	paired	new_library_overlap	same_resource_confirmation
1000G_SAME_RESOURCE	HG00178	HG00178	rnaseq	fastq_pair	https://ftp.sra.ebi.ac.uk/vol1/run/ERR188/ERR188248/HG00178.4.M_120208_8_1.fastq.gz;https://ftp.sra.ebi.ac.uk/vol1/run/ERR188/ERR188248/HG00178.4.M_120208_8_2.fastq.gz			md5:a3736d6ec6f5700bf78121f312c052ac;md5:5626fad37581e8bdc07880acde814721	GRCh37	paired	new_library_overlap	same_resource_confirmation
1000G_SAME_RESOURCE	HG00179	HG00179	rnaseq	fastq_pair	https://ftp.sra.ebi.ac.uk/vol1/run/ERR188/ERR188304/HG00179.1.M_111124_8_1.fastq.gz;https://ftp.sra.ebi.ac.uk/vol1/run/ERR188/ERR188304/HG00179.1.M_111124_8_2.fastq.gz			md5:9e06c967d99af03a2a2a683c3eff04bd;md5:85b20c9c50ed54a22e5b76d1ae0a8443	GRCh37	paired	new_library_overlap	same_resource_confirmation
1000G_SAME_RESOURCE	HG00180	HG00180	rnaseq	fastq_pair	https://ftp.sra.ebi.ac.uk/vol1/run/ERR188/ERR188146/HG00180.1.M_111124_8_1.fastq.gz;https://ftp.sra.ebi.ac.uk/vol1/run/ERR188/ERR188146/HG00180.1.M_111124_8_2.fastq.gz			md5:67f634cf23f2c6a425119d69963231fd;md5:22a3cb61ae8c1d1624d87d7a3191a7bd	GRCh37	paired	new_library_overlap	same_resource_confirmation
1000G_SAME_RESOURCE	HG00181	HG00181	rnaseq	fastq_pair	https://ftp.sra.ebi.ac.uk/vol1/run/ERR188/ERR188118/HG00181.4.M_120208_4_1.fastq.gz;https://ftp.sra.ebi.ac.uk/vol1/run/ERR188/ERR188118/HG00181.4.M_120208_4_2.fastq.gz			md5:2efb07c18ac808071e5ff4631f407071;md5:8da66a6cab98cff5c88d2c0f0a0ca0cc	GRCh37	paired	new_library_overlap	same_resource_confirmation
1000G_SAME_RESOURCE	HG00182	HG00182	rnaseq	fastq_pair	https://ftp.sra.ebi.ac.uk/vol1/run/ERR188/ERR188149/HG00182.1.M_111124_4_1.fastq.gz;https://ftp.sra.ebi.ac.uk/vol1/run/ERR188/ERR188149/HG00182.1.M_111124_4_2.fastq.gz			md5:6046d9aac472554884006b58989b00c6;md5:5241e1bdeaa61b99b9a08f78385f6dc9	GRCh37	paired	new_library_overlap	same_resource_confirmation
1000G_SAME_RESOURCE	HG00183	HG00183	rnaseq	fastq_pair	https://ftp.sra.ebi.ac.uk/vol1/run/ERR188/ERR188302/HG00183.5.M_120131_5_1.fastq.gz;https://ftp.sra.ebi.ac.uk/vol1/run/ERR188/ERR188302/HG00183.5.M_120131_5_2.fastq.gz			md5:9b128ada7b878a98b728deca653b4b7d;md5:96e56afcf70ea044340fcd6645b40d50	GRCh37	paired	new_library_overlap	same_resource_confirmation
1000G_SAME_RESOURCE	HG00185	HG00185	rnaseq	fastq_pair	https://ftp.sra.ebi.ac.uk/vol1/run/ERR188/ERR188320/HG00185.1.M_111124_5_1.fastq.gz;https://ftp.sra.ebi.ac.uk/vol1/run/ERR188/ERR188320/HG00185.1.M_111124_5_2.fastq.gz			md5:5362cbe70fde270cb95741f0d0d3c3ef;md5:4b89b51f644b7d4c45a91f9aad90b14b	GRCh37	paired	new_library_overlap	same_resource_confirmation
1000G_SAME_RESOURCE	HG00186	HG00186	rnaseq	fastq_pair	https://ftp.sra.ebi.ac.uk/vol1/run/ERR188/ERR188090/HG00186.3.M_120202_5_1.fastq.gz;https://ftp.sra.ebi.ac.uk/vol1/run/ERR188/ERR188090/HG00186.3.M_120202_5_2.fastq.gz			md5:94251831a84f3f2e88b4fe85471e93d9;md5:82dabfd4061f374dd140e9ef5a34b7b3	GRCh37	paired	new_library_overlap	same_resource_confirmation
1000G_SAME_RESOURCE	HG00187	HG00187	rnaseq	fastq_pair	https://ftp.sra.ebi.ac.uk/vol1/run/ERR188/ERR188425/HG00187.1.M_120209_2_1.fastq.gz;https://ftp.sra.ebi.ac.uk/vol1/run/ERR188/ERR188425/HG00187.1.M_120209_2_2.fastq.gz			md5:61fda91d1c314cc097367c4ed45b1833;md5:c1bf882c865bf57bd64d9869fc895118	GRCh37	paired	new_library_overlap	same_resource_confirmation
1000G_SAME_RESOURCE	HG00188	HG00188	rnaseq	fastq_pair	https://ftp.sra.ebi.ac.uk/vol1/run/ERR188/ERR188400/HG00188.1.M_111124_3_1.fastq.gz;https://ftp.sra.ebi.ac.uk/vol1/run/ERR188/ERR188400/HG00188.1.M_111124_3_2.fastq.gz			md5:142350b55ede4051b513e1990c51b82f;md5:1f9563ba38fc2b2ee96db9d9d3d78498	GRCh37	paired	new_library_overlap	same_resource_confirmation
1000G_SAME_RESOURCE	HG00189	HG00189	rnaseq	fastq_pair	https://ftp.sra.ebi.ac.uk/vol1/run/ERR188/ERR188361/HG00189.1.M_111124_5_1.fastq.gz;https://ftp.sra.ebi.ac.uk/vol1/run/ERR188/ERR188361/HG00189.1.M_111124_5_2.fastq.gz			md5:4a1a01f9ffaafda00e9b744037ecd892;md5:b2042ff901d9ab597d1e3a4ef2675857	GRCh37	paired	new_library_overlap	same_resource_confirmation
1000G_SAME_RESOURCE	HG00266	HG00266	rnaseq	fastq_pair	https://ftp.sra.ebi.ac.uk/vol1/run/ERR188/ERR188267/HG00266.6.M_120119_3_1.fastq.gz;https://ftp.sra.ebi.ac.uk/vol1/run/ERR188/ERR188267/HG00266.6.M_120119_3_2.fastq.gz			md5:c6eb60051b5f620dc891aa5a3a3e66e7;md5:eaeee89194e46e25c57bef23ba018b92	GRCh37	paired	new_library_overlap	same_resource_confirmation
1000G_SAME_RESOURCE	NA06984	NA06984	rnaseq	fastq_pair	https://ftp.sra.ebi.ac.uk/vol1/run/ERR188/ERR188325/NA06984.1.M_111124_4_1.fastq.gz;https://ftp.sra.ebi.ac.uk/vol1/run/ERR188/ERR188325/NA06984.1.M_111124_4_2.fastq.gz			md5:684486af0594522edca1112a45cc0ca4;md5:d8230133fd54b255198466053beb1d3b	GRCh37	paired	new_library_overlap	same_resource_confirmation
1000G_SAME_RESOURCE	NA06985	NA06985	rnaseq	fastq_pair	https://ftp.sra.ebi.ac.uk/vol1/run/ERR188/ERR188327/NA06985.1.M_111124_7_1.fastq.gz;https://ftp.sra.ebi.ac.uk/vol1/run/ERR188/ERR188327/NA06985.1.M_111124_7_2.fastq.gz			md5:d73dba1f414116000a226c1475af1266;md5:583119ca3697f393b2aecf3cd9584d66	GRCh37	paired	new_library_overlap	same_resource_confirmation
1000G_SAME_RESOURCE	NA06986	NA06986	rnaseq	fastq_pair	https://ftp.sra.ebi.ac.uk/vol1/run/ERR188/ERR188213/NA06986.2.M_111215_4_1.fastq.gz;https://ftp.sra.ebi.ac.uk/vol1/run/ERR188/ERR188213/NA06986.2.M_111215_4_2.fastq.gz			md5:62153f9c313ab6412fc253d5040bc633;md5:a2991c13e913024c68eed357252495fa	GRCh37	paired	new_library_overlap	same_resource_confirmation
1000G_SAME_RESOURCE	NA06989	NA06989	rnaseq	fastq_pair	https://ftp.sra.ebi.ac.uk/vol1/run/ERR188/ERR188202/NA06989.3.M_120202_7_1.fastq.gz;https://ftp.sra.ebi.ac.uk/vol1/run/ERR188/ERR188202/NA06989.3.M_120202_7_2.fastq.gz			md5:f3f6ab65e7a9e0f49fe5e8aea3a9ca4c;md5:fa7ebc6dd6ac85d40c0b82ddef14ebbe	GRCh37	paired	new_library_overlap	same_resource_confirmation
1000G_SAME_RESOURCE	NA06994	NA06994	rnaseq	fastq_pair	https://ftp.sra.ebi.ac.uk/vol1/run/ERR188/ERR188047/NA06994.2.M_111215_7_1.fastq.gz;https://ftp.sra.ebi.ac.uk/vol1/run/ERR188/ERR188047/NA06994.2.M_111215_7_2.fastq.gz			md5:27bb6c4e0d453c457c5e076573cd1b86;md5:010a0f05279eb81bd2eead7bee777f17	GRCh37	paired	new_library_overlap	same_resource_confirmation
1000G_SAME_RESOURCE	NA07000	NA07000	rnaseq	fastq_pair	https://ftp.sra.ebi.ac.uk/vol1/run/ERR204/ERR204881/NA07000.1.M_120209_2_1.fastq.gz;https://ftp.sra.ebi.ac.uk/vol1/run/ERR204/ERR204881/NA07000.1.M_120209_2_2.fastq.gz			md5:16ea0ba1d7687805b47550db47fcdb64;md5:3859be595dc056320fc9c388e875ca60	GRCh37	paired	new_library_overlap	same_resource_confirmation
1000G_SAME_RESOURCE	NA07037	NA07037	rnaseq	fastq_pair	https://ftp.sra.ebi.ac.uk/vol1/run/ERR188/ERR188376/NA07037.6.M_120119_4_1.fastq.gz;https://ftp.sra.ebi.ac.uk/vol1/run/ERR188/ERR188376/NA07037.6.M_120119_4_2.fastq.gz			md5:dfca2ec398d4129241be2c8652f1de64;md5:e0087faa6f37b6466e78c5d7713918f4	GRCh37	paired	new_library_overlap	same_resource_confirmation
1000G_SAME_RESOURCE	NA07048	NA07048	rnaseq	fastq_pair	https://ftp.sra.ebi.ac.uk/vol1/run/ERR188/ERR188481/NA07048.6.M_120119_6_1.fastq.gz;https://ftp.sra.ebi.ac.uk/vol1/run/ERR188/ERR188481/NA07048.6.M_120119_6_2.fastq.gz			md5:e78b301803c4dc6f033c1925921b4598;md5:63609c691d30d27f9e57f0134187aa50	GRCh37	paired	new_library_overlap	same_resource_confirmation
1000G_SAME_RESOURCE	NA07051	NA07051	rnaseq	fastq_pair	https://ftp.sra.ebi.ac.uk/vol1/run/ERR188/ERR188474/NA07051.5.M_120131_1_1.fastq.gz;https://ftp.sra.ebi.ac.uk/vol1/run/ERR188/ERR188474/NA07051.5.M_120131_1_2.fastq.gz			md5:b0359a7080f668f7c3d9c9805e9c1b39;md5:06347df1a85bbcf4bb96986d3cbe4a6f	GRCh37	paired	new_library_overlap	same_resource_confirmation
1000G_SAME_RESOURCE	NA07056	NA07056	rnaseq	fastq_pair	https://ftp.sra.ebi.ac.uk/vol1/run/ERR188/ERR188027/NA07056.1.M_111124_3_1.fastq.gz;https://ftp.sra.ebi.ac.uk/vol1/run/ERR188/ERR188027/NA07056.1.M_111124_3_2.fastq.gz			md5:f04be361516eda680f76a819edfe7272;md5:73bed69a3591e35865eede8a4ee7b214	GRCh37	paired	new_library_overlap	same_resource_confirmation
1000G_SAME_RESOURCE	NA07347	NA07347	rnaseq	fastq_pair	https://ftp.sra.ebi.ac.uk/vol1/run/ERR188/ERR188324/NA07347.7.M_120219_3_1.fastq.gz;https://ftp.sra.ebi.ac.uk/vol1/run/ERR188/ERR188324/NA07347.7.M_120219_3_2.fastq.gz			md5:a0557b38ecabd0382a1ef3a095de0ef8;md5:04077a9718918c8db0ce8564309e8465	GRCh37	paired	new_library_overlap	same_resource_confirmation
1000G_SAME_RESOURCE	NA07357	NA07357	rnaseq	fastq_pair	https://ftp.sra.ebi.ac.uk/vol1/run/ERR188/ERR188176/NA07357.2.M_111216_5_1.fastq.gz;https://ftp.sra.ebi.ac.uk/vol1/run/ERR188/ERR188176/NA07357.2.M_111216_5_2.fastq.gz			md5:ed7a88e6c202a1bad6e3fab84863a85f;md5:8e29ae013122d69be74adfe7e54d4b93	GRCh37	paired	new_library_overlap	same_resource_confirmation
1000G_SAME_RESOURCE	NA10847	NA10847	rnaseq	fastq_pair	https://ftp.sra.ebi.ac.uk/vol1/run/ERR188/ERR188101/NA10847.4.M_120208_4_1.fastq.gz;https://ftp.sra.ebi.ac.uk/vol1/run/ERR188/ERR188101/NA10847.4.M_120208_4_2.fastq.gz			md5:a42ecc1a0fe3937ea13215e67179fd83;md5:b6fdbdbea062dbde7fcaf8697bfdc9d9	GRCh37	paired	new_library_overlap	same_resource_confirmation
1000G_SAME_RESOURCE	NA10851	NA10851	rnaseq	fastq_pair	https://ftp.sra.ebi.ac.uk/vol1/run/ERR188/ERR188389/NA10851.4.M_120208_1_1.fastq.gz;https://ftp.sra.ebi.ac.uk/vol1/run/ERR188/ERR188389/NA10851.4.M_120208_1_2.fastq.gz			md5:f134e1c1620b36c48ea4cfa92498c8f6;md5:63d319879dacce2c21285d77b75dbb06	GRCh37	paired	new_library_overlap	same_resource_confirmation
1000G_SAME_RESOURCE	NA11829	NA11829	rnaseq	fastq_pair	https://ftp.sra.ebi.ac.uk/vol1/run/ERR188/ERR188433/NA11829.6.M_120217_1_1.fastq.gz;https://ftp.sra.ebi.ac.uk/vol1/run/ERR188/ERR188433/NA11829.6.M_120217_1_2.fastq.gz			md5:4578fa256a80c7009db763a554e4bf98;md5:744355ebe553d5fd12575f81741e8f8f	GRCh37	paired	new_library_overlap	same_resource_confirmation
1000G_SAME_RESOURCE	NA11830	NA11830	rnaseq	fastq_pair	https://ftp.sra.ebi.ac.uk/vol1/run/ERR188/ERR188435/NA11830.3.M_120202_4_1.fastq.gz;https://ftp.sra.ebi.ac.uk/vol1/run/ERR188/ERR188435/NA11830.3.M_120202_4_2.fastq.gz			md5:bacffe0c20be821f1b1577ad95fed9c4;md5:107c1ba77e8bc01fe740beb4fc73bfdb	GRCh37	paired	new_library_overlap	same_resource_confirmation
1000G_SAME_RESOURCE	NA11831	NA11831	rnaseq	fastq_pair	https://ftp.sra.ebi.ac.uk/vol1/run/ERR188/ERR188067/NA11831.7.M_120219_2_1.fastq.gz;https://ftp.sra.ebi.ac.uk/vol1/run/ERR188/ERR188067/NA11831.7.M_120219_2_2.fastq.gz			md5:ce7cd02030e65cbfbfe837066a8dc169;md5:be964ef8f06afe77ea1a5ea93bcb0740	GRCh37	paired	new_library_overlap	same_resource_confirmation
1000G_SAME_RESOURCE	NA11832	NA11832	rnaseq	fastq_pair	https://ftp.sra.ebi.ac.uk/vol1/run/ERR188/ERR188217/NA11832.2.M_120131_2_1.fastq.gz;https://ftp.sra.ebi.ac.uk/vol1/run/ERR188/ERR188217/NA11832.2.M_120131_2_2.fastq.gz			md5:9403e6982005cd76fd5307e9faf4dea2;md5:a212738d4e7fc4191257f87c34c434cd	GRCh37	paired	new_library_overlap	same_resource_confirmation
1000G_SAME_RESOURCE	NA11840	NA11840	rnaseq	fastq_pair	https://ftp.sra.ebi.ac.uk/vol1/run/ERR188/ERR188246/NA11840.6.M_120119_5_1.fastq.gz;https://ftp.sra.ebi.ac.uk/vol1/run/ERR188/ERR188246/NA11840.6.M_120119_5_2.fastq.gz			md5:20a4c15342aa8e03ad9c85c607622e08;md5:bbf534b1c778b78d34a93b58b3ae88f7	GRCh37	paired	new_library_overlap	same_resource_confirmation
1000G_SAME_RESOURCE	NA11843	NA11843	rnaseq	fastq_pair	https://ftp.sra.ebi.ac.uk/vol1/run/ERR188/ERR188426/NA11843.4.M_120208_6_1.fastq.gz;https://ftp.sra.ebi.ac.uk/vol1/run/ERR188/ERR188426/NA11843.4.M_120208_6_2.fastq.gz			md5:9b7c56cedf4d82131462908d7ed818f5;md5:28b4ee53e321eb1d785e0206c1b00457	GRCh37	paired	new_library_overlap	same_resource_confirmation
1000G_SAME_RESOURCE	NA11894	NA11894	rnaseq	fastq_pair	https://ftp.sra.ebi.ac.uk/vol1/run/ERR188/ERR188122/NA11894.2.M_111215_4_1.fastq.gz;https://ftp.sra.ebi.ac.uk/vol1/run/ERR188/ERR188122/NA11894.2.M_111215_4_2.fastq.gz			md5:cc754bf1a0bdb7e1e5c997a62cb38dcd;md5:50a9de83ba50dd7dcaa5cce7aaf22e38	GRCh37	paired	new_library_overlap	same_resource_confirmation
1000G_SAME_RESOURCE	NA11920	NA11920	rnaseq	fastq_pair	https://ftp.sra.ebi.ac.uk/vol1/run/ERR188/ERR188371/NA11920.2.M_120131_1_1.fastq.gz;https://ftp.sra.ebi.ac.uk/vol1/run/ERR188/ERR188371/NA11920.2.M_120131_1_2.fastq.gz			md5:7feb66654a67b027caede872b2b79d83;md5:1b5543d7988b6d63c28c0e2e7013135d	GRCh37	paired	new_library_overlap	same_resource_confirmation
1000G_SAME_RESOURCE	NA12004	NA12004	rnaseq	fastq_pair	https://ftp.sra.ebi.ac.uk/vol1/run/ERR188/ERR188336/NA12004.4.M_120208_5_1.fastq.gz;https://ftp.sra.ebi.ac.uk/vol1/run/ERR188/ERR188336/NA12004.4.M_120208_5_2.fastq.gz			md5:66aaab87d6998fc338db7495f9b777a2;md5:dca8cde49d4976f05f5db491ba9f32eb	GRCh37	paired	new_library_overlap	same_resource_confirmation
1000G_SAME_RESOURCE	NA12044	NA12044	rnaseq	fastq_pair	https://ftp.sra.ebi.ac.uk/vol1/run/ERR188/ERR188229/NA12044.4.M_120208_8_1.fastq.gz;https://ftp.sra.ebi.ac.uk/vol1/run/ERR188/ERR188229/NA12044.4.M_120208_8_2.fastq.gz			md5:7ec66afecee329295ac43c1d3b8a4855;md5:9cf3b4452e83c52a924bf909118492e3	GRCh37	paired	new_library_overlap	same_resource_confirmation
1000G_SAME_RESOURCE	NA12154	NA12154	rnaseq	fastq_pair	https://ftp.sra.ebi.ac.uk/vol1/run/ERR188/ERR188172/NA12154.5.M_120131_3_1.fastq.gz;https://ftp.sra.ebi.ac.uk/vol1/run/ERR188/ERR188172/NA12154.5.M_120131_3_2.fastq.gz			md5:9849376a405b8e363f530d5830fc0834;md5:92f9378f1614ad9fad8f17160d1b21a5	GRCh37	paired	new_library_overlap	same_resource_confirmation
1000G_SAME_RESOURCE	NA12234	NA12234	rnaseq	fastq_pair	https://ftp.sra.ebi.ac.uk/vol1/run/ERR188/ERR188177/NA12234.7.M_120219_6_1.fastq.gz;https://ftp.sra.ebi.ac.uk/vol1/run/ERR188/ERR188177/NA12234.7.M_120219_6_2.fastq.gz			md5:29a789a29b66eb39f2b1b4e55c8b8b45;md5:b92eb487daa19c33ae4a69611756f782	GRCh37	paired	new_library_overlap	same_resource_confirmation
1000G_SAME_RESOURCE	NA12489	NA12489	rnaseq	fastq_pair	https://ftp.sra.ebi.ac.uk/vol1/run/ERR188/ERR188048/NA12489.1.M_111124_2_1.fastq.gz;https://ftp.sra.ebi.ac.uk/vol1/run/ERR188/ERR188048/NA12489.1.M_111124_2_2.fastq.gz			md5:0f92f024220f96af777e8283bcead238;md5:ff5508db6f4ae09b7ac8c1fd603d907b	GRCh37	paired	new_library_overlap	same_resource_confirmation
1000G_SAME_RESOURCE	NA12751	NA12751	rnaseq	fastq_pair	https://ftp.sra.ebi.ac.uk/vol1/run/ERR188/ERR188152/NA12751.2.M_111215_8_1.fastq.gz;https://ftp.sra.ebi.ac.uk/vol1/run/ERR188/ERR188152/NA12751.2.M_111215_8_2.fastq.gz			md5:372f398ff5fe44397e4ad2fe53545a8a;md5:3a2288ca09bba572108565c95e40d948	GRCh37	paired	new_library_overlap	same_resource_confirmation
1000G_SAME_RESOURCE	NA12763	NA12763	rnaseq	fastq_pair	https://ftp.sra.ebi.ac.uk/vol1/run/ERR188/ERR188420/NA12763.2.M_111216_8_1.fastq.gz;https://ftp.sra.ebi.ac.uk/vol1/run/ERR188/ERR188420/NA12763.2.M_111216_8_2.fastq.gz			md5:3d27999d530af4c16cdf2ec8593177bb;md5:d964ef39cd58a37726733e3d40f6846d	GRCh37	paired	new_library_overlap	same_resource_confirmation
1000G_SAME_RESOURCE	NA12775	NA12775	rnaseq	fastq_pair	https://ftp.sra.ebi.ac.uk/vol1/run/ERR188/ERR188354/NA12775.7.M_120219_5_1.fastq.gz;https://ftp.sra.ebi.ac.uk/vol1/run/ERR188/ERR188354/NA12775.7.M_120219_5_2.fastq.gz			md5:9e475353cce2dac34c27d6cf654f8795;md5:495a476b179230e1ad8457b3cbac4b97	GRCh37	paired	new_library_overlap	same_resource_confirmation
1000G_SAME_RESOURCE	NA12812	NA12812	rnaseq	fastq_pair	https://ftp.sra.ebi.ac.uk/vol1/run/ERR188/ERR188022/NA12812.1.M_111124_4_1.fastq.gz;https://ftp.sra.ebi.ac.uk/vol1/run/ERR188/ERR188022/NA12812.1.M_111124_4_2.fastq.gz			md5:4caaf5cd1ce630ffe3ee16a6339bad6c;md5:91c52d61126bf70c809f09cab608627c	GRCh37	paired	new_library_overlap	same_resource_confirmation
1000G_SAME_RESOURCE	NA18486	NA18486	rnaseq	fastq_pair	https://ftp.sra.ebi.ac.uk/vol1/run/ERR188/ERR188214/NA18486.7.M_120219_4_1.fastq.gz;https://ftp.sra.ebi.ac.uk/vol1/run/ERR188/ERR188214/NA18486.7.M_120219_4_2.fastq.gz			md5:b5a38eefdf06bd5706a73497e339f0bc;md5:5924f503602188f0010f0b7635f91828	GRCh37	paired	new_library_overlap	same_resource_confirmation
1000G_SAME_RESOURCE	NA18488	NA18488	rnaseq	fastq_pair	https://ftp.sra.ebi.ac.uk/vol1/run/ERR188/ERR188311/NA18488.4.M_120208_7_1.fastq.gz;https://ftp.sra.ebi.ac.uk/vol1/run/ERR188/ERR188311/NA18488.4.M_120208_7_2.fastq.gz			md5:3ec1cd9c35a012b37e13b767b536efb0;md5:186279a40b792608d03a5730c3b9fd9e	GRCh37	paired	new_library_overlap	same_resource_confirmation
1000G_SAME_RESOURCE	NA18489	NA18489	rnaseq	fastq_pair	https://ftp.sra.ebi.ac.uk/vol1/run/ERR188/ERR188151/NA18489.2.M_111216_1_1.fastq.gz;https://ftp.sra.ebi.ac.uk/vol1/run/ERR188/ERR188151/NA18489.2.M_111216_1_2.fastq.gz			md5:de72e99a877f022366313acaeee95d9a;md5:3707ea7d1ef0d8204e8d3ca8d0aac003	GRCh37	paired	new_library_overlap	same_resource_confirmation
1000G_SAME_RESOURCE	NA18498	NA18498	rnaseq	fastq_pair	https://ftp.sra.ebi.ac.uk/vol1/run/ERR188/ERR188044/NA18498.2.M_120131_1_1.fastq.gz;https://ftp.sra.ebi.ac.uk/vol1/run/ERR188/ERR188044/NA18498.2.M_120131_1_2.fastq.gz			md5:bf6e845322fa0b404ee373b3dde5bae3;md5:93d39bca9e47ec3d4ab6d6d77d723add	GRCh37	paired	new_library_overlap	same_resource_confirmation
1000G_SAME_RESOURCE	NA18499	NA18499	rnaseq	fastq_pair	https://ftp.sra.ebi.ac.uk/vol1/run/ERR188/ERR188449/NA18499.1.M_111124_2_1.fastq.gz;https://ftp.sra.ebi.ac.uk/vol1/run/ERR188/ERR188449/NA18499.1.M_111124_2_2.fastq.gz			md5:00cff8a47646406d67bdcdb8c0fc689b;md5:9e33c8ccb17be696670eab2de800b4d1	GRCh37	paired	new_library_overlap	same_resource_confirmation
1000G_SAME_RESOURCE	NA18502	NA18502	rnaseq	fastq_pair	https://ftp.sra.ebi.ac.uk/vol1/run/ERR188/ERR188158/NA18502.7.M_120219_8_1.fastq.gz;https://ftp.sra.ebi.ac.uk/vol1/run/ERR188/ERR188158/NA18502.7.M_120219_8_2.fastq.gz			md5:4451826a6d69ac622a2364876c5f1f1c;md5:fc61810b1b255b1d1144205dfb91b4ff	GRCh37	paired	new_library_overlap	same_resource_confirmation
1000G_SAME_RESOURCE	NA18505	NA18505	rnaseq	fastq_pair	https://ftp.sra.ebi.ac.uk/vol1/run/ERR188/ERR188273/NA18505.3.M_120202_1_1.fastq.gz;https://ftp.sra.ebi.ac.uk/vol1/run/ERR188/ERR188273/NA18505.3.M_120202_1_2.fastq.gz			md5:abdf74e13b8f3bafa99cd831356779cf;md5:615d22b11a98d47be2bf9d3694619f16	GRCh37	paired	new_library_overlap	same_resource_confirmation
1000G_SAME_RESOURCE	NA18508	NA18508	rnaseq	fastq_pair	https://ftp.sra.ebi.ac.uk/vol1/run/ERR188/ERR188162/NA18508.1.M_111124_1_1.fastq.gz;https://ftp.sra.ebi.ac.uk/vol1/run/ERR188/ERR188162/NA18508.1.M_111124_1_2.fastq.gz			md5:7ad05a7c9f09891de148fa06936aa092;md5:de751ff755e56216e2ec52f0f691a0a4	GRCh37	paired	new_library_overlap	same_resource_confirmation
1000G_SAME_RESOURCE	NA18510	NA18510	rnaseq	fastq_pair	https://ftp.sra.ebi.ac.uk/vol1/run/ERR188/ERR188165/NA18510.3.M_120202_7_1.fastq.gz;https://ftp.sra.ebi.ac.uk/vol1/run/ERR188/ERR188165/NA18510.3.M_120202_7_2.fastq.gz			md5:7d51f1398489e93082ad982ab8cecf94;md5:dad6366cbb07188acd6a879e3d0a0e23	GRCh37	paired	new_library_overlap	same_resource_confirmation
1000G_SAME_RESOURCE	NA18511	NA18511	rnaseq	fastq_pair	https://ftp.sra.ebi.ac.uk/vol1/run/ERR188/ERR188097/NA18511.7.M_120219_2_1.fastq.gz;https://ftp.sra.ebi.ac.uk/vol1/run/ERR188/ERR188097/NA18511.7.M_120219_2_2.fastq.gz			md5:c28d4c85e0e42a4929905b9871b957b1;md5:b4c00858e9fa14dec7ce9860cff84766	GRCh37	paired	new_library_overlap	same_resource_confirmation
1000G_SAME_RESOURCE	NA18517	NA18517	rnaseq	fastq_pair	https://ftp.sra.ebi.ac.uk/vol1/run/ERR188/ERR188060/NA18517.3.M_120202_1_1.fastq.gz;https://ftp.sra.ebi.ac.uk/vol1/run/ERR188/ERR188060/NA18517.3.M_120202_1_2.fastq.gz			md5:4be648bc464f134a4a60c09570b30080;md5:ebb86b4a1c6cfe7b10c86b54f1fbbaa8	GRCh37	paired	new_library_overlap	same_resource_confirmation
1000G_SAME_RESOURCE	NA18858	NA18858	rnaseq	fastq_pair	https://ftp.sra.ebi.ac.uk/vol1/run/ERR188/ERR188375/NA18858.2.M_111216_8_1.fastq.gz;https://ftp.sra.ebi.ac.uk/vol1/run/ERR188/ERR188375/NA18858.2.M_111216_8_2.fastq.gz			md5:4e33b6f8434eb6e8b2906a6d9d35dd8a;md5:337bacf5395e09a934b5729f42a7516a	GRCh37	paired	new_library_overlap	same_resource_confirmation
1000G_SAME_RESOURCE	NA18861	NA18861	rnaseq	fastq_pair	https://ftp.sra.ebi.ac.uk/vol1/run/ERR188/ERR188278/NA18861.1.M_120209_2_1.fastq.gz;https://ftp.sra.ebi.ac.uk/vol1/run/ERR188/ERR188278/NA18861.1.M_120209_2_2.fastq.gz			md5:eda724fd80e6f3e47d3fb901cc8a2eb9;md5:abf54ecf026c1d508d95a22c9964ef8f	GRCh37	paired	new_library_overlap	same_resource_confirmation
1000G_SAME_RESOURCE	NA19093	NA19093	rnaseq	fastq_pair	https://ftp.sra.ebi.ac.uk/vol1/run/ERR188/ERR188476/NA19093.7.M_120219_7_1.fastq.gz;https://ftp.sra.ebi.ac.uk/vol1/run/ERR188/ERR188476/NA19093.7.M_120219_7_2.fastq.gz			md5:261137967b32d36ba337931e9db24531;md5:be699c5dae441e4398f7c83392843ded	GRCh37	paired	new_library_overlap	same_resource_confirmation
1000G_SAME_RESOURCE	NA19099	NA19099	rnaseq	fastq_pair	https://ftp.sra.ebi.ac.uk/vol1/run/ERR188/ERR188188/NA19099.2.M_111215_7_1.fastq.gz;https://ftp.sra.ebi.ac.uk/vol1/run/ERR188/ERR188188/NA19099.2.M_111215_7_2.fastq.gz			md5:60d27ab6f8e16c4d0afb0f5b58dae60b;md5:8935f9cc0ddd85b7e9ea3cfcdb0c9a8a	GRCh37	paired	new_library_overlap	same_resource_confirmation
1000G_SAME_RESOURCE	NA19116	NA19116	rnaseq	fastq_pair	https://ftp.sra.ebi.ac.uk/vol1/run/ERR188/ERR188234/NA19116.2.M_111215_7_1.fastq.gz;https://ftp.sra.ebi.ac.uk/vol1/run/ERR188/ERR188234/NA19116.2.M_111215_7_2.fastq.gz			md5:fcfd58663574f7623f26457f755aed90;md5:038c9e2eab107cf431388b3c7029b502	GRCh37	paired	new_library_overlap	same_resource_confirmation
1000G_SAME_RESOURCE	NA19119	NA19119	rnaseq	fastq_pair	https://ftp.sra.ebi.ac.uk/vol1/run/ERR188/ERR188030/NA19119.3.M_120202_4_1.fastq.gz;https://ftp.sra.ebi.ac.uk/vol1/run/ERR188/ERR188030/NA19119.3.M_120202_4_2.fastq.gz			md5:375259cc482f3b08facdfa0cdbb18577;md5:885be51c5fccd136ad6da969d52eb0be	GRCh37	paired	new_library_overlap	same_resource_confirmation
1000G_SAME_RESOURCE	NA19129	NA19129	rnaseq	fastq_pair	https://ftp.sra.ebi.ac.uk/vol1/run/ERR188/ERR188444/NA19129.6.M_120217_1_1.fastq.gz;https://ftp.sra.ebi.ac.uk/vol1/run/ERR188/ERR188444/NA19129.6.M_120217_1_2.fastq.gz			md5:bceab4ae95021e3b9d521fda2c4e9ecd;md5:0fc519906c29940b3dbfcc8354871484	GRCh37	paired	new_library_overlap	same_resource_confirmation
1000G_SAME_RESOURCE	NA19130	NA19130	rnaseq	fastq_pair	https://ftp.sra.ebi.ac.uk/vol1/run/ERR188/ERR188471/NA19130.5.M_120131_7_1.fastq.gz;https://ftp.sra.ebi.ac.uk/vol1/run/ERR188/ERR188471/NA19130.5.M_120131_7_2.fastq.gz			md5:a2de0d6df86480a85bfad020f55c15b5;md5:7474897888fe2a7253f9843602068ed9	GRCh37	paired	new_library_overlap	same_resource_confirmation
1000G_SAME_RESOURCE	NA19131	NA19131	rnaseq	fastq_pair	https://ftp.sra.ebi.ac.uk/vol1/run/ERR188/ERR188170/NA19131.2.M_111215_8_1.fastq.gz;https://ftp.sra.ebi.ac.uk/vol1/run/ERR188/ERR188170/NA19131.2.M_111215_8_2.fastq.gz			md5:50fa8d24fa3dc8da8346021b22543d31;md5:314040de07ac6ad7cd42d7abeb6a1598	GRCh37	paired	new_library_overlap	same_resource_confirmation
1000G_SAME_RESOURCE	NA19152	NA19152	rnaseq	fastq_pair	https://ftp.sra.ebi.ac.uk/vol1/run/ERR188/ERR188225/NA19152.4.M_120208_4_1.fastq.gz;https://ftp.sra.ebi.ac.uk/vol1/run/ERR188/ERR188225/NA19152.4.M_120208_4_2.fastq.gz			md5:8ed6657fa0ea94a748eeec0fb0a7b48b;md5:93fa85eac091f7bec836d6b3484de2fd	GRCh37	paired	new_library_overlap	same_resource_confirmation
1000G_SAME_RESOURCE	NA19153	NA19153	rnaseq	fastq_pair	https://ftp.sra.ebi.ac.uk/vol1/run/ERR188/ERR188460/NA19153.1.M_111124_7_1.fastq.gz;https://ftp.sra.ebi.ac.uk/vol1/run/ERR188/ERR188460/NA19153.1.M_111124_7_2.fastq.gz			md5:daa53e8f37e9f145bb73d0ee6f0dbd05;md5:2e7682071c522a8ed8f6645355593355	GRCh37	paired	new_library_overlap	same_resource_confirmation
1000G_SAME_RESOURCE	NA19209	NA19209	rnaseq	fastq_pair	https://ftp.sra.ebi.ac.uk/vol1/run/ERR188/ERR188434/NA19209.6.M_120217_1_1.fastq.gz;https://ftp.sra.ebi.ac.uk/vol1/run/ERR188/ERR188434/NA19209.6.M_120217_1_2.fastq.gz			md5:f166ebbe141b097bdcac7851b6c4cb40;md5:e5e3cefb82cfeb453cd51a8988ec0389	GRCh37	paired	new_library_overlap	same_resource_confirmation
1000G_SAME_RESOURCE	NA19210	NA19210	rnaseq	fastq_pair	https://ftp.sra.ebi.ac.uk/vol1/run/ERR188/ERR188392/NA19210.4.M_120208_1_1.fastq.gz;https://ftp.sra.ebi.ac.uk/vol1/run/ERR188/ERR188392/NA19210.4.M_120208_1_2.fastq.gz			md5:c694f5c92849cf6e8cd25e3c44bba033;md5:0eff239e75fc76c347efff14addf2889	GRCh37	paired	new_library_overlap	same_resource_confirmation
1000G_SAME_RESOURCE	NA20502	NA20502	rnaseq	fastq_pair	https://ftp.sra.ebi.ac.uk/vol1/run/ERR188/ERR188380/NA20502.3.M_120202_4_1.fastq.gz;https://ftp.sra.ebi.ac.uk/vol1/run/ERR188/ERR188380/NA20502.3.M_120202_4_2.fastq.gz			md5:f321432d67c1430baffef2313306b332;md5:c0318166c9df6e70c4e55ad054f92a30	GRCh37	paired	new_library_overlap	same_resource_confirmation
1000G_SAME_RESOURCE	NA20503	NA20503	rnaseq	fastq_pair	https://ftp.sra.ebi.ac.uk/vol1/run/ERR188/ERR188297/NA20503.1.M_111124_5_1.fastq.gz;https://ftp.sra.ebi.ac.uk/vol1/run/ERR188/ERR188297/NA20503.1.M_111124_5_2.fastq.gz			md5:967b113aa915f2c262375bc07dbb5cb0;md5:ea93b78b211bef0b7eaac5586175d609	GRCh37	paired	new_library_overlap	same_resource_confirmation
1000G_SAME_RESOURCE	NA20504	NA20504	rnaseq	fastq_pair	https://ftp.sra.ebi.ac.uk/vol1/run/ERR188/ERR188088/NA20504.1.M_111124_7_1.fastq.gz;https://ftp.sra.ebi.ac.uk/vol1/run/ERR188/ERR188088/NA20504.1.M_111124_7_2.fastq.gz			md5:d02267099d5c9039b0a345838373b1e3;md5:ebbdac918e9dedeaa4cbc5628da6dbcb	GRCh37	paired	new_library_overlap	same_resource_confirmation
1000G_SAME_RESOURCE	NA20505	NA20505	rnaseq	fastq_pair	https://ftp.sra.ebi.ac.uk/vol1/run/ERR188/ERR188329/NA20505.1.M_111124_6_1.fastq.gz;https://ftp.sra.ebi.ac.uk/vol1/run/ERR188/ERR188329/NA20505.1.M_111124_6_2.fastq.gz			md5:c0bd36e565f6bad17c81c81dc8c9562e;md5:169e0075b79ba5bb1033dec1613c60db	GRCh37	paired	new_library_overlap	same_resource_confirmation
1000G_SAME_RESOURCE	NA20506	NA20506	rnaseq	fastq_pair	https://ftp.sra.ebi.ac.uk/vol1/run/ERR188/ERR188254/NA20506.1.M_120209_2_1.fastq.gz;https://ftp.sra.ebi.ac.uk/vol1/run/ERR188/ERR188254/NA20506.1.M_120209_2_2.fastq.gz			md5:88fe6685b2f827edd5900a049a3d0f4e;md5:a2be0635febd9d3b194dab56bcce25b8	GRCh37	paired	new_library_overlap	same_resource_confirmation
1000G_SAME_RESOURCE	NA20507	NA20507	rnaseq	fastq_pair	https://ftp.sra.ebi.ac.uk/vol1/run/ERR188/ERR188288/NA20507.1.M_111124_7_1.fastq.gz;https://ftp.sra.ebi.ac.uk/vol1/run/ERR188/ERR188288/NA20507.1.M_111124_7_2.fastq.gz			md5:e192b61b2f6db0b5f915cbadad93d965;md5:75d0725b7ec6932136b883888bf40624	GRCh37	paired	new_library_overlap	same_resource_confirmation
1000G_SAME_RESOURCE	NA20508	NA20508	rnaseq	fastq_pair	https://ftp.sra.ebi.ac.uk/vol1/run/ERR188/ERR188021/NA20508.1.M_111124_2_1.fastq.gz;https://ftp.sra.ebi.ac.uk/vol1/run/ERR188/ERR188021/NA20508.1.M_111124_2_2.fastq.gz			md5:8eddf3b00c3b1fbcc34d6eb98a83e53b;md5:99e517e8687c3f3f884ec254d6fccfe2	GRCh37	paired	new_library_overlap	same_resource_confirmation
1000G_SAME_RESOURCE	NA20509	NA20509	rnaseq	fastq_pair	https://ftp.sra.ebi.ac.uk/vol1/run/ERR188/ERR188063/NA20509.7.M_120219_7_1.fastq.gz;https://ftp.sra.ebi.ac.uk/vol1/run/ERR188/ERR188063/NA20509.7.M_120219_7_2.fastq.gz			md5:daf62eb7bfc8353a0c62a62e036de439;md5:a16e85f8cfdbfe2d2b3883b5c8494492	GRCh37	paired	new_library_overlap	same_resource_confirmation
1000G_SAME_RESOURCE	NA20510	NA20510	rnaseq	fastq_pair	https://ftp.sra.ebi.ac.uk/vol1/run/ERR188/ERR188026/NA20510.3.M_120202_3_1.fastq.gz;https://ftp.sra.ebi.ac.uk/vol1/run/ERR188/ERR188026/NA20510.3.M_120202_3_2.fastq.gz			md5:ee45472f860f107746c9dd566701f3a6;md5:24ebb595905009d3c0dfe69275f05603	GRCh37	paired	new_library_overlap	same_resource_confirmation
1000G_SAME_RESOURCE	NA20512	NA20512	rnaseq	fastq_pair	https://ftp.sra.ebi.ac.uk/vol1/run/ERR188/ERR188369/NA20512.6.M_120119_6_1.fastq.gz;https://ftp.sra.ebi.ac.uk/vol1/run/ERR188/ERR188369/NA20512.6.M_120119_6_2.fastq.gz			md5:0575dcf827186d21560d6d77c0fca00a;md5:98b199b10c3ca7581587b9c0c3a66f21	GRCh37	paired	new_library_overlap	same_resource_confirmation
1000G_SAME_RESOURCE	NA20513	NA20513	rnaseq	fastq_pair	https://ftp.sra.ebi.ac.uk/vol1/run/ERR188/ERR188160/NA20513.4.M_120208_1_1.fastq.gz;https://ftp.sra.ebi.ac.uk/vol1/run/ERR188/ERR188160/NA20513.4.M_120208_1_2.fastq.gz			md5:e9df442dfbb59c717182b4064fbdf656;md5:539f8e447503fc13a7bc4833bc72a668	GRCh37	paired	new_library_overlap	same_resource_confirmation
1000G_SAME_RESOURCE	NA20514	NA20514	rnaseq	fastq_pair	https://ftp.sra.ebi.ac.uk/vol1/run/ERR188/ERR188356/NA20514.1.M_111124_4_1.fastq.gz;https://ftp.sra.ebi.ac.uk/vol1/run/ERR188/ERR188356/NA20514.1.M_111124_4_2.fastq.gz			md5:5054ecf745a2477c5c154336985e39da;md5:ae3e691947d4591f347258cfd5ca42f9	GRCh37	paired	new_library_overlap	same_resource_confirmation
1000G_SAME_RESOURCE	NA20515	NA20515	rnaseq	fastq_pair	https://ftp.sra.ebi.ac.uk/vol1/run/ERR188/ERR188452/NA20515.5.M_120131_1_1.fastq.gz;https://ftp.sra.ebi.ac.uk/vol1/run/ERR188/ERR188452/NA20515.5.M_120131_1_2.fastq.gz			md5:48947618bb14568b87397ed9edb21075;md5:09e05f9f1dca20301df63caeaecbc5bb	GRCh37	paired	new_library_overlap	same_resource_confirmation
1000G_SAME_RESOURCE	NA20516	NA20516	rnaseq	fastq_pair	https://ftp.sra.ebi.ac.uk/vol1/run/ERR188/ERR188458/NA20516.5.M_120131_3_1.fastq.gz;https://ftp.sra.ebi.ac.uk/vol1/run/ERR188/ERR188458/NA20516.5.M_120131_3_2.fastq.gz			md5:3ea3e05e676d20e8a7bc74df40e9d441;md5:e8d8b144845b34e500bb75c11e5e8ba2	GRCh37	paired	new_library_overlap	same_resource_confirmation
1000G_SAME_RESOURCE	NA20519	NA20519	rnaseq	fastq_pair	https://ftp.sra.ebi.ac.uk/vol1/run/ERR188/ERR188145/NA20519.1.M_111124_5_1.fastq.gz;https://ftp.sra.ebi.ac.uk/vol1/run/ERR188/ERR188145/NA20519.1.M_111124_5_2.fastq.gz			md5:6b2cade76dbfaf385dde6e5c3d8f1317;md5:e8702120536afcb94da2675f06956053	GRCh37	paired	new_library_overlap	same_resource_confirmation
1000G_SAME_RESOURCE	NA20521	NA20521	rnaseq	fastq_pair	https://ftp.sra.ebi.ac.uk/vol1/run/ERR188/ERR188386/NA20521.7.M_120219_7_1.fastq.gz;https://ftp.sra.ebi.ac.uk/vol1/run/ERR188/ERR188386/NA20521.7.M_120219_7_2.fastq.gz			md5:f5ceb7de3be0fda6048900ec49ec210d;md5:f1c89afbea5d2da892abd34de4954326	GRCh37	paired	new_library_overlap	same_resource_confirmation
1000G_SAME_RESOURCE	NA20528	NA20528	rnaseq	fastq_pair	https://ftp.sra.ebi.ac.uk/vol1/run/ERR188/ERR188224/NA20528.2.M_120131_1_1.fastq.gz;https://ftp.sra.ebi.ac.uk/vol1/run/ERR188/ERR188224/NA20528.2.M_120131_1_2.fastq.gz			md5:647e41bed94d3bab1b0daf2a441a4eba;md5:afdd15546c6b55fefe12cf153899838f	GRCh37	paired	new_library_overlap	same_resource_confirmation
1000G_SAME_RESOURCE	HG00096	HG00096	wes	cram	https://ftp.1000genomes.ebi.ac.uk/vol1/ftp/data_collections/1000_genomes_project/data/GBR/HG00096/exome_alignment/HG00096.alt_bwamem_GRCh38DH.20150826.GBR.exome.cram	https://ftp.1000genomes.ebi.ac.uk/vol1/ftp/data_collections/1000_genomes_project/data/GBR/HG00096/exome_alignment/HG00096.alt_bwamem_GRCh38DH.20150826.GBR.exome.cram.crai	md5:5e9f6ec611e3e2f0bd8286377edfc513	md5:5f2adb4635fb23a5ea2763cd58eee4dd	GRCh38DH	paired	new_library_overlap	same_resource_confirmation
1000G_SAME_RESOURCE	HG00097	HG00097	wes	cram	https://ftp.1000genomes.ebi.ac.uk/vol1/ftp/data_collections/1000_genomes_project/data/GBR/HG00097/exome_alignment/HG00097.alt_bwamem_GRCh38DH.20150826.GBR.exome.cram	https://ftp.1000genomes.ebi.ac.uk/vol1/ftp/data_collections/1000_genomes_project/data/GBR/HG00097/exome_alignment/HG00097.alt_bwamem_GRCh38DH.20150826.GBR.exome.cram.crai	md5:63047ce09084b992c02d97109d51d4e7	md5:1c92c1caafa5686a8eb01b68e2706610	GRCh38DH	paired	new_library_overlap	same_resource_confirmation
1000G_SAME_RESOURCE	HG00099	HG00099	wes	cram	https://ftp.1000genomes.ebi.ac.uk/vol1/ftp/data_collections/1000_genomes_project/data/GBR/HG00099/exome_alignment/HG00099.alt_bwamem_GRCh38DH.20150826.GBR.exome.cram	https://ftp.1000genomes.ebi.ac.uk/vol1/ftp/data_collections/1000_genomes_project/data/GBR/HG00099/exome_alignment/HG00099.alt_bwamem_GRCh38DH.20150826.GBR.exome.cram.crai	md5:cc4e15d4c91ccfaa3a52aabc270f3b53	md5:26b1ddea30e56a6241fe4f8209deb0dd	GRCh38DH	paired	new_library_overlap	same_resource_confirmation
1000G_SAME_RESOURCE	HG00100	HG00100	wes	cram	https://ftp.1000genomes.ebi.ac.uk/vol1/ftp/data_collections/1000_genomes_project/data/GBR/HG00100/exome_alignment/HG00100.alt_bwamem_GRCh38DH.20150826.GBR.exome.cram	https://ftp.1000genomes.ebi.ac.uk/vol1/ftp/data_collections/1000_genomes_project/data/GBR/HG00100/exome_alignment/HG00100.alt_bwamem_GRCh38DH.20150826.GBR.exome.cram.crai	md5:2fc98455adeaaa89eb357bdb08e01407	md5:aa8303f4635973ec4e432612cecbc44b	GRCh38DH	paired	new_library_overlap	same_resource_confirmation
1000G_SAME_RESOURCE	HG00101	HG00101	wes	cram	https://ftp.1000genomes.ebi.ac.uk/vol1/ftp/data_collections/1000_genomes_project/data/GBR/HG00101/exome_alignment/HG00101.alt_bwamem_GRCh38DH.20150826.GBR.exome.cram	https://ftp.1000genomes.ebi.ac.uk/vol1/ftp/data_collections/1000_genomes_project/data/GBR/HG00101/exome_alignment/HG00101.alt_bwamem_GRCh38DH.20150826.GBR.exome.cram.crai	md5:3c8c5cca052fac1e47eed51fbb41e0d4	md5:5d9587ba6fe2b124ff4127649ff8e794	GRCh38DH	paired	new_library_overlap	same_resource_confirmation
1000G_SAME_RESOURCE	HG00102	HG00102	wes	cram	https://ftp.1000genomes.ebi.ac.uk/vol1/ftp/data_collections/1000_genomes_project/data/GBR/HG00102/exome_alignment/HG00102.alt_bwamem_GRCh38DH.20150826.GBR.exome.cram	https://ftp.1000genomes.ebi.ac.uk/vol1/ftp/data_collections/1000_genomes_project/data/GBR/HG00102/exome_alignment/HG00102.alt_bwamem_GRCh38DH.20150826.GBR.exome.cram.crai	md5:53f57dfc000f10e930b204b363db8f15	md5:f79fc459a9a2a46e33dd3e1a2594260e	GRCh38DH	paired	new_library_overlap	same_resource_confirmation
1000G_SAME_RESOURCE	HG00103	HG00103	wes	cram	https://ftp.1000genomes.ebi.ac.uk/vol1/ftp/data_collections/1000_genomes_project/data/GBR/HG00103/exome_alignment/HG00103.alt_bwamem_GRCh38DH.20150826.GBR.exome.cram	https://ftp.1000genomes.ebi.ac.uk/vol1/ftp/data_collections/1000_genomes_project/data/GBR/HG00103/exome_alignment/HG00103.alt_bwamem_GRCh38DH.20150826.GBR.exome.cram.crai	md5:a983b9dc745085df7c9fa1ebec752434	md5:8924711b174974f19f6aa47f7e726717	GRCh38DH	paired	new_library_overlap	same_resource_confirmation
1000G_SAME_RESOURCE	HG00105	HG00105	wes	cram	https://ftp.1000genomes.ebi.ac.uk/vol1/ftp/data_collections/1000_genomes_project/data/GBR/HG00105/exome_alignment/HG00105.alt_bwamem_GRCh38DH.20150826.GBR.exome.cram	https://ftp.1000genomes.ebi.ac.uk/vol1/ftp/data_collections/1000_genomes_project/data/GBR/HG00105/exome_alignment/HG00105.alt_bwamem_GRCh38DH.20150826.GBR.exome.cram.crai	md5:fe0fb381386bffa1bae83147f1748d37	md5:5c150c66028295bacf6c34b13b43b954	GRCh38DH	paired	new_library_overlap	same_resource_confirmation
1000G_SAME_RESOURCE	HG00106	HG00106	wes	cram	https://ftp.1000genomes.ebi.ac.uk/vol1/ftp/data_collections/1000_genomes_project/data/GBR/HG00106/exome_alignment/HG00106.alt_bwamem_GRCh38DH.20150826.GBR.exome.cram	https://ftp.1000genomes.ebi.ac.uk/vol1/ftp/data_collections/1000_genomes_project/data/GBR/HG00106/exome_alignment/HG00106.alt_bwamem_GRCh38DH.20150826.GBR.exome.cram.crai	md5:5dccea0c136606fbdcacce1ca913e86b	md5:78bfa76b7df6604d7ead3fa3cbd389db	GRCh38DH	paired	new_library_overlap	same_resource_confirmation
1000G_SAME_RESOURCE	HG00108	HG00108	wes	cram	https://ftp.1000genomes.ebi.ac.uk/vol1/ftp/data_collections/1000_genomes_project/data/GBR/HG00108/exome_alignment/HG00108.alt_bwamem_GRCh38DH.20150826.GBR.exome.cram	https://ftp.1000genomes.ebi.ac.uk/vol1/ftp/data_collections/1000_genomes_project/data/GBR/HG00108/exome_alignment/HG00108.alt_bwamem_GRCh38DH.20150826.GBR.exome.cram.crai	md5:9ce82fa97938f5bce9da40fe39b69570	md5:de183919497ab44a6dc9ba92e71426f2	GRCh38DH	paired	new_library_overlap	same_resource_confirmation
1000G_SAME_RESOURCE	HG00109	HG00109	wes	cram	https://ftp.1000genomes.ebi.ac.uk/vol1/ftp/data_collections/1000_genomes_project/data/GBR/HG00109/exome_alignment/HG00109.alt_bwamem_GRCh38DH.20150826.GBR.exome.cram	https://ftp.1000genomes.ebi.ac.uk/vol1/ftp/data_collections/1000_genomes_project/data/GBR/HG00109/exome_alignment/HG00109.alt_bwamem_GRCh38DH.20150826.GBR.exome.cram.crai	md5:5deb96c5a601af5ff965c83b0467607a	md5:3ccdb1caf2d1c0c3b2dec855ef14055e	GRCh38DH	paired	new_library_overlap	same_resource_confirmation
1000G_SAME_RESOURCE	HG00110	HG00110	wes	cram	https://ftp.1000genomes.ebi.ac.uk/vol1/ftp/data_collections/1000_genomes_project/data/GBR/HG00110/exome_alignment/HG00110.alt_bwamem_GRCh38DH.20150826.GBR.exome.cram	https://ftp.1000genomes.ebi.ac.uk/vol1/ftp/data_collections/1000_genomes_project/data/GBR/HG00110/exome_alignment/HG00110.alt_bwamem_GRCh38DH.20150826.GBR.exome.cram.crai	md5:bbd229b16d7d3bf93cd256baf4b0554c	md5:27ecb35e2b2787335a135a91ab50e3b6	GRCh38DH	paired	new_library_overlap	same_resource_confirmation
1000G_SAME_RESOURCE	HG00111	HG00111	wes	cram	https://ftp.1000genomes.ebi.ac.uk/vol1/ftp/data_collections/1000_genomes_project/data/GBR/HG00111/exome_alignment/HG00111.alt_bwamem_GRCh38DH.20150826.GBR.exome.cram	https://ftp.1000genomes.ebi.ac.uk/vol1/ftp/data_collections/1000_genomes_project/data/GBR/HG00111/exome_alignment/HG00111.alt_bwamem_GRCh38DH.20150826.GBR.exome.cram.crai	md5:e54ad1ae98fbb9ec1979621dbc7fa3af	md5:59545eec05ee29a0c1ffabe621197fdc	GRCh38DH	paired	new_library_overlap	same_resource_confirmation
1000G_SAME_RESOURCE	HG00112	HG00112	wes	cram	https://ftp.1000genomes.ebi.ac.uk/vol1/ftp/data_collections/1000_genomes_project/data/GBR/HG00112/exome_alignment/HG00112.alt_bwamem_GRCh38DH.20150826.GBR.exome.cram	https://ftp.1000genomes.ebi.ac.uk/vol1/ftp/data_collections/1000_genomes_project/data/GBR/HG00112/exome_alignment/HG00112.alt_bwamem_GRCh38DH.20150826.GBR.exome.cram.crai	md5:0444b1b11d0a1c2fd6c5c5f7d01a1bd2	md5:26a4ff00f939485f6dac007a1311f554	GRCh38DH	paired	new_library_overlap	same_resource_confirmation
1000G_SAME_RESOURCE	HG00114	HG00114	wes	cram	https://ftp.1000genomes.ebi.ac.uk/vol1/ftp/data_collections/1000_genomes_project/data/GBR/HG00114/exome_alignment/HG00114.alt_bwamem_GRCh38DH.20150826.GBR.exome.cram	https://ftp.1000genomes.ebi.ac.uk/vol1/ftp/data_collections/1000_genomes_project/data/GBR/HG00114/exome_alignment/HG00114.alt_bwamem_GRCh38DH.20150826.GBR.exome.cram.crai	md5:2a178d90b0db54e710871c4ee69ef893	md5:bdcbc7c38fc55424fb45cdb432473c73	GRCh38DH	paired	new_library_overlap	same_resource_confirmation
1000G_SAME_RESOURCE	HG00115	HG00115	wes	cram	https://ftp.1000genomes.ebi.ac.uk/vol1/ftp/data_collections/1000_genomes_project/data/GBR/HG00115/exome_alignment/HG00115.alt_bwamem_GRCh38DH.20150826.GBR.exome.cram	https://ftp.1000genomes.ebi.ac.uk/vol1/ftp/data_collections/1000_genomes_project/data/GBR/HG00115/exome_alignment/HG00115.alt_bwamem_GRCh38DH.20150826.GBR.exome.cram.crai	md5:30c79c173dcdf9c53aa363d51fa0f7fe	md5:dd61bd04b752e510e2aea7f3e554326a	GRCh38DH	paired	new_library_overlap	same_resource_confirmation
1000G_SAME_RESOURCE	HG00116	HG00116	wes	cram	https://ftp.1000genomes.ebi.ac.uk/vol1/ftp/data_collections/1000_genomes_project/data/GBR/HG00116/exome_alignment/HG00116.alt_bwamem_GRCh38DH.20150826.GBR.exome.cram	https://ftp.1000genomes.ebi.ac.uk/vol1/ftp/data_collections/1000_genomes_project/data/GBR/HG00116/exome_alignment/HG00116.alt_bwamem_GRCh38DH.20150826.GBR.exome.cram.crai	md5:6bb38d88f89e0abea4c51e07c68c4e56	md5:bec64ed842006d4225d65bed01629994	GRCh38DH	paired	new_library_overlap	same_resource_confirmation
1000G_SAME_RESOURCE	HG00171	HG00171	wes	cram	https://ftp.1000genomes.ebi.ac.uk/vol1/ftp/data_collections/1000_genomes_project/data/FIN/HG00171/exome_alignment/HG00171.alt_bwamem_GRCh38DH.20150826.FIN.exome.cram	https://ftp.1000genomes.ebi.ac.uk/vol1/ftp/data_collections/1000_genomes_project/data/FIN/HG00171/exome_alignment/HG00171.alt_bwamem_GRCh38DH.20150826.FIN.exome.cram.crai	md5:2fdae1dad1bbb70202391b4eb54f155c	md5:65246b78dc53364ded1d0ed106bf9c2f	GRCh38DH	paired	new_library_overlap	same_resource_confirmation
1000G_SAME_RESOURCE	HG00173	HG00173	wes	cram	https://ftp.1000genomes.ebi.ac.uk/vol1/ftp/data_collections/1000_genomes_project/data/FIN/HG00173/exome_alignment/HG00173.alt_bwamem_GRCh38DH.20150826.FIN.exome.cram	https://ftp.1000genomes.ebi.ac.uk/vol1/ftp/data_collections/1000_genomes_project/data/FIN/HG00173/exome_alignment/HG00173.alt_bwamem_GRCh38DH.20150826.FIN.exome.cram.crai	md5:c976bb36bac0291fbd8e5b91e832b230	md5:bfa9a9171955e926528c38a4af4dcb2c	GRCh38DH	paired	new_library_overlap	same_resource_confirmation
1000G_SAME_RESOURCE	HG00174	HG00174	wes	cram	https://ftp.1000genomes.ebi.ac.uk/vol1/ftp/data_collections/1000_genomes_project/data/FIN/HG00174/exome_alignment/HG00174.alt_bwamem_GRCh38DH.20150826.FIN.exome.cram	https://ftp.1000genomes.ebi.ac.uk/vol1/ftp/data_collections/1000_genomes_project/data/FIN/HG00174/exome_alignment/HG00174.alt_bwamem_GRCh38DH.20150826.FIN.exome.cram.crai	md5:adb54e81814860e0313713543f5601ed	md5:43baa8fc7e06618af215ac6f95f5a47f	GRCh38DH	paired	new_library_overlap	same_resource_confirmation
1000G_SAME_RESOURCE	HG00176	HG00176	wes	cram	https://ftp.1000genomes.ebi.ac.uk/vol1/ftp/data_collections/1000_genomes_project/data/FIN/HG00176/exome_alignment/HG00176.alt_bwamem_GRCh38DH.20150826.FIN.exome.cram	https://ftp.1000genomes.ebi.ac.uk/vol1/ftp/data_collections/1000_genomes_project/data/FIN/HG00176/exome_alignment/HG00176.alt_bwamem_GRCh38DH.20150826.FIN.exome.cram.crai	md5:71efbf975d4382536ed3ff2a13b445b9	md5:415832f5341d4490750f46d81474a504	GRCh38DH	paired	new_library_overlap	same_resource_confirmation
1000G_SAME_RESOURCE	HG00177	HG00177	wes	cram	https://ftp.1000genomes.ebi.ac.uk/vol1/ftp/data_collections/1000_genomes_project/data/FIN/HG00177/exome_alignment/HG00177.alt_bwamem_GRCh38DH.20150826.FIN.exome.cram	https://ftp.1000genomes.ebi.ac.uk/vol1/ftp/data_collections/1000_genomes_project/data/FIN/HG00177/exome_alignment/HG00177.alt_bwamem_GRCh38DH.20150826.FIN.exome.cram.crai	md5:e6770c98075ff911a8c0c474563d12c4	md5:ec3221f5a4b63e15fab03d7eeda1c300	GRCh38DH	paired	new_library_overlap	same_resource_confirmation
1000G_SAME_RESOURCE	HG00178	HG00178	wes	cram	https://ftp.1000genomes.ebi.ac.uk/vol1/ftp/data_collections/1000_genomes_project/data/FIN/HG00178/exome_alignment/HG00178.alt_bwamem_GRCh38DH.20150826.FIN.exome.cram	https://ftp.1000genomes.ebi.ac.uk/vol1/ftp/data_collections/1000_genomes_project/data/FIN/HG00178/exome_alignment/HG00178.alt_bwamem_GRCh38DH.20150826.FIN.exome.cram.crai	md5:e9962370fabf148e3f233a5a37154ecc	md5:fe1dc42a9c162745889aff05a82b1920	GRCh38DH	paired	new_library_overlap	same_resource_confirmation
1000G_SAME_RESOURCE	HG00179	HG00179	wes	cram	https://ftp.1000genomes.ebi.ac.uk/vol1/ftp/data_collections/1000_genomes_project/data/FIN/HG00179/exome_alignment/HG00179.alt_bwamem_GRCh38DH.20150826.FIN.exome.cram	https://ftp.1000genomes.ebi.ac.uk/vol1/ftp/data_collections/1000_genomes_project/data/FIN/HG00179/exome_alignment/HG00179.alt_bwamem_GRCh38DH.20150826.FIN.exome.cram.crai	md5:f35d4dcc7879faabd17b18d71ef33abe	md5:12a0f47688b91d04054fa2e4f8d07be4	GRCh38DH	paired	new_library_overlap	same_resource_confirmation
1000G_SAME_RESOURCE	HG00180	HG00180	wes	cram	https://ftp.1000genomes.ebi.ac.uk/vol1/ftp/data_collections/1000_genomes_project/data/FIN/HG00180/exome_alignment/HG00180.alt_bwamem_GRCh38DH.20150826.FIN.exome.cram	https://ftp.1000genomes.ebi.ac.uk/vol1/ftp/data_collections/1000_genomes_project/data/FIN/HG00180/exome_alignment/HG00180.alt_bwamem_GRCh38DH.20150826.FIN.exome.cram.crai	md5:4dee7b0989ea2b27b11930a81c068249	md5:a209cbb3b91d1362cacca8b207cb894f	GRCh38DH	paired	new_library_overlap	same_resource_confirmation
1000G_SAME_RESOURCE	HG00181	HG00181	wes	cram	https://ftp.1000genomes.ebi.ac.uk/vol1/ftp/data_collections/1000_genomes_project/data/FIN/HG00181/exome_alignment/HG00181.alt_bwamem_GRCh38DH.20150826.FIN.exome.cram	https://ftp.1000genomes.ebi.ac.uk/vol1/ftp/data_collections/1000_genomes_project/data/FIN/HG00181/exome_alignment/HG00181.alt_bwamem_GRCh38DH.20150826.FIN.exome.cram.crai	md5:7fc7f64807eca18c649f10526283fc68	md5:7344af8d95562c7420457191ea65355c	GRCh38DH	paired	new_library_overlap	same_resource_confirmation
1000G_SAME_RESOURCE	HG00182	HG00182	wes	cram	https://ftp.1000genomes.ebi.ac.uk/vol1/ftp/data_collections/1000_genomes_project/data/FIN/HG00182/exome_alignment/HG00182.alt_bwamem_GRCh38DH.20150826.FIN.exome.cram	https://ftp.1000genomes.ebi.ac.uk/vol1/ftp/data_collections/1000_genomes_project/data/FIN/HG00182/exome_alignment/HG00182.alt_bwamem_GRCh38DH.20150826.FIN.exome.cram.crai	md5:544f74297ed5e207fedd88d97e9a6e6c	md5:be8cdb92d3b78778624c07ed274b05ef	GRCh38DH	paired	new_library_overlap	same_resource_confirmation
1000G_SAME_RESOURCE	HG00183	HG00183	wes	cram	https://ftp.1000genomes.ebi.ac.uk/vol1/ftp/data_collections/1000_genomes_project/data/FIN/HG00183/exome_alignment/HG00183.alt_bwamem_GRCh38DH.20150826.FIN.exome.cram	https://ftp.1000genomes.ebi.ac.uk/vol1/ftp/data_collections/1000_genomes_project/data/FIN/HG00183/exome_alignment/HG00183.alt_bwamem_GRCh38DH.20150826.FIN.exome.cram.crai	md5:6eddc8157211405f762cee3a24925d6d	md5:4801a2af148fd43cd6fb8d8e7f6ebd68	GRCh38DH	paired	new_library_overlap	same_resource_confirmation
1000G_SAME_RESOURCE	HG00185	HG00185	wes	cram	https://ftp.1000genomes.ebi.ac.uk/vol1/ftp/data_collections/1000_genomes_project/data/FIN/HG00185/exome_alignment/HG00185.alt_bwamem_GRCh38DH.20150826.FIN.exome.cram	https://ftp.1000genomes.ebi.ac.uk/vol1/ftp/data_collections/1000_genomes_project/data/FIN/HG00185/exome_alignment/HG00185.alt_bwamem_GRCh38DH.20150826.FIN.exome.cram.crai	md5:43f211dfc888af9f3d09439343c247ba	md5:7eb2bf5d5a0a84ef570e583798df48dd	GRCh38DH	paired	new_library_overlap	same_resource_confirmation
1000G_SAME_RESOURCE	HG00186	HG00186	wes	cram	https://ftp.1000genomes.ebi.ac.uk/vol1/ftp/data_collections/1000_genomes_project/data/FIN/HG00186/exome_alignment/HG00186.alt_bwamem_GRCh38DH.20150826.FIN.exome.cram	https://ftp.1000genomes.ebi.ac.uk/vol1/ftp/data_collections/1000_genomes_project/data/FIN/HG00186/exome_alignment/HG00186.alt_bwamem_GRCh38DH.20150826.FIN.exome.cram.crai	md5:c0251610edea9e0f9801a85952575570	md5:46e55a82b6fcb6c6b2f55ef10790c1e1	GRCh38DH	paired	new_library_overlap	same_resource_confirmation
1000G_SAME_RESOURCE	HG00187	HG00187	wes	cram	https://ftp.1000genomes.ebi.ac.uk/vol1/ftp/data_collections/1000_genomes_project/data/FIN/HG00187/exome_alignment/HG00187.alt_bwamem_GRCh38DH.20150826.FIN.exome.cram	https://ftp.1000genomes.ebi.ac.uk/vol1/ftp/data_collections/1000_genomes_project/data/FIN/HG00187/exome_alignment/HG00187.alt_bwamem_GRCh38DH.20150826.FIN.exome.cram.crai	md5:66c290418151b9d450fef95895ebb75f	md5:70dc1d875f1d594419beb21037ff68ad	GRCh38DH	paired	new_library_overlap	same_resource_confirmation
1000G_SAME_RESOURCE	HG00188	HG00188	wes	cram	https://ftp.1000genomes.ebi.ac.uk/vol1/ftp/data_collections/1000_genomes_project/data/FIN/HG00188/exome_alignment/HG00188.alt_bwamem_GRCh38DH.20150826.FIN.exome.cram	https://ftp.1000genomes.ebi.ac.uk/vol1/ftp/data_collections/1000_genomes_project/data/FIN/HG00188/exome_alignment/HG00188.alt_bwamem_GRCh38DH.20150826.FIN.exome.cram.crai	md5:6918092aa9723d9ad67a95a68e543458	md5:c2a2abc65a1aa0aeb7b05767b3b7b14e	GRCh38DH	paired	new_library_overlap	same_resource_confirmation
1000G_SAME_RESOURCE	HG00189	HG00189	wes	cram	https://ftp.1000genomes.ebi.ac.uk/vol1/ftp/data_collections/1000_genomes_project/data/FIN/HG00189/exome_alignment/HG00189.alt_bwamem_GRCh38DH.20150826.FIN.exome.cram	https://ftp.1000genomes.ebi.ac.uk/vol1/ftp/data_collections/1000_genomes_project/data/FIN/HG00189/exome_alignment/HG00189.alt_bwamem_GRCh38DH.20150826.FIN.exome.cram.crai	md5:4a94df1b04bace76c6af835a762b829a	md5:bc9dd419859b5ee8bf49a1d83962bc53	GRCh38DH	paired	new_library_overlap	same_resource_confirmation
1000G_SAME_RESOURCE	HG00266	HG00266	wes	cram	https://ftp.1000genomes.ebi.ac.uk/vol1/ftp/data_collections/1000_genomes_project/data/FIN/HG00266/exome_alignment/HG00266.alt_bwamem_GRCh38DH.20150826.FIN.exome.cram	https://ftp.1000genomes.ebi.ac.uk/vol1/ftp/data_collections/1000_genomes_project/data/FIN/HG00266/exome_alignment/HG00266.alt_bwamem_GRCh38DH.20150826.FIN.exome.cram.crai	md5:3038ad4cfe5df64abde0800638e56289	md5:163fa915654e3b0baedbfdfdcae0f741	GRCh38DH	paired	new_library_overlap	same_resource_confirmation
1000G_SAME_RESOURCE	HG00551	HG00551	wes	cram	https://ftp.1000genomes.ebi.ac.uk/vol1/ftp/data_collections/1000_genomes_project/data/PUR/HG00551/exome_alignment/HG00551.alt_bwamem_GRCh38DH.20150826.PUR.exome.cram	https://ftp.1000genomes.ebi.ac.uk/vol1/ftp/data_collections/1000_genomes_project/data/PUR/HG00551/exome_alignment/HG00551.alt_bwamem_GRCh38DH.20150826.PUR.exome.cram.crai	md5:13bc6cffd971dc70c2c0c3ff48190aef	md5:7df5ceac8cd074f0c6dec6dde334cd17	GRCh38DH	paired	new_library_overlap	same_resource_confirmation
1000G_SAME_RESOURCE	HG00553	HG00553	wes	cram	https://ftp.1000genomes.ebi.ac.uk/vol1/ftp/data_collections/1000_genomes_project/data/PUR/HG00553/exome_alignment/HG00553.alt_bwamem_GRCh38DH.20150826.PUR.exome.cram	https://ftp.1000genomes.ebi.ac.uk/vol1/ftp/data_collections/1000_genomes_project/data/PUR/HG00553/exome_alignment/HG00553.alt_bwamem_GRCh38DH.20150826.PUR.exome.cram.crai	md5:d3cb204aa2e51f70609d7e847a430730	md5:7470bf2d6040fa0d10d75fb639d9fa6a	GRCh38DH	paired	new_library_overlap	same_resource_confirmation
1000G_SAME_RESOURCE	HG00554	HG00554	wes	cram	https://ftp.1000genomes.ebi.ac.uk/vol1/ftp/data_collections/1000_genomes_project/data/PUR/HG00554/exome_alignment/HG00554.alt_bwamem_GRCh38DH.20150826.PUR.exome.cram	https://ftp.1000genomes.ebi.ac.uk/vol1/ftp/data_collections/1000_genomes_project/data/PUR/HG00554/exome_alignment/HG00554.alt_bwamem_GRCh38DH.20150826.PUR.exome.cram.crai	md5:259c9769769143b5d6cf13ed5a8a9048	md5:16f81a18d4abb8425952beac7e6717fd	GRCh38DH	paired	new_library_overlap	same_resource_confirmation
1000G_SAME_RESOURCE	HG00637	HG00637	wes	cram	https://ftp.1000genomes.ebi.ac.uk/vol1/ftp/data_collections/1000_genomes_project/data/PUR/HG00637/exome_alignment/HG00637.alt_bwamem_GRCh38DH.20150826.PUR.exome.cram	https://ftp.1000genomes.ebi.ac.uk/vol1/ftp/data_collections/1000_genomes_project/data/PUR/HG00637/exome_alignment/HG00637.alt_bwamem_GRCh38DH.20150826.PUR.exome.cram.crai	md5:ff05bac1f4f4bfb964ca2e0f9a26e861	md5:5f0bda760eec6a283f5036797006958c	GRCh38DH	paired	new_library_overlap	same_resource_confirmation
1000G_SAME_RESOURCE	HG00638	HG00638	wes	cram	https://ftp.1000genomes.ebi.ac.uk/vol1/ftp/data_collections/1000_genomes_project/data/PUR/HG00638/exome_alignment/HG00638.alt_bwamem_GRCh38DH.20150826.PUR.exome.cram	https://ftp.1000genomes.ebi.ac.uk/vol1/ftp/data_collections/1000_genomes_project/data/PUR/HG00638/exome_alignment/HG00638.alt_bwamem_GRCh38DH.20150826.PUR.exome.cram.crai	md5:869a0ddd6afd76c02547a5b6b8ea6769	md5:17e73a4251b5c5548d6e369b9e8983b4	GRCh38DH	paired	new_library_overlap	same_resource_confirmation
1000G_SAME_RESOURCE	HG00640	HG00640	wes	cram	https://ftp.1000genomes.ebi.ac.uk/vol1/ftp/data_collections/1000_genomes_project/data/PUR/HG00640/exome_alignment/HG00640.alt_bwamem_GRCh38DH.20150826.PUR.exome.cram	https://ftp.1000genomes.ebi.ac.uk/vol1/ftp/data_collections/1000_genomes_project/data/PUR/HG00640/exome_alignment/HG00640.alt_bwamem_GRCh38DH.20150826.PUR.exome.cram.crai	md5:d0626aada1b857341ab75037f717bae1	md5:cd4394ec2865c55c0b75980bf418e246	GRCh38DH	paired	new_library_overlap	same_resource_confirmation
1000G_SAME_RESOURCE	HG00641	HG00641	wes	cram	https://ftp.1000genomes.ebi.ac.uk/vol1/ftp/data_collections/1000_genomes_project/data/PUR/HG00641/exome_alignment/HG00641.alt_bwamem_GRCh38DH.20150826.PUR.exome.cram	https://ftp.1000genomes.ebi.ac.uk/vol1/ftp/data_collections/1000_genomes_project/data/PUR/HG00641/exome_alignment/HG00641.alt_bwamem_GRCh38DH.20150826.PUR.exome.cram.crai	md5:5be9d1c9ef97ef34f219281806ebdf2d	md5:82c4a433fd010a09b88f432e33d49f7c	GRCh38DH	paired	new_library_overlap	same_resource_confirmation
1000G_SAME_RESOURCE	HG00734	HG00734	wes	cram	https://ftp.1000genomes.ebi.ac.uk/vol1/ftp/data_collections/1000_genomes_project/data/PUR/HG00734/exome_alignment/HG00734.alt_bwamem_GRCh38DH.20150826.PUR.exome.cram	https://ftp.1000genomes.ebi.ac.uk/vol1/ftp/data_collections/1000_genomes_project/data/PUR/HG00734/exome_alignment/HG00734.alt_bwamem_GRCh38DH.20150826.PUR.exome.cram.crai	md5:391617760b745e8b216816ea317e563f	md5:b83df8a8c95f99e1a7430990fdb758df	GRCh38DH	paired	new_library_overlap	same_resource_confirmation
1000G_SAME_RESOURCE	NA06984	NA06984	wes	cram	https://ftp.1000genomes.ebi.ac.uk/vol1/ftp/data_collections/1000_genomes_project/data/CEU/NA06984/exome_alignment/NA06984.alt_bwamem_GRCh38DH.20150826.CEU.exome.cram	https://ftp.1000genomes.ebi.ac.uk/vol1/ftp/data_collections/1000_genomes_project/data/CEU/NA06984/exome_alignment/NA06984.alt_bwamem_GRCh38DH.20150826.CEU.exome.cram.crai	md5:799de0887cda0f05e2da3477e59a906f	md5:7c5a188329373e86affea1b6484bdb8d	GRCh38DH	paired	new_library_overlap	same_resource_confirmation
1000G_SAME_RESOURCE	NA06985	NA06985	wes	cram	https://ftp.1000genomes.ebi.ac.uk/vol1/ftp/data_collections/1000_genomes_project/data/CEU/NA06985/exome_alignment/NA06985.alt_bwamem_GRCh38DH.20150826.CEU.exome.cram	https://ftp.1000genomes.ebi.ac.uk/vol1/ftp/data_collections/1000_genomes_project/data/CEU/NA06985/exome_alignment/NA06985.alt_bwamem_GRCh38DH.20150826.CEU.exome.cram.crai	md5:09f1a43a773be42327bcbd6c4d5c6cc1	md5:2c7e15fc625ed9f64cc163887e344576	GRCh38DH	paired	new_library_overlap	same_resource_confirmation
1000G_SAME_RESOURCE	NA06986	NA06986	wes	cram	https://ftp.1000genomes.ebi.ac.uk/vol1/ftp/data_collections/1000_genomes_project/data/CEU/NA06986/exome_alignment/NA06986.alt_bwamem_GRCh38DH.20150826.CEU.exome.cram	https://ftp.1000genomes.ebi.ac.uk/vol1/ftp/data_collections/1000_genomes_project/data/CEU/NA06986/exome_alignment/NA06986.alt_bwamem_GRCh38DH.20150826.CEU.exome.cram.crai	md5:7ffe1e236a7893964a90b9c01d3f147b	md5:acd40a499947b39f87c979d4bd53b984	GRCh38DH	paired	new_library_overlap	same_resource_confirmation
1000G_SAME_RESOURCE	NA06989	NA06989	wes	cram	https://ftp.1000genomes.ebi.ac.uk/vol1/ftp/data_collections/1000_genomes_project/data/CEU/NA06989/exome_alignment/NA06989.alt_bwamem_GRCh38DH.20150826.CEU.exome.cram	https://ftp.1000genomes.ebi.ac.uk/vol1/ftp/data_collections/1000_genomes_project/data/CEU/NA06989/exome_alignment/NA06989.alt_bwamem_GRCh38DH.20150826.CEU.exome.cram.crai	md5:d389b0d6b9fa31950897097440e8d3cf	md5:bc50701efb29870fe420e117bff4cb2d	GRCh38DH	paired	new_library_overlap	same_resource_confirmation
1000G_SAME_RESOURCE	NA06994	NA06994	wes	cram	https://ftp.1000genomes.ebi.ac.uk/vol1/ftp/data_collections/1000_genomes_project/data/CEU/NA06994/exome_alignment/NA06994.alt_bwamem_GRCh38DH.20150826.CEU.exome.cram	https://ftp.1000genomes.ebi.ac.uk/vol1/ftp/data_collections/1000_genomes_project/data/CEU/NA06994/exome_alignment/NA06994.alt_bwamem_GRCh38DH.20150826.CEU.exome.cram.crai	md5:15a6576f46f51c37299fc004ed47fcd9	md5:3d8d8dc27d85ceaf0daefa493b8bd660	GRCh38DH	paired	new_library_overlap	same_resource_confirmation
1000G_SAME_RESOURCE	NA07000	NA07000	wes	cram	https://ftp.1000genomes.ebi.ac.uk/vol1/ftp/data_collections/1000_genomes_project/data/CEU/NA07000/exome_alignment/NA07000.alt_bwamem_GRCh38DH.20150826.CEU.exome.cram	https://ftp.1000genomes.ebi.ac.uk/vol1/ftp/data_collections/1000_genomes_project/data/CEU/NA07000/exome_alignment/NA07000.alt_bwamem_GRCh38DH.20150826.CEU.exome.cram.crai	md5:e235353be3bfe4e9c8267f00ed4166ce	md5:fb20e93f5786c0347d11a345dfa94187	GRCh38DH	paired	new_library_overlap	same_resource_confirmation
1000G_SAME_RESOURCE	NA07037	NA07037	wes	cram	https://ftp.1000genomes.ebi.ac.uk/vol1/ftp/data_collections/1000_genomes_project/data/CEU/NA07037/exome_alignment/NA07037.alt_bwamem_GRCh38DH.20150826.CEU.exome.cram	https://ftp.1000genomes.ebi.ac.uk/vol1/ftp/data_collections/1000_genomes_project/data/CEU/NA07037/exome_alignment/NA07037.alt_bwamem_GRCh38DH.20150826.CEU.exome.cram.crai	md5:c6b50ea513f7533a19e7047e89dab006	md5:c49cb814461255e54eb246c1b01df1dc	GRCh38DH	paired	new_library_overlap	same_resource_confirmation
1000G_SAME_RESOURCE	NA07048	NA07048	wes	cram	https://ftp.1000genomes.ebi.ac.uk/vol1/ftp/data_collections/1000_genomes_project/data/CEU/NA07048/exome_alignment/NA07048.alt_bwamem_GRCh38DH.20150826.CEU.exome.cram	https://ftp.1000genomes.ebi.ac.uk/vol1/ftp/data_collections/1000_genomes_project/data/CEU/NA07048/exome_alignment/NA07048.alt_bwamem_GRCh38DH.20150826.CEU.exome.cram.crai	md5:52fb393b1da3371075f406d46069bd1a	md5:d76f460dfddc8a5b2e2dfe2a1aca58c8	GRCh38DH	paired	new_library_overlap	same_resource_confirmation
1000G_SAME_RESOURCE	NA07051	NA07051	wes	cram	https://ftp.1000genomes.ebi.ac.uk/vol1/ftp/data_collections/1000_genomes_project/data/CEU/NA07051/exome_alignment/NA07051.alt_bwamem_GRCh38DH.20150826.CEU.exome.cram	https://ftp.1000genomes.ebi.ac.uk/vol1/ftp/data_collections/1000_genomes_project/data/CEU/NA07051/exome_alignment/NA07051.alt_bwamem_GRCh38DH.20150826.CEU.exome.cram.crai	md5:c0a5e38129d86e31b78e45b1611eff1e	md5:c9cc21912f8c475f156fc349ad8e1225	GRCh38DH	paired	new_library_overlap	same_resource_confirmation
1000G_SAME_RESOURCE	NA07056	NA07056	wes	cram	https://ftp.1000genomes.ebi.ac.uk/vol1/ftp/data_collections/1000_genomes_project/data/CEU/NA07056/exome_alignment/NA07056.alt_bwamem_GRCh38DH.20150826.CEU.exome.cram	https://ftp.1000genomes.ebi.ac.uk/vol1/ftp/data_collections/1000_genomes_project/data/CEU/NA07056/exome_alignment/NA07056.alt_bwamem_GRCh38DH.20150826.CEU.exome.cram.crai	md5:1a7ff5068d74e1ff7385ff3b700c672a	md5:2782e3dff61a05b34bb1dbe495b2f74a	GRCh38DH	paired	new_library_overlap	same_resource_confirmation
1000G_SAME_RESOURCE	NA07347	NA07347	wes	cram	https://ftp.1000genomes.ebi.ac.uk/vol1/ftp/data_collections/1000_genomes_project/data/CEU/NA07347/exome_alignment/NA07347.alt_bwamem_GRCh38DH.20150826.CEU.exome.cram	https://ftp.1000genomes.ebi.ac.uk/vol1/ftp/data_collections/1000_genomes_project/data/CEU/NA07347/exome_alignment/NA07347.alt_bwamem_GRCh38DH.20150826.CEU.exome.cram.crai	md5:92b47ff418097a956b64a958798d41c7	md5:5e943de3082fa55620a91a69113933d0	GRCh38DH	paired	new_library_overlap	same_resource_confirmation
1000G_SAME_RESOURCE	NA07357	NA07357	wes	cram	https://ftp.1000genomes.ebi.ac.uk/vol1/ftp/data_collections/1000_genomes_project/data/CEU/NA07357/exome_alignment/NA07357.alt_bwamem_GRCh38DH.20150826.CEU.exome.cram	https://ftp.1000genomes.ebi.ac.uk/vol1/ftp/data_collections/1000_genomes_project/data/CEU/NA07357/exome_alignment/NA07357.alt_bwamem_GRCh38DH.20150826.CEU.exome.cram.crai	md5:ebea208154567d67ba20ae1e2a1cd594	md5:b3a9b2b326837ef028d860575a03fdef	GRCh38DH	paired	new_library_overlap	same_resource_confirmation
1000G_SAME_RESOURCE	NA10847	NA10847	wes	cram	https://ftp.1000genomes.ebi.ac.uk/vol1/ftp/data_collections/1000_genomes_project/data/CEU/NA10847/exome_alignment/NA10847.alt_bwamem_GRCh38DH.20150826.CEU.exome.cram	https://ftp.1000genomes.ebi.ac.uk/vol1/ftp/data_collections/1000_genomes_project/data/CEU/NA10847/exome_alignment/NA10847.alt_bwamem_GRCh38DH.20150826.CEU.exome.cram.crai	md5:316b75c36cec40209901da80bc211191	md5:93bd18291159d395448ce3bbe6a4d841	GRCh38DH	paired	new_library_overlap	same_resource_confirmation
1000G_SAME_RESOURCE	NA10851	NA10851	wes	cram	https://ftp.1000genomes.ebi.ac.uk/vol1/ftp/data_collections/1000_genomes_project/data/CEU/NA10851/exome_alignment/NA10851.alt_bwamem_GRCh38DH.20150826.CEU.exome.cram	https://ftp.1000genomes.ebi.ac.uk/vol1/ftp/data_collections/1000_genomes_project/data/CEU/NA10851/exome_alignment/NA10851.alt_bwamem_GRCh38DH.20150826.CEU.exome.cram.crai	md5:4877f677e5d8fdb88dbdf1b1c880db8c	md5:6c95595588ee200eb4a6152afa9d87d6	GRCh38DH	paired	new_library_overlap	same_resource_confirmation
1000G_SAME_RESOURCE	NA11829	NA11829	wes	cram	https://ftp.1000genomes.ebi.ac.uk/vol1/ftp/data_collections/1000_genomes_project/data/CEU/NA11829/exome_alignment/NA11829.alt_bwamem_GRCh38DH.20150826.CEU.exome.cram	https://ftp.1000genomes.ebi.ac.uk/vol1/ftp/data_collections/1000_genomes_project/data/CEU/NA11829/exome_alignment/NA11829.alt_bwamem_GRCh38DH.20150826.CEU.exome.cram.crai	md5:afe4fa15a79165c04366c7285c0c7fe9	md5:7b6a78f83199c58515d898d87bbd664c	GRCh38DH	paired	new_library_overlap	same_resource_confirmation
1000G_SAME_RESOURCE	NA11830	NA11830	wes	cram	https://ftp.1000genomes.ebi.ac.uk/vol1/ftp/data_collections/1000_genomes_project/data/CEU/NA11830/exome_alignment/NA11830.alt_bwamem_GRCh38DH.20150826.CEU.exome.cram	https://ftp.1000genomes.ebi.ac.uk/vol1/ftp/data_collections/1000_genomes_project/data/CEU/NA11830/exome_alignment/NA11830.alt_bwamem_GRCh38DH.20150826.CEU.exome.cram.crai	md5:3420b76e5d6bb9a86b99e8d458340363	md5:91e4a4c9672575b38e24c65a5d1436c5	GRCh38DH	paired	new_library_overlap	same_resource_confirmation
1000G_SAME_RESOURCE	NA11831	NA11831	wes	cram	https://ftp.1000genomes.ebi.ac.uk/vol1/ftp/data_collections/1000_genomes_project/data/CEU/NA11831/exome_alignment/NA11831.alt_bwamem_GRCh38DH.20150826.CEU.exome.cram	https://ftp.1000genomes.ebi.ac.uk/vol1/ftp/data_collections/1000_genomes_project/data/CEU/NA11831/exome_alignment/NA11831.alt_bwamem_GRCh38DH.20150826.CEU.exome.cram.crai	md5:b499e7abedc6fd0e4ca11e22f97585f4	md5:d08fff7a80ccc5fd136c852f990a01d1	GRCh38DH	paired	new_library_overlap	same_resource_confirmation
1000G_SAME_RESOURCE	NA11832	NA11832	wes	cram	https://ftp.1000genomes.ebi.ac.uk/vol1/ftp/data_collections/1000_genomes_project/data/CEU/NA11832/exome_alignment/NA11832.alt_bwamem_GRCh38DH.20150826.CEU.exome.cram	https://ftp.1000genomes.ebi.ac.uk/vol1/ftp/data_collections/1000_genomes_project/data/CEU/NA11832/exome_alignment/NA11832.alt_bwamem_GRCh38DH.20150826.CEU.exome.cram.crai	md5:c6cba315ba9384793d546b69408d30c7	md5:8f993462538c1ea1204ee5cf5cdae217	GRCh38DH	paired	new_library_overlap	same_resource_confirmation
1000G_SAME_RESOURCE	NA11840	NA11840	wes	cram	https://ftp.1000genomes.ebi.ac.uk/vol1/ftp/data_collections/1000_genomes_project/data/CEU/NA11840/exome_alignment/NA11840.alt_bwamem_GRCh38DH.20150826.CEU.exome.cram	https://ftp.1000genomes.ebi.ac.uk/vol1/ftp/data_collections/1000_genomes_project/data/CEU/NA11840/exome_alignment/NA11840.alt_bwamem_GRCh38DH.20150826.CEU.exome.cram.crai	md5:6211d5dbcc9a75e3482c752e3763180e	md5:45f19bf23171096dd1fa155fe7e99e34	GRCh38DH	paired	new_library_overlap	same_resource_confirmation
1000G_SAME_RESOURCE	NA11843	NA11843	wes	cram	https://ftp.1000genomes.ebi.ac.uk/vol1/ftp/data_collections/1000_genomes_project/data/CEU/NA11843/exome_alignment/NA11843.alt_bwamem_GRCh38DH.20150826.CEU.exome.cram	https://ftp.1000genomes.ebi.ac.uk/vol1/ftp/data_collections/1000_genomes_project/data/CEU/NA11843/exome_alignment/NA11843.alt_bwamem_GRCh38DH.20150826.CEU.exome.cram.crai	md5:dbcf6e544ea7c9749ca8598967ff2288	md5:2a27d2651da671076383392c60715742	GRCh38DH	paired	new_library_overlap	same_resource_confirmation
1000G_SAME_RESOURCE	NA11894	NA11894	wes	cram	https://ftp.1000genomes.ebi.ac.uk/vol1/ftp/data_collections/1000_genomes_project/data/CEU/NA11894/exome_alignment/NA11894.alt_bwamem_GRCh38DH.20150826.CEU.exome.cram	https://ftp.1000genomes.ebi.ac.uk/vol1/ftp/data_collections/1000_genomes_project/data/CEU/NA11894/exome_alignment/NA11894.alt_bwamem_GRCh38DH.20150826.CEU.exome.cram.crai	md5:4c765ce9ea32c765f66b6f0e76fe26f1	md5:9c41f9f16965e95fca0e0ab9bf4ad562	GRCh38DH	paired	new_library_overlap	same_resource_confirmation
1000G_SAME_RESOURCE	NA11920	NA11920	wes	cram	https://ftp.1000genomes.ebi.ac.uk/vol1/ftp/data_collections/1000_genomes_project/data/CEU/NA11920/exome_alignment/NA11920.alt_bwamem_GRCh38DH.20150826.CEU.exome.cram	https://ftp.1000genomes.ebi.ac.uk/vol1/ftp/data_collections/1000_genomes_project/data/CEU/NA11920/exome_alignment/NA11920.alt_bwamem_GRCh38DH.20150826.CEU.exome.cram.crai	md5:db851835bd534b20754a296552eca754	md5:f1f3308322ab091cab8025b7252e75b8	GRCh38DH	paired	new_library_overlap	same_resource_confirmation
1000G_SAME_RESOURCE	NA12004	NA12004	wes	cram	https://ftp.1000genomes.ebi.ac.uk/vol1/ftp/data_collections/1000_genomes_project/data/CEU/NA12004/exome_alignment/NA12004.alt_bwamem_GRCh38DH.20150826.CEU.exome.cram	https://ftp.1000genomes.ebi.ac.uk/vol1/ftp/data_collections/1000_genomes_project/data/CEU/NA12004/exome_alignment/NA12004.alt_bwamem_GRCh38DH.20150826.CEU.exome.cram.crai	md5:2f69629c499fe22ac122a30e5596efe5	md5:9cd78b56797c552fa22a1388ca74a8f8	GRCh38DH	paired	new_library_overlap	same_resource_confirmation
1000G_SAME_RESOURCE	NA12044	NA12044	wes	cram	https://ftp.1000genomes.ebi.ac.uk/vol1/ftp/data_collections/1000_genomes_project/data/CEU/NA12044/exome_alignment/NA12044.alt_bwamem_GRCh38DH.20150826.CEU.exome.cram	https://ftp.1000genomes.ebi.ac.uk/vol1/ftp/data_collections/1000_genomes_project/data/CEU/NA12044/exome_alignment/NA12044.alt_bwamem_GRCh38DH.20150826.CEU.exome.cram.crai	md5:2152ae7f127ee635844a9353944178e9	md5:5bdcf9c08da5f6d5b05fbfa1c8e7ae38	GRCh38DH	paired	new_library_overlap	same_resource_confirmation
1000G_SAME_RESOURCE	NA12154	NA12154	wes	cram	https://ftp.1000genomes.ebi.ac.uk/vol1/ftp/data_collections/1000_genomes_project/data/CEU/NA12154/exome_alignment/NA12154.alt_bwamem_GRCh38DH.20150826.CEU.exome.cram	https://ftp.1000genomes.ebi.ac.uk/vol1/ftp/data_collections/1000_genomes_project/data/CEU/NA12154/exome_alignment/NA12154.alt_bwamem_GRCh38DH.20150826.CEU.exome.cram.crai	md5:6e8e52b3542f66e08b1722bbb760113c	md5:e46826477934e2e554244eba747f0a24	GRCh38DH	paired	new_library_overlap	same_resource_confirmation
1000G_SAME_RESOURCE	NA12234	NA12234	wes	cram	https://ftp.1000genomes.ebi.ac.uk/vol1/ftp/data_collections/1000_genomes_project/data/CEU/NA12234/exome_alignment/NA12234.alt_bwamem_GRCh38DH.20150826.CEU.exome.cram	https://ftp.1000genomes.ebi.ac.uk/vol1/ftp/data_collections/1000_genomes_project/data/CEU/NA12234/exome_alignment/NA12234.alt_bwamem_GRCh38DH.20150826.CEU.exome.cram.crai	md5:78156ef54716a5c3f2049550cf123480	md5:d4d1c65b44ca9b6eb2051e3c0f2ff4e7	GRCh38DH	paired	new_library_overlap	same_resource_confirmation
1000G_SAME_RESOURCE	NA12489	NA12489	wes	cram	https://ftp.1000genomes.ebi.ac.uk/vol1/ftp/data_collections/1000_genomes_project/data/CEU/NA12489/exome_alignment/NA12489.alt_bwamem_GRCh38DH.20150826.CEU.exome.cram	https://ftp.1000genomes.ebi.ac.uk/vol1/ftp/data_collections/1000_genomes_project/data/CEU/NA12489/exome_alignment/NA12489.alt_bwamem_GRCh38DH.20150826.CEU.exome.cram.crai	md5:23861c5db83330436588870faa633c44	md5:593995dc78bf43c962d1996dcbd316a6	GRCh38DH	paired	new_library_overlap	same_resource_confirmation
1000G_SAME_RESOURCE	NA12751	NA12751	wes	cram	https://ftp.1000genomes.ebi.ac.uk/vol1/ftp/data_collections/1000_genomes_project/data/CEU/NA12751/exome_alignment/NA12751.alt_bwamem_GRCh38DH.20150826.CEU.exome.cram	https://ftp.1000genomes.ebi.ac.uk/vol1/ftp/data_collections/1000_genomes_project/data/CEU/NA12751/exome_alignment/NA12751.alt_bwamem_GRCh38DH.20150826.CEU.exome.cram.crai	md5:4f82d3cac3a5695bc675ab3d493b9cf8	md5:45798736c6eef9c62e05cbce127efd09	GRCh38DH	paired	new_library_overlap	same_resource_confirmation
1000G_SAME_RESOURCE	NA12763	NA12763	wes	cram	https://ftp.1000genomes.ebi.ac.uk/vol1/ftp/data_collections/1000_genomes_project/data/CEU/NA12763/exome_alignment/NA12763.alt_bwamem_GRCh38DH.20150826.CEU.exome.cram	https://ftp.1000genomes.ebi.ac.uk/vol1/ftp/data_collections/1000_genomes_project/data/CEU/NA12763/exome_alignment/NA12763.alt_bwamem_GRCh38DH.20150826.CEU.exome.cram.crai	md5:89b563018c308e3c905114960dd4040d	md5:ad50acd65597585b14aca1c2dfbf7a5d	GRCh38DH	paired	new_library_overlap	same_resource_confirmation
1000G_SAME_RESOURCE	NA12775	NA12775	wes	cram	https://ftp.1000genomes.ebi.ac.uk/vol1/ftp/data_collections/1000_genomes_project/data/CEU/NA12775/exome_alignment/NA12775.alt_bwamem_GRCh38DH.20150826.CEU.exome.cram	https://ftp.1000genomes.ebi.ac.uk/vol1/ftp/data_collections/1000_genomes_project/data/CEU/NA12775/exome_alignment/NA12775.alt_bwamem_GRCh38DH.20150826.CEU.exome.cram.crai	md5:559288c5709565d21c68b2f9d50bb979	md5:69e4f3c930dc217e1afb7cf4b6b22c72	GRCh38DH	paired	new_library_overlap	same_resource_confirmation
1000G_SAME_RESOURCE	NA12812	NA12812	wes	cram	https://ftp.1000genomes.ebi.ac.uk/vol1/ftp/data_collections/1000_genomes_project/data/CEU/NA12812/exome_alignment/NA12812.alt_bwamem_GRCh38DH.20150826.CEU.exome.cram	https://ftp.1000genomes.ebi.ac.uk/vol1/ftp/data_collections/1000_genomes_project/data/CEU/NA12812/exome_alignment/NA12812.alt_bwamem_GRCh38DH.20150826.CEU.exome.cram.crai	md5:b894b253f719fde9ec3fc9346a2b1df2	md5:ec54bf8961790917d727d6da34bce5ef	GRCh38DH	paired	new_library_overlap	same_resource_confirmation
1000G_SAME_RESOURCE	NA18486	NA18486	wes	cram	https://ftp.1000genomes.ebi.ac.uk/vol1/ftp/data_collections/1000_genomes_project/data/YRI/NA18486/exome_alignment/NA18486.alt_bwamem_GRCh38DH.20150826.YRI.exome.cram	https://ftp.1000genomes.ebi.ac.uk/vol1/ftp/data_collections/1000_genomes_project/data/YRI/NA18486/exome_alignment/NA18486.alt_bwamem_GRCh38DH.20150826.YRI.exome.cram.crai	md5:b9d14ab3727cc4718bec304c68c75c26	md5:8cd725f7750ed7c384d43f67c3fc4073	GRCh38DH	paired	new_library_overlap	same_resource_confirmation
1000G_SAME_RESOURCE	NA18488	NA18488	wes	cram	https://ftp.1000genomes.ebi.ac.uk/vol1/ftp/data_collections/1000_genomes_project/data/YRI/NA18488/exome_alignment/NA18488.alt_bwamem_GRCh38DH.20150826.YRI.exome.cram	https://ftp.1000genomes.ebi.ac.uk/vol1/ftp/data_collections/1000_genomes_project/data/YRI/NA18488/exome_alignment/NA18488.alt_bwamem_GRCh38DH.20150826.YRI.exome.cram.crai	md5:f1edd19ccdac241174a4d47da094816b	md5:ddec4b53bc3ea760c34b8911680f2430	GRCh38DH	paired	new_library_overlap	same_resource_confirmation
1000G_SAME_RESOURCE	NA18489	NA18489	wes	cram	https://ftp.1000genomes.ebi.ac.uk/vol1/ftp/data_collections/1000_genomes_project/data/YRI/NA18489/exome_alignment/NA18489.alt_bwamem_GRCh38DH.20150826.YRI.exome.cram	https://ftp.1000genomes.ebi.ac.uk/vol1/ftp/data_collections/1000_genomes_project/data/YRI/NA18489/exome_alignment/NA18489.alt_bwamem_GRCh38DH.20150826.YRI.exome.cram.crai	md5:10bd24403f79bceab31458d6d8b7e68c	md5:fb0fcb7f91d3c340642f94f262376758	GRCh38DH	paired	new_library_overlap	same_resource_confirmation
1000G_SAME_RESOURCE	NA18498	NA18498	wes	cram	https://ftp.1000genomes.ebi.ac.uk/vol1/ftp/data_collections/1000_genomes_project/data/YRI/NA18498/exome_alignment/NA18498.alt_bwamem_GRCh38DH.20150826.YRI.exome.cram	https://ftp.1000genomes.ebi.ac.uk/vol1/ftp/data_collections/1000_genomes_project/data/YRI/NA18498/exome_alignment/NA18498.alt_bwamem_GRCh38DH.20150826.YRI.exome.cram.crai	md5:4a8eb6ac78698244a37e2c26b7ad71e5	md5:a9831b4dcfef9b21e74d0819f3147622	GRCh38DH	paired	new_library_overlap	same_resource_confirmation
1000G_SAME_RESOURCE	NA18499	NA18499	wes	cram	https://ftp.1000genomes.ebi.ac.uk/vol1/ftp/data_collections/1000_genomes_project/data/YRI/NA18499/exome_alignment/NA18499.alt_bwamem_GRCh38DH.20150826.YRI.exome.cram	https://ftp.1000genomes.ebi.ac.uk/vol1/ftp/data_collections/1000_genomes_project/data/YRI/NA18499/exome_alignment/NA18499.alt_bwamem_GRCh38DH.20150826.YRI.exome.cram.crai	md5:bae9d17a21e91bb27ea78e5c62f977d9	md5:56b8b918b65005d06485c43fab2ea597	GRCh38DH	paired	new_library_overlap	same_resource_confirmation
1000G_SAME_RESOURCE	NA18501	NA18501	wes	cram	https://ftp.1000genomes.ebi.ac.uk/vol1/ftp/data_collections/1000_genomes_project/data/YRI/NA18501/exome_alignment/NA18501.alt_bwamem_GRCh38DH.20150826.YRI.exome.cram	https://ftp.1000genomes.ebi.ac.uk/vol1/ftp/data_collections/1000_genomes_project/data/YRI/NA18501/exome_alignment/NA18501.alt_bwamem_GRCh38DH.20150826.YRI.exome.cram.crai	md5:e3b356730529686c6712d7af7d8e2015	md5:0d4b78d97a3f24454256a7ebe3bcaddf	GRCh38DH	paired	new_library_overlap	same_resource_confirmation
1000G_SAME_RESOURCE	NA18502	NA18502	wes	cram	https://ftp.1000genomes.ebi.ac.uk/vol1/ftp/data_collections/1000_genomes_project/data/YRI/NA18502/exome_alignment/NA18502.alt_bwamem_GRCh38DH.20150826.YRI.exome.cram	https://ftp.1000genomes.ebi.ac.uk/vol1/ftp/data_collections/1000_genomes_project/data/YRI/NA18502/exome_alignment/NA18502.alt_bwamem_GRCh38DH.20150826.YRI.exome.cram.crai	md5:13952110f5a2e2e767b92c1e0a6258bc	md5:b34b15b8562d86b0ff0669bf0b0ecfc4	GRCh38DH	paired	new_library_overlap	same_resource_confirmation
1000G_SAME_RESOURCE	NA18504	NA18504	wes	cram	https://ftp.1000genomes.ebi.ac.uk/vol1/ftp/data_collections/1000_genomes_project/data/YRI/NA18504/exome_alignment/NA18504.alt_bwamem_GRCh38DH.20150826.YRI.exome.cram	https://ftp.1000genomes.ebi.ac.uk/vol1/ftp/data_collections/1000_genomes_project/data/YRI/NA18504/exome_alignment/NA18504.alt_bwamem_GRCh38DH.20150826.YRI.exome.cram.crai	md5:83834b34ee55d550e8145cb3aaccfde0	md5:f9481ae7b41122971efa1b9fc23c72dc	GRCh38DH	paired	new_library_overlap	same_resource_confirmation
1000G_SAME_RESOURCE	NA18505	NA18505	wes	cram	https://ftp.1000genomes.ebi.ac.uk/vol1/ftp/data_collections/1000_genomes_project/data/YRI/NA18505/exome_alignment/NA18505.alt_bwamem_GRCh38DH.20150826.YRI.exome.cram	https://ftp.1000genomes.ebi.ac.uk/vol1/ftp/data_collections/1000_genomes_project/data/YRI/NA18505/exome_alignment/NA18505.alt_bwamem_GRCh38DH.20150826.YRI.exome.cram.crai	md5:2986838ce397993c17e2b4bfb6beab85	md5:5a94bec57b04f66108634673d88c35d4	GRCh38DH	paired	new_library_overlap	same_resource_confirmation
1000G_SAME_RESOURCE	NA18507	NA18507	wes	cram	https://ftp.1000genomes.ebi.ac.uk/vol1/ftp/data_collections/1000_genomes_project/data/YRI/NA18507/exome_alignment/NA18507.alt_bwamem_GRCh38DH.20150826.YRI.exome.cram	https://ftp.1000genomes.ebi.ac.uk/vol1/ftp/data_collections/1000_genomes_project/data/YRI/NA18507/exome_alignment/NA18507.alt_bwamem_GRCh38DH.20150826.YRI.exome.cram.crai	md5:4a90fa12463bfa67120d62cedec29787	md5:b256a49974c9d9620fd20300b87cf519	GRCh38DH	paired	new_library_overlap	same_resource_confirmation
1000G_SAME_RESOURCE	NA18508	NA18508	wes	cram	https://ftp.1000genomes.ebi.ac.uk/vol1/ftp/data_collections/1000_genomes_project/data/YRI/NA18508/exome_alignment/NA18508.alt_bwamem_GRCh38DH.20150826.YRI.exome.cram	https://ftp.1000genomes.ebi.ac.uk/vol1/ftp/data_collections/1000_genomes_project/data/YRI/NA18508/exome_alignment/NA18508.alt_bwamem_GRCh38DH.20150826.YRI.exome.cram.crai	md5:5184491cc1542169a1d15ed558d28fe7	md5:2eb0285a1a228e068d123d571e33d0ce	GRCh38DH	paired	new_library_overlap	same_resource_confirmation
1000G_SAME_RESOURCE	NA18510	NA18510	wes	cram	https://ftp.1000genomes.ebi.ac.uk/vol1/ftp/data_collections/1000_genomes_project/data/YRI/NA18510/exome_alignment/NA18510.alt_bwamem_GRCh38DH.20150826.YRI.exome.cram	https://ftp.1000genomes.ebi.ac.uk/vol1/ftp/data_collections/1000_genomes_project/data/YRI/NA18510/exome_alignment/NA18510.alt_bwamem_GRCh38DH.20150826.YRI.exome.cram.crai	md5:14ce8a63e41fca54c6642072cc565e23	md5:fea4dae87b1d6774f99354b559e719a1	GRCh38DH	paired	new_library_overlap	same_resource_confirmation
1000G_SAME_RESOURCE	NA18511	NA18511	wes	cram	https://ftp.1000genomes.ebi.ac.uk/vol1/ftp/data_collections/1000_genomes_project/data/YRI/NA18511/exome_alignment/NA18511.alt_bwamem_GRCh38DH.20150826.YRI.exome.cram	https://ftp.1000genomes.ebi.ac.uk/vol1/ftp/data_collections/1000_genomes_project/data/YRI/NA18511/exome_alignment/NA18511.alt_bwamem_GRCh38DH.20150826.YRI.exome.cram.crai	md5:2315c6f2e8e7ac542693e981d7b5038c	md5:9470b5d932813e8ea994ecba865fccbd	GRCh38DH	paired	new_library_overlap	same_resource_confirmation
1000G_SAME_RESOURCE	NA18516	NA18516	wes	cram	https://ftp.1000genomes.ebi.ac.uk/vol1/ftp/data_collections/1000_genomes_project/data/YRI/NA18516/exome_alignment/NA18516.alt_bwamem_GRCh38DH.20150826.YRI.exome.cram	https://ftp.1000genomes.ebi.ac.uk/vol1/ftp/data_collections/1000_genomes_project/data/YRI/NA18516/exome_alignment/NA18516.alt_bwamem_GRCh38DH.20150826.YRI.exome.cram.crai	md5:1d05d1679e8dae7a263157689ecf3949	md5:b15682260fb266cdbfdbe808e1b16159	GRCh38DH	paired	new_library_overlap	same_resource_confirmation
1000G_SAME_RESOURCE	NA18517	NA18517	wes	cram	https://ftp.1000genomes.ebi.ac.uk/vol1/ftp/data_collections/1000_genomes_project/data/YRI/NA18517/exome_alignment/NA18517.alt_bwamem_GRCh38DH.20150826.YRI.exome.cram	https://ftp.1000genomes.ebi.ac.uk/vol1/ftp/data_collections/1000_genomes_project/data/YRI/NA18517/exome_alignment/NA18517.alt_bwamem_GRCh38DH.20150826.YRI.exome.cram.crai	md5:1f8a7d6d3603961f6edd8b550cbf978a	md5:ecf365603e84f3e4b53099d8f52d4b9b	GRCh38DH	paired	new_library_overlap	same_resource_confirmation
1000G_SAME_RESOURCE	NA18522	NA18522	wes	cram	https://ftp.1000genomes.ebi.ac.uk/vol1/ftp/data_collections/1000_genomes_project/data/YRI/NA18522/exome_alignment/NA18522.alt_bwamem_GRCh38DH.20150826.YRI.exome.cram	https://ftp.1000genomes.ebi.ac.uk/vol1/ftp/data_collections/1000_genomes_project/data/YRI/NA18522/exome_alignment/NA18522.alt_bwamem_GRCh38DH.20150826.YRI.exome.cram.crai	md5:09d74dbed41a603d549cbe6ffd0a79ac	md5:db7f36719c4e1517d77ab62fe98ed2b3	GRCh38DH	paired	new_library_overlap	same_resource_confirmation
1000G_SAME_RESOURCE	NA18523	NA18523	wes	cram	https://ftp.1000genomes.ebi.ac.uk/vol1/ftp/data_collections/1000_genomes_project/data/YRI/NA18523/exome_alignment/NA18523.alt_bwamem_GRCh38DH.20150826.YRI.exome.cram	https://ftp.1000genomes.ebi.ac.uk/vol1/ftp/data_collections/1000_genomes_project/data/YRI/NA18523/exome_alignment/NA18523.alt_bwamem_GRCh38DH.20150826.YRI.exome.cram.crai	md5:aeac3a7646d5b29005fea5bd846421a3	md5:e79b17c7196a8f893763708f092422a2	GRCh38DH	paired	new_library_overlap	same_resource_confirmation
1000G_SAME_RESOURCE	NA18526	NA18526	wes	cram	https://ftp.1000genomes.ebi.ac.uk/vol1/ftp/data_collections/1000_genomes_project/data/CHB/NA18526/exome_alignment/NA18526.alt_bwamem_GRCh38DH.20150826.CHB.exome.cram	https://ftp.1000genomes.ebi.ac.uk/vol1/ftp/data_collections/1000_genomes_project/data/CHB/NA18526/exome_alignment/NA18526.alt_bwamem_GRCh38DH.20150826.CHB.exome.cram.crai	md5:599e3541ad2b002321bfc7ce646ebc16	md5:ee13b6e534d1aa94d1512211407c909a	GRCh38DH	paired	new_library_overlap	same_resource_confirmation
1000G_SAME_RESOURCE	NA18530	NA18530	wes	cram	https://ftp.1000genomes.ebi.ac.uk/vol1/ftp/data_collections/1000_genomes_project/data/CHB/NA18530/exome_alignment/NA18530.alt_bwamem_GRCh38DH.20150826.CHB.exome.cram	https://ftp.1000genomes.ebi.ac.uk/vol1/ftp/data_collections/1000_genomes_project/data/CHB/NA18530/exome_alignment/NA18530.alt_bwamem_GRCh38DH.20150826.CHB.exome.cram.crai	md5:d0b26d3714fef00120ffc7b315d4c493	md5:43e68617d11068888189079164b45ec3	GRCh38DH	paired	new_library_overlap	same_resource_confirmation
1000G_SAME_RESOURCE	NA18532	NA18532	wes	cram	https://ftp.1000genomes.ebi.ac.uk/vol1/ftp/data_collections/1000_genomes_project/data/CHB/NA18532/exome_alignment/NA18532.alt_bwamem_GRCh38DH.20150826.CHB.exome.cram	https://ftp.1000genomes.ebi.ac.uk/vol1/ftp/data_collections/1000_genomes_project/data/CHB/NA18532/exome_alignment/NA18532.alt_bwamem_GRCh38DH.20150826.CHB.exome.cram.crai	md5:eb9f0df414a4cda2fe213acbac649b2b	md5:ed878da3be2e5ef8147b563abca4c6d1	GRCh38DH	paired	new_library_overlap	same_resource_confirmation
1000G_SAME_RESOURCE	NA18534	NA18534	wes	cram	https://ftp.1000genomes.ebi.ac.uk/vol1/ftp/data_collections/1000_genomes_project/data/CHB/NA18534/exome_alignment/NA18534.alt_bwamem_GRCh38DH.20150826.CHB.exome.cram	https://ftp.1000genomes.ebi.ac.uk/vol1/ftp/data_collections/1000_genomes_project/data/CHB/NA18534/exome_alignment/NA18534.alt_bwamem_GRCh38DH.20150826.CHB.exome.cram.crai	md5:56e8de04466aba23ab5acbaf1c087045	md5:74d83a06a09d352ee3b80a01fcd9d30b	GRCh38DH	paired	new_library_overlap	same_resource_confirmation
1000G_SAME_RESOURCE	NA18536	NA18536	wes	cram	https://ftp.1000genomes.ebi.ac.uk/vol1/ftp/data_collections/1000_genomes_project/data/CHB/NA18536/exome_alignment/NA18536.alt_bwamem_GRCh38DH.20150826.CHB.exome.cram	https://ftp.1000genomes.ebi.ac.uk/vol1/ftp/data_collections/1000_genomes_project/data/CHB/NA18536/exome_alignment/NA18536.alt_bwamem_GRCh38DH.20150826.CHB.exome.cram.crai	md5:ebac997eb260414b57b32153f9e5761b	md5:e052395aa843f6b644a15f6b349331ef	GRCh38DH	paired	new_library_overlap	same_resource_confirmation
1000G_SAME_RESOURCE	NA18537	NA18537	wes	cram	https://ftp.1000genomes.ebi.ac.uk/vol1/ftp/data_collections/1000_genomes_project/data/CHB/NA18537/exome_alignment/NA18537.alt_bwamem_GRCh38DH.20150826.CHB.exome.cram	https://ftp.1000genomes.ebi.ac.uk/vol1/ftp/data_collections/1000_genomes_project/data/CHB/NA18537/exome_alignment/NA18537.alt_bwamem_GRCh38DH.20150826.CHB.exome.cram.crai	md5:d8f6e2320172ae9f6e3739e5a759c042	md5:078da270c5770ab95c54d77dc1f11a5e	GRCh38DH	paired	new_library_overlap	same_resource_confirmation
1000G_SAME_RESOURCE	NA18542	NA18542	wes	cram	https://ftp.1000genomes.ebi.ac.uk/vol1/ftp/data_collections/1000_genomes_project/data/CHB/NA18542/exome_alignment/NA18542.alt_bwamem_GRCh38DH.20150826.CHB.exome.cram	https://ftp.1000genomes.ebi.ac.uk/vol1/ftp/data_collections/1000_genomes_project/data/CHB/NA18542/exome_alignment/NA18542.alt_bwamem_GRCh38DH.20150826.CHB.exome.cram.crai	md5:2c3def834a93fba402e5eb4ea38e7bb1	md5:78efff6f346377760d6ae1702b4c1402	GRCh38DH	paired	new_library_overlap	same_resource_confirmation
1000G_SAME_RESOURCE	NA18543	NA18543	wes	cram	https://ftp.1000genomes.ebi.ac.uk/vol1/ftp/data_collections/1000_genomes_project/data/CHB/NA18543/exome_alignment/NA18543.alt_bwamem_GRCh38DH.20150826.CHB.exome.cram	https://ftp.1000genomes.ebi.ac.uk/vol1/ftp/data_collections/1000_genomes_project/data/CHB/NA18543/exome_alignment/NA18543.alt_bwamem_GRCh38DH.20150826.CHB.exome.cram.crai	md5:25037a8cf5ec00bce837f214249a8a16	md5:57df835801b0037da5173794a49a2b77	GRCh38DH	paired	new_library_overlap	same_resource_confirmation
1000G_SAME_RESOURCE	NA18544	NA18544	wes	cram	https://ftp.1000genomes.ebi.ac.uk/vol1/ftp/data_collections/1000_genomes_project/data/CHB/NA18544/exome_alignment/NA18544.alt_bwamem_GRCh38DH.20150826.CHB.exome.cram	https://ftp.1000genomes.ebi.ac.uk/vol1/ftp/data_collections/1000_genomes_project/data/CHB/NA18544/exome_alignment/NA18544.alt_bwamem_GRCh38DH.20150826.CHB.exome.cram.crai	md5:566b63e9f5248320c16ef1a8c608b9dc	md5:f7ab9ceafac6ed525acf018990a78784	GRCh38DH	paired	new_library_overlap	same_resource_confirmation
1000G_SAME_RESOURCE	NA18545	NA18545	wes	cram	https://ftp.1000genomes.ebi.ac.uk/vol1/ftp/data_collections/1000_genomes_project/data/CHB/NA18545/exome_alignment/NA18545.alt_bwamem_GRCh38DH.20150826.CHB.exome.cram	https://ftp.1000genomes.ebi.ac.uk/vol1/ftp/data_collections/1000_genomes_project/data/CHB/NA18545/exome_alignment/NA18545.alt_bwamem_GRCh38DH.20150826.CHB.exome.cram.crai	md5:03bae040f873ba2a45777c9725643773	md5:88806fc5e513b6f028079aade59cf48a	GRCh38DH	paired	new_library_overlap	same_resource_confirmation
1000G_SAME_RESOURCE	NA18858	NA18858	wes	cram	https://ftp.1000genomes.ebi.ac.uk/vol1/ftp/data_collections/1000_genomes_project/data/YRI/NA18858/exome_alignment/NA18858.alt_bwamem_GRCh38DH.20150826.YRI.exome.cram	https://ftp.1000genomes.ebi.ac.uk/vol1/ftp/data_collections/1000_genomes_project/data/YRI/NA18858/exome_alignment/NA18858.alt_bwamem_GRCh38DH.20150826.YRI.exome.cram.crai	md5:78480719d2a92caebea295cf874c0e73	md5:b0524ec89e2ebe68348df65f607afeca	GRCh38DH	paired	new_library_overlap	same_resource_confirmation
1000G_SAME_RESOURCE	NA18861	NA18861	wes	cram	https://ftp.1000genomes.ebi.ac.uk/vol1/ftp/data_collections/1000_genomes_project/data/YRI/NA18861/exome_alignment/NA18861.alt_bwamem_GRCh38DH.20150826.YRI.exome.cram	https://ftp.1000genomes.ebi.ac.uk/vol1/ftp/data_collections/1000_genomes_project/data/YRI/NA18861/exome_alignment/NA18861.alt_bwamem_GRCh38DH.20150826.YRI.exome.cram.crai	md5:fa3c5885631764abaaf2c2bc8df627c6	md5:605bd582d351df0b57a38ae42906cf52	GRCh38DH	paired	new_library_overlap	same_resource_confirmation
1000G_SAME_RESOURCE	NA19093	NA19093	wes	cram	https://ftp.1000genomes.ebi.ac.uk/vol1/ftp/data_collections/1000_genomes_project/data/YRI/NA19093/exome_alignment/NA19093.alt_bwamem_GRCh38DH.20150826.YRI.exome.cram	https://ftp.1000genomes.ebi.ac.uk/vol1/ftp/data_collections/1000_genomes_project/data/YRI/NA19093/exome_alignment/NA19093.alt_bwamem_GRCh38DH.20150826.YRI.exome.cram.crai	md5:9066fcbdf2bff244b149710b8288a461	md5:66adc587aeaa52e762b2d1e6c26e57eb	GRCh38DH	paired	new_library_overlap	same_resource_confirmation
1000G_SAME_RESOURCE	NA19099	NA19099	wes	cram	https://ftp.1000genomes.ebi.ac.uk/vol1/ftp/data_collections/1000_genomes_project/data/YRI/NA19099/exome_alignment/NA19099.alt_bwamem_GRCh38DH.20150826.YRI.exome.cram	https://ftp.1000genomes.ebi.ac.uk/vol1/ftp/data_collections/1000_genomes_project/data/YRI/NA19099/exome_alignment/NA19099.alt_bwamem_GRCh38DH.20150826.YRI.exome.cram.crai	md5:e36f7110fe3dcbc672e84832007580cf	md5:712fc149029e1698e432acfd8aeda31f	GRCh38DH	paired	new_library_overlap	same_resource_confirmation
1000G_SAME_RESOURCE	NA19116	NA19116	wes	cram	https://ftp.1000genomes.ebi.ac.uk/vol1/ftp/data_collections/1000_genomes_project/data/YRI/NA19116/exome_alignment/NA19116.alt_bwamem_GRCh38DH.20150826.YRI.exome.cram	https://ftp.1000genomes.ebi.ac.uk/vol1/ftp/data_collections/1000_genomes_project/data/YRI/NA19116/exome_alignment/NA19116.alt_bwamem_GRCh38DH.20150826.YRI.exome.cram.crai	md5:8bd4975c8bf12ff82aa151bd8e543e5a	md5:d13e0b5a4f767f39cfccb6c11ac6cab6	GRCh38DH	paired	new_library_overlap	same_resource_confirmation
1000G_SAME_RESOURCE	NA19119	NA19119	wes	cram	https://ftp.1000genomes.ebi.ac.uk/vol1/ftp/data_collections/1000_genomes_project/data/YRI/NA19119/exome_alignment/NA19119.alt_bwamem_GRCh38DH.20150826.YRI.exome.cram	https://ftp.1000genomes.ebi.ac.uk/vol1/ftp/data_collections/1000_genomes_project/data/YRI/NA19119/exome_alignment/NA19119.alt_bwamem_GRCh38DH.20150826.YRI.exome.cram.crai	md5:1856157312c6d6bbb7ad65dfcef5a3d5	md5:933e6b6db1e1b7064f2a72eb5f5ff5ab	GRCh38DH	paired	new_library_overlap	same_resource_confirmation
1000G_SAME_RESOURCE	NA19129	NA19129	wes	cram	https://ftp.1000genomes.ebi.ac.uk/vol1/ftp/data_collections/1000_genomes_project/data/YRI/NA19129/exome_alignment/NA19129.alt_bwamem_GRCh38DH.20150826.YRI.exome.cram	https://ftp.1000genomes.ebi.ac.uk/vol1/ftp/data_collections/1000_genomes_project/data/YRI/NA19129/exome_alignment/NA19129.alt_bwamem_GRCh38DH.20150826.YRI.exome.cram.crai	md5:56f3f1bf4a9cd8b8b12c6c63e845537d	md5:9adbd195aad89ecc13ffc6331e5c73e0	GRCh38DH	paired	new_library_overlap	same_resource_confirmation
1000G_SAME_RESOURCE	NA19130	NA19130	wes	cram	https://ftp.1000genomes.ebi.ac.uk/vol1/ftp/data_collections/1000_genomes_project/data/YRI/NA19130/exome_alignment/NA19130.alt_bwamem_GRCh38DH.20150826.YRI.exome.cram	https://ftp.1000genomes.ebi.ac.uk/vol1/ftp/data_collections/1000_genomes_project/data/YRI/NA19130/exome_alignment/NA19130.alt_bwamem_GRCh38DH.20150826.YRI.exome.cram.crai	md5:3177ea5ac2a729adf5537d39dc9b4b86	md5:f627edfbc0cebc83f217b0d36f17a2e1	GRCh38DH	paired	new_library_overlap	same_resource_confirmation
1000G_SAME_RESOURCE	NA19131	NA19131	wes	cram	https://ftp.1000genomes.ebi.ac.uk/vol1/ftp/data_collections/1000_genomes_project/data/YRI/NA19131/exome_alignment/NA19131.alt_bwamem_GRCh38DH.20150826.YRI.exome.cram	https://ftp.1000genomes.ebi.ac.uk/vol1/ftp/data_collections/1000_genomes_project/data/YRI/NA19131/exome_alignment/NA19131.alt_bwamem_GRCh38DH.20150826.YRI.exome.cram.crai	md5:2546f46f8ec23d29cc565b10d1579f05	md5:799bf86fdd5570de32a21e85e3795e40	GRCh38DH	paired	new_library_overlap	same_resource_confirmation
1000G_SAME_RESOURCE	NA19152	NA19152	wes	cram	https://ftp.1000genomes.ebi.ac.uk/vol1/ftp/data_collections/1000_genomes_project/data/YRI/NA19152/exome_alignment/NA19152.alt_bwamem_GRCh38DH.20150826.YRI.exome.cram	https://ftp.1000genomes.ebi.ac.uk/vol1/ftp/data_collections/1000_genomes_project/data/YRI/NA19152/exome_alignment/NA19152.alt_bwamem_GRCh38DH.20150826.YRI.exome.cram.crai	md5:f1ff451ea7efe362600a3e4f6f059e39	md5:ae560d845c4461306126ab0ac67ee088	GRCh38DH	paired	new_library_overlap	same_resource_confirmation
1000G_SAME_RESOURCE	NA19153	NA19153	wes	cram	https://ftp.1000genomes.ebi.ac.uk/vol1/ftp/data_collections/1000_genomes_project/data/YRI/NA19153/exome_alignment/NA19153.alt_bwamem_GRCh38DH.20150826.YRI.exome.cram	https://ftp.1000genomes.ebi.ac.uk/vol1/ftp/data_collections/1000_genomes_project/data/YRI/NA19153/exome_alignment/NA19153.alt_bwamem_GRCh38DH.20150826.YRI.exome.cram.crai	md5:55898911d1cdaeb984b923e790f4a208	md5:bc70455a547ed77bd0dff9881ab2826e	GRCh38DH	paired	new_library_overlap	same_resource_confirmation
1000G_SAME_RESOURCE	NA19209	NA19209	wes	cram	https://ftp.1000genomes.ebi.ac.uk/vol1/ftp/data_collections/1000_genomes_project/data/YRI/NA19209/exome_alignment/NA19209.alt_bwamem_GRCh38DH.20150826.YRI.exome.cram	https://ftp.1000genomes.ebi.ac.uk/vol1/ftp/data_collections/1000_genomes_project/data/YRI/NA19209/exome_alignment/NA19209.alt_bwamem_GRCh38DH.20150826.YRI.exome.cram.crai	md5:886b869741aa4e37ebc0ee2dabd1c76b	md5:5f7ece404621ddf98bda46f32c7ea202	GRCh38DH	paired	new_library_overlap	same_resource_confirmation
1000G_SAME_RESOURCE	NA19210	NA19210	wes	cram	https://ftp.1000genomes.ebi.ac.uk/vol1/ftp/data_collections/1000_genomes_project/data/YRI/NA19210/exome_alignment/NA19210.alt_bwamem_GRCh38DH.20150826.YRI.exome.cram	https://ftp.1000genomes.ebi.ac.uk/vol1/ftp/data_collections/1000_genomes_project/data/YRI/NA19210/exome_alignment/NA19210.alt_bwamem_GRCh38DH.20150826.YRI.exome.cram.crai	md5:fa93960e045a207424e3e747f73306d0	md5:b32d4522f5e3dfa1b42fba14b4d120b0	GRCh38DH	paired	new_library_overlap	same_resource_confirmation
1000G_SAME_RESOURCE	NA20502	NA20502	wes	cram	https://ftp.1000genomes.ebi.ac.uk/vol1/ftp/data_collections/1000_genomes_project/data/TSI/NA20502/exome_alignment/NA20502.alt_bwamem_GRCh38DH.20150826.TSI.exome.cram	https://ftp.1000genomes.ebi.ac.uk/vol1/ftp/data_collections/1000_genomes_project/data/TSI/NA20502/exome_alignment/NA20502.alt_bwamem_GRCh38DH.20150826.TSI.exome.cram.crai	md5:83ed7aaded3fcbb73e80aa1db22e7c69	md5:76745772e93619ffea761027e271607c	GRCh38DH	paired	new_library_overlap	same_resource_confirmation
1000G_SAME_RESOURCE	NA20503	NA20503	wes	cram	https://ftp.1000genomes.ebi.ac.uk/vol1/ftp/data_collections/1000_genomes_project/data/TSI/NA20503/exome_alignment/NA20503.alt_bwamem_GRCh38DH.20150826.TSI.exome.cram	https://ftp.1000genomes.ebi.ac.uk/vol1/ftp/data_collections/1000_genomes_project/data/TSI/NA20503/exome_alignment/NA20503.alt_bwamem_GRCh38DH.20150826.TSI.exome.cram.crai	md5:fa5f18897d50654308ae4748228f5787	md5:f154d1d5150334ba7ade70c74585043b	GRCh38DH	paired	new_library_overlap	same_resource_confirmation
1000G_SAME_RESOURCE	NA20504	NA20504	wes	cram	https://ftp.1000genomes.ebi.ac.uk/vol1/ftp/data_collections/1000_genomes_project/data/TSI/NA20504/exome_alignment/NA20504.alt_bwamem_GRCh38DH.20150826.TSI.exome.cram	https://ftp.1000genomes.ebi.ac.uk/vol1/ftp/data_collections/1000_genomes_project/data/TSI/NA20504/exome_alignment/NA20504.alt_bwamem_GRCh38DH.20150826.TSI.exome.cram.crai	md5:9c9c6510e0145f3e551fc89c5d59953f	md5:008a327ab0dbbbc8cf86b37ed4735c98	GRCh38DH	paired	new_library_overlap	same_resource_confirmation
1000G_SAME_RESOURCE	NA20505	NA20505	wes	cram	https://ftp.1000genomes.ebi.ac.uk/vol1/ftp/data_collections/1000_genomes_project/data/TSI/NA20505/exome_alignment/NA20505.alt_bwamem_GRCh38DH.20150826.TSI.exome.cram	https://ftp.1000genomes.ebi.ac.uk/vol1/ftp/data_collections/1000_genomes_project/data/TSI/NA20505/exome_alignment/NA20505.alt_bwamem_GRCh38DH.20150826.TSI.exome.cram.crai	md5:41358f1085f8dc4d318927a250c2b570	md5:d9e616963e46378a481a162c9d6c2458	GRCh38DH	paired	new_library_overlap	same_resource_confirmation
1000G_SAME_RESOURCE	NA20506	NA20506	wes	cram	https://ftp.1000genomes.ebi.ac.uk/vol1/ftp/data_collections/1000_genomes_project/data/TSI/NA20506/exome_alignment/NA20506.alt_bwamem_GRCh38DH.20150826.TSI.exome.cram	https://ftp.1000genomes.ebi.ac.uk/vol1/ftp/data_collections/1000_genomes_project/data/TSI/NA20506/exome_alignment/NA20506.alt_bwamem_GRCh38DH.20150826.TSI.exome.cram.crai	md5:fcc9dc2a7227fec2efb673f248a1a418	md5:cc9f53e328669266b026a61b5680e46e	GRCh38DH	paired	new_library_overlap	same_resource_confirmation
1000G_SAME_RESOURCE	NA20507	NA20507	wes	cram	https://ftp.1000genomes.ebi.ac.uk/vol1/ftp/data_collections/1000_genomes_project/data/TSI/NA20507/exome_alignment/NA20507.alt_bwamem_GRCh38DH.20150826.TSI.exome.cram	https://ftp.1000genomes.ebi.ac.uk/vol1/ftp/data_collections/1000_genomes_project/data/TSI/NA20507/exome_alignment/NA20507.alt_bwamem_GRCh38DH.20150826.TSI.exome.cram.crai	md5:eacc1f88ce5dde098636fadf5a97deba	md5:aa6dba450b1677c77a44dde1e5da7219	GRCh38DH	paired	new_library_overlap	same_resource_confirmation
1000G_SAME_RESOURCE	NA20508	NA20508	wes	cram	https://ftp.1000genomes.ebi.ac.uk/vol1/ftp/data_collections/1000_genomes_project/data/TSI/NA20508/exome_alignment/NA20508.alt_bwamem_GRCh38DH.20150826.TSI.exome.cram	https://ftp.1000genomes.ebi.ac.uk/vol1/ftp/data_collections/1000_genomes_project/data/TSI/NA20508/exome_alignment/NA20508.alt_bwamem_GRCh38DH.20150826.TSI.exome.cram.crai	md5:0a9a8cb29af00959822285125eb7817b	md5:d698350b565f89d645d7f889ba04df7d	GRCh38DH	paired	new_library_overlap	same_resource_confirmation
1000G_SAME_RESOURCE	NA20509	NA20509	wes	cram	https://ftp.1000genomes.ebi.ac.uk/vol1/ftp/data_collections/1000_genomes_project/data/TSI/NA20509/exome_alignment/NA20509.alt_bwamem_GRCh38DH.20150826.TSI.exome.cram	https://ftp.1000genomes.ebi.ac.uk/vol1/ftp/data_collections/1000_genomes_project/data/TSI/NA20509/exome_alignment/NA20509.alt_bwamem_GRCh38DH.20150826.TSI.exome.cram.crai	md5:318ceb39cadcb37e906608fa7ffb9d0c	md5:e07f4fb51a1816df02aad13c8699cf40	GRCh38DH	paired	new_library_overlap	same_resource_confirmation
1000G_SAME_RESOURCE	NA20510	NA20510	wes	cram	https://ftp.1000genomes.ebi.ac.uk/vol1/ftp/data_collections/1000_genomes_project/data/TSI/NA20510/exome_alignment/NA20510.alt_bwamem_GRCh38DH.20150826.TSI.exome.cram	https://ftp.1000genomes.ebi.ac.uk/vol1/ftp/data_collections/1000_genomes_project/data/TSI/NA20510/exome_alignment/NA20510.alt_bwamem_GRCh38DH.20150826.TSI.exome.cram.crai	md5:396d17c9f9c6fbf3312964850fddf952	md5:2ee4b29f8e4d3c717233e19171614014	GRCh38DH	paired	new_library_overlap	same_resource_confirmation
1000G_SAME_RESOURCE	NA20512	NA20512	wes	cram	https://ftp.1000genomes.ebi.ac.uk/vol1/ftp/data_collections/1000_genomes_project/data/TSI/NA20512/exome_alignment/NA20512.alt_bwamem_GRCh38DH.20150826.TSI.exome.cram	https://ftp.1000genomes.ebi.ac.uk/vol1/ftp/data_collections/1000_genomes_project/data/TSI/NA20512/exome_alignment/NA20512.alt_bwamem_GRCh38DH.20150826.TSI.exome.cram.crai	md5:337f14fd0011e1363ea15dbb51a485b2	md5:6b06d8feceed50a5de10cb57e3373ea3	GRCh38DH	paired	new_library_overlap	same_resource_confirmation
1000G_SAME_RESOURCE	NA20513	NA20513	wes	cram	https://ftp.1000genomes.ebi.ac.uk/vol1/ftp/data_collections/1000_genomes_project/data/TSI/NA20513/exome_alignment/NA20513.alt_bwamem_GRCh38DH.20150826.TSI.exome.cram	https://ftp.1000genomes.ebi.ac.uk/vol1/ftp/data_collections/1000_genomes_project/data/TSI/NA20513/exome_alignment/NA20513.alt_bwamem_GRCh38DH.20150826.TSI.exome.cram.crai	md5:62c4b7488656f877d24a67de824d82de	md5:9c309307634cf425b868ac23bde257d9	GRCh38DH	paired	new_library_overlap	same_resource_confirmation
1000G_SAME_RESOURCE	NA20514	NA20514	wes	cram	https://ftp.1000genomes.ebi.ac.uk/vol1/ftp/data_collections/1000_genomes_project/data/TSI/NA20514/exome_alignment/NA20514.alt_bwamem_GRCh38DH.20150826.TSI.exome.cram	https://ftp.1000genomes.ebi.ac.uk/vol1/ftp/data_collections/1000_genomes_project/data/TSI/NA20514/exome_alignment/NA20514.alt_bwamem_GRCh38DH.20150826.TSI.exome.cram.crai	md5:aae9f38e9a97e73cb1453e16dbe6c1d3	md5:e3e1b12a08005e76bb0804c1629369f0	GRCh38DH	paired	new_library_overlap	same_resource_confirmation
1000G_SAME_RESOURCE	NA20515	NA20515	wes	cram	https://ftp.1000genomes.ebi.ac.uk/vol1/ftp/data_collections/1000_genomes_project/data/TSI/NA20515/exome_alignment/NA20515.alt_bwamem_GRCh38DH.20150826.TSI.exome.cram	https://ftp.1000genomes.ebi.ac.uk/vol1/ftp/data_collections/1000_genomes_project/data/TSI/NA20515/exome_alignment/NA20515.alt_bwamem_GRCh38DH.20150826.TSI.exome.cram.crai	md5:f025e104c0d2978f2c73c15ead86e16e	md5:9bd126fb6e1d61c7752ca3d38727ebc9	GRCh38DH	paired	new_library_overlap	same_resource_confirmation
1000G_SAME_RESOURCE	NA20516	NA20516	wes	cram	https://ftp.1000genomes.ebi.ac.uk/vol1/ftp/data_collections/1000_genomes_project/data/TSI/NA20516/exome_alignment/NA20516.alt_bwamem_GRCh38DH.20150826.TSI.exome.cram	https://ftp.1000genomes.ebi.ac.uk/vol1/ftp/data_collections/1000_genomes_project/data/TSI/NA20516/exome_alignment/NA20516.alt_bwamem_GRCh38DH.20150826.TSI.exome.cram.crai	md5:c2863255f34d6aa0564817ff41cfa52d	md5:fe71d334e6bda316a9000caff88d03fb	GRCh38DH	paired	new_library_overlap	same_resource_confirmation
1000G_SAME_RESOURCE	NA20519	NA20519	wes	cram	https://ftp.1000genomes.ebi.ac.uk/vol1/ftp/data_collections/1000_genomes_project/data/TSI/NA20519/exome_alignment/NA20519.alt_bwamem_GRCh38DH.20150826.TSI.exome.cram	https://ftp.1000genomes.ebi.ac.uk/vol1/ftp/data_collections/1000_genomes_project/data/TSI/NA20519/exome_alignment/NA20519.alt_bwamem_GRCh38DH.20150826.TSI.exome.cram.crai	md5:60d84b96a0e2666d7ef4903967c4a8ec	md5:ef69ca3543862e5c7d5faaf255784386	GRCh38DH	paired	new_library_overlap	same_resource_confirmation
1000G_SAME_RESOURCE	NA20521	NA20521	wes	cram	https://ftp.1000genomes.ebi.ac.uk/vol1/ftp/data_collections/1000_genomes_project/data/TSI/NA20521/exome_alignment/NA20521.alt_bwamem_GRCh38DH.20150826.TSI.exome.cram	https://ftp.1000genomes.ebi.ac.uk/vol1/ftp/data_collections/1000_genomes_project/data/TSI/NA20521/exome_alignment/NA20521.alt_bwamem_GRCh38DH.20150826.TSI.exome.cram.crai	md5:fb34af0c7de86a3f27ce6bf13cc1b32b	md5:0fac43c2940d11928ac03f08c80762e9	GRCh38DH	paired	new_library_overlap	same_resource_confirmation
1000G_SAME_RESOURCE	NA20528	NA20528	wes	cram	https://ftp.1000genomes.ebi.ac.uk/vol1/ftp/data_collections/1000_genomes_project/data/TSI/NA20528/exome_alignment/NA20528.alt_bwamem_GRCh38DH.20150826.TSI.exome.cram	https://ftp.1000genomes.ebi.ac.uk/vol1/ftp/data_collections/1000_genomes_project/data/TSI/NA20528/exome_alignment/NA20528.alt_bwamem_GRCh38DH.20150826.TSI.exome.cram.crai	md5:7261f17957cb0a029afe16575aed1090	md5:fff2b6b823fc4f7e7995eda1c3f99e16	GRCh38DH	paired	new_library_overlap	same_resource_confirmation
1000G_SAME_RESOURCE	HG00096	HG00096	wgs	cram	https://ftp.sra.ebi.ac.uk/vol1/run/ERR324/ERR3240114/HG00096.final.cram	https://ftp.sra.ebi.ac.uk/vol1/run/ERR324/ERR3240114/HG00096.final.cram.crai	md5:3638c36cd3af7c60214fab97956d844e	md5:d3354f61a055adfcfc988470bc507b2d	GRCh38DH	paired	new_library_overlap	same_resource_confirmation
1000G_SAME_RESOURCE	HG00097	HG00097	wgs	cram	https://ftp.sra.ebi.ac.uk/vol1/run/ERR324/ERR3240115/HG00097.final.cram	https://ftp.sra.ebi.ac.uk/vol1/run/ERR324/ERR3240115/HG00097.final.cram.crai	md5:286264535132a74b2a5e0087d2d9a721	md5:951197ec39ef83f8be8eadafc88ce2fc	GRCh38DH	paired	new_library_overlap	same_resource_confirmation
1000G_SAME_RESOURCE	HG00099	HG00099	wgs	cram	https://ftp.sra.ebi.ac.uk/vol1/run/ERR324/ERR3240116/HG00099.final.cram	https://ftp.sra.ebi.ac.uk/vol1/run/ERR324/ERR3240116/HG00099.final.cram.crai	md5:dd8ea38de04df0c8604149a3cdf7ac3d	md5:83eb1c632542d574535681978a7ff450	GRCh38DH	paired	new_library_overlap	same_resource_confirmation
1000G_SAME_RESOURCE	HG00100	HG00100	wgs	cram	https://ftp.sra.ebi.ac.uk/vol1/run/ERR324/ERR3240117/HG00100.final.cram	https://ftp.sra.ebi.ac.uk/vol1/run/ERR324/ERR3240117/HG00100.final.cram.crai	md5:3db32f13bd5b8a4afbd6def21a57960e	md5:05113ae6aca6870f29962612001a3a3d	GRCh38DH	paired	new_library_overlap	same_resource_confirmation
1000G_SAME_RESOURCE	HG00101	HG00101	wgs	cram	https://ftp.sra.ebi.ac.uk/vol1/run/ERR324/ERR3240118/HG00101.final.cram	https://ftp.sra.ebi.ac.uk/vol1/run/ERR324/ERR3240118/HG00101.final.cram.crai	md5:915e020610e2feb1f51cf063de1e47e2	md5:d581ff70f96bad327b3a643cf4d13bd0	GRCh38DH	paired	new_library_overlap	same_resource_confirmation
1000G_SAME_RESOURCE	HG00102	HG00102	wgs	cram	https://ftp.sra.ebi.ac.uk/vol1/run/ERR324/ERR3240119/HG00102.final.cram	https://ftp.sra.ebi.ac.uk/vol1/run/ERR324/ERR3240119/HG00102.final.cram.crai	md5:e4ccbb66426abbac3020f7054123f058	md5:6341c6a92db5fa0c498bcff5238e8321	GRCh38DH	paired	new_library_overlap	same_resource_confirmation
1000G_SAME_RESOURCE	HG00103	HG00103	wgs	cram	https://ftp.sra.ebi.ac.uk/vol1/run/ERR324/ERR3240120/HG00103.final.cram	https://ftp.sra.ebi.ac.uk/vol1/run/ERR324/ERR3240120/HG00103.final.cram.crai	md5:e621bf52a54c2b4bd99c836a7120d262	md5:47ef1211c147fa6f810731f02c9c095c	GRCh38DH	paired	new_library_overlap	same_resource_confirmation
1000G_SAME_RESOURCE	HG00105	HG00105	wgs	cram	https://ftp.sra.ebi.ac.uk/vol1/run/ERR324/ERR3240121/HG00105.final.cram	https://ftp.sra.ebi.ac.uk/vol1/run/ERR324/ERR3240121/HG00105.final.cram.crai	md5:1b44a87a33b1350aea5d41689e71e85c	md5:22d86da710dcba996f128ba315a19cc6	GRCh38DH	paired	new_library_overlap	same_resource_confirmation
1000G_SAME_RESOURCE	HG00106	HG00106	wgs	cram	https://ftp.sra.ebi.ac.uk/vol1/run/ERR324/ERR3240122/HG00106.final.cram	https://ftp.sra.ebi.ac.uk/vol1/run/ERR324/ERR3240122/HG00106.final.cram.crai	md5:9312535e9fa64d6b2dc6d91b18bfffd2	md5:616083b1571123cfd3cb58b7d3be9beb	GRCh38DH	paired	new_library_overlap	same_resource_confirmation
1000G_SAME_RESOURCE	HG00107	HG00107	wgs	cram	https://ftp.sra.ebi.ac.uk/vol1/run/ERR324/ERR3240123/HG00107.final.cram	https://ftp.sra.ebi.ac.uk/vol1/run/ERR324/ERR3240123/HG00107.final.cram.crai	md5:041d22421f7918f08be7360070d27431	md5:87f2728c80d292e20c694f917d2c118b	GRCh38DH	paired	new_library_overlap	same_resource_confirmation
1000G_SAME_RESOURCE	HG00108	HG00108	wgs	cram	https://ftp.sra.ebi.ac.uk/vol1/run/ERR324/ERR3240124/HG00108.final.cram	https://ftp.sra.ebi.ac.uk/vol1/run/ERR324/ERR3240124/HG00108.final.cram.crai	md5:729dc584726c5d06aff34d064c6fea16	md5:196d261b28ff4c14d6dffc74f370e711	GRCh38DH	paired	new_library_overlap	same_resource_confirmation
1000G_SAME_RESOURCE	HG00109	HG00109	wgs	cram	https://ftp.sra.ebi.ac.uk/vol1/run/ERR324/ERR3240125/HG00109.final.cram	https://ftp.sra.ebi.ac.uk/vol1/run/ERR324/ERR3240125/HG00109.final.cram.crai	md5:645d8e50ea0d68e3f09cccee6eb72f7f	md5:d57407bc82910e81fb6d8ff95439809a	GRCh38DH	paired	new_library_overlap	same_resource_confirmation
1000G_SAME_RESOURCE	HG00110	HG00110	wgs	cram	https://ftp.sra.ebi.ac.uk/vol1/run/ERR324/ERR3240126/HG00110.final.cram	https://ftp.sra.ebi.ac.uk/vol1/run/ERR324/ERR3240126/HG00110.final.cram.crai	md5:07b220b0741daedaf0e72b4d466a00f0	md5:9fc30d37481342da0cefcbe985691e7f	GRCh38DH	paired	new_library_overlap	same_resource_confirmation
1000G_SAME_RESOURCE	HG00111	HG00111	wgs	cram	https://ftp.sra.ebi.ac.uk/vol1/run/ERR324/ERR3240127/HG00111.final.cram	https://ftp.sra.ebi.ac.uk/vol1/run/ERR324/ERR3240127/HG00111.final.cram.crai	md5:11def696b0eedcc5b91703b981e46e31	md5:7d40b4dfd65cc3ddc2f1a7cd98c30dc6	GRCh38DH	paired	new_library_overlap	same_resource_confirmation
1000G_SAME_RESOURCE	HG00112	HG00112	wgs	cram	https://ftp.sra.ebi.ac.uk/vol1/run/ERR324/ERR3240128/HG00112.final.cram	https://ftp.sra.ebi.ac.uk/vol1/run/ERR324/ERR3240128/HG00112.final.cram.crai	md5:220e70064af0d3141f1ca784fb9bc79a	md5:2bc97a64b1d6609515bc2f7d5c4ec1ca	GRCh38DH	paired	new_library_overlap	same_resource_confirmation
1000G_SAME_RESOURCE	HG00114	HG00114	wgs	cram	https://ftp.sra.ebi.ac.uk/vol1/run/ERR324/ERR3240130/HG00114.final.cram	https://ftp.sra.ebi.ac.uk/vol1/run/ERR324/ERR3240130/HG00114.final.cram.crai	md5:a8c79024a145cf6bbdff900b36ba1f4f	md5:9e22959ebc5527ce72dd6d5c651e0f3f	GRCh38DH	paired	new_library_overlap	same_resource_confirmation
1000G_SAME_RESOURCE	HG00115	HG00115	wgs	cram	https://ftp.sra.ebi.ac.uk/vol1/run/ERR324/ERR3240131/HG00115.final.cram	https://ftp.sra.ebi.ac.uk/vol1/run/ERR324/ERR3240131/HG00115.final.cram.crai	md5:beef0452f1c7e51136839a02a0d14086	md5:04989d906b5498587302b4c73b42e054	GRCh38DH	paired	new_library_overlap	same_resource_confirmation
1000G_SAME_RESOURCE	HG00116	HG00116	wgs	cram	https://ftp.sra.ebi.ac.uk/vol1/run/ERR324/ERR3240132/HG00116.final.cram	https://ftp.sra.ebi.ac.uk/vol1/run/ERR324/ERR3240132/HG00116.final.cram.crai	md5:db6f0bee9b7a76f5f026c16620628dfc	md5:8301b2004ca37d52c079d30e411b63bb	GRCh38DH	paired	new_library_overlap	same_resource_confirmation
1000G_SAME_RESOURCE	HG00171	HG00171	wgs	cram	https://ftp.sra.ebi.ac.uk/vol1/run/ERR324/ERR3240160/HG00171.final.cram	https://ftp.sra.ebi.ac.uk/vol1/run/ERR324/ERR3240160/HG00171.final.cram.crai	md5:923ed8e2f5863d802bee627973ec06d3	md5:9bc1ee493f94bd6e332439f267096682	GRCh38DH	paired	new_library_overlap	same_resource_confirmation
1000G_SAME_RESOURCE	HG00173	HG00173	wgs	cram	https://ftp.sra.ebi.ac.uk/vol1/run/ERR324/ERR3240161/HG00173.final.cram	https://ftp.sra.ebi.ac.uk/vol1/run/ERR324/ERR3240161/HG00173.final.cram.crai	md5:ba705db180524dfb5a72bda36b03f043	md5:309f032d3bfde7fcabfec253ee462118	GRCh38DH	paired	new_library_overlap	same_resource_confirmation
1000G_SAME_RESOURCE	HG00174	HG00174	wgs	cram	https://ftp.sra.ebi.ac.uk/vol1/run/ERR324/ERR3240162/HG00174.final.cram	https://ftp.sra.ebi.ac.uk/vol1/run/ERR324/ERR3240162/HG00174.final.cram.crai	md5:124a1f3abac7183277e08ee1009b2591	md5:6036ee947c4348cd2afa1b1ceb657bbe	GRCh38DH	paired	new_library_overlap	same_resource_confirmation
1000G_SAME_RESOURCE	HG00176	HG00176	wgs	cram	https://ftp.sra.ebi.ac.uk/vol1/run/ERR324/ERR3240163/HG00176.final.cram	https://ftp.sra.ebi.ac.uk/vol1/run/ERR324/ERR3240163/HG00176.final.cram.crai	md5:46529aee9fdbea3ca632aa6ff107355a	md5:8da27fcf36a04d7f25bd843be79994f7	GRCh38DH	paired	new_library_overlap	same_resource_confirmation
1000G_SAME_RESOURCE	HG00177	HG00177	wgs	cram	https://ftp.sra.ebi.ac.uk/vol1/run/ERR324/ERR3240164/HG00177.final.cram	https://ftp.sra.ebi.ac.uk/vol1/run/ERR324/ERR3240164/HG00177.final.cram.crai	md5:a9a6fcb3b9744263a1ea99f912907c5a	md5:fdc321f85cfed1a12ea23fe8b6a65321	GRCh38DH	paired	new_library_overlap	same_resource_confirmation
1000G_SAME_RESOURCE	HG00178	HG00178	wgs	cram	https://ftp.sra.ebi.ac.uk/vol1/run/ERR324/ERR3240165/HG00178.final.cram	https://ftp.sra.ebi.ac.uk/vol1/run/ERR324/ERR3240165/HG00178.final.cram.crai	md5:a80f8bbf13615a1178a681c6b09a506e	md5:750acd30e878e628773c40e1b8593101	GRCh38DH	paired	new_library_overlap	same_resource_confirmation
1000G_SAME_RESOURCE	HG00179	HG00179	wgs	cram	https://ftp.sra.ebi.ac.uk/vol1/run/ERR324/ERR3240166/HG00179.final.cram	https://ftp.sra.ebi.ac.uk/vol1/run/ERR324/ERR3240166/HG00179.final.cram.crai	md5:f2dda86309ae0ddd348d48a70cf84608	md5:6257ff3b3163a2663cc22812751232e1	GRCh38DH	paired	new_library_overlap	same_resource_confirmation
1000G_SAME_RESOURCE	HG00180	HG00180	wgs	cram	https://ftp.sra.ebi.ac.uk/vol1/run/ERR324/ERR3240167/HG00180.final.cram	https://ftp.sra.ebi.ac.uk/vol1/run/ERR324/ERR3240167/HG00180.final.cram.crai	md5:33600863ef9516d7064498443edd2fbb	md5:0a1953e8d23ef8a0efd214c88ec6a261	GRCh38DH	paired	new_library_overlap	same_resource_confirmation
1000G_SAME_RESOURCE	HG00181	HG00181	wgs	cram	https://ftp.sra.ebi.ac.uk/vol1/run/ERR324/ERR3240168/HG00181.final.cram	https://ftp.sra.ebi.ac.uk/vol1/run/ERR324/ERR3240168/HG00181.final.cram.crai	md5:76c7756e326ea154f7310999194a53cd	md5:078ca4bf78a5accb54c3ebf76ab6ac59	GRCh38DH	paired	new_library_overlap	same_resource_confirmation
1000G_SAME_RESOURCE	HG00182	HG00182	wgs	cram	https://ftp.sra.ebi.ac.uk/vol1/run/ERR324/ERR3240169/HG00182.final.cram	https://ftp.sra.ebi.ac.uk/vol1/run/ERR324/ERR3240169/HG00182.final.cram.crai	md5:7beecdaf76807c0ea7a34e0283753e35	md5:60b44fda28c5de58d732fe6a414bd0e8	GRCh38DH	paired	new_library_overlap	same_resource_confirmation
1000G_SAME_RESOURCE	HG00183	HG00183	wgs	cram	https://ftp.sra.ebi.ac.uk/vol1/run/ERR324/ERR3240170/HG00183.final.cram	https://ftp.sra.ebi.ac.uk/vol1/run/ERR324/ERR3240170/HG00183.final.cram.crai	md5:4e485a68e30c29027b683aff6cc337d8	md5:f3e639be2211f52edf8591ab04cd2e24	GRCh38DH	paired	new_library_overlap	same_resource_confirmation
1000G_SAME_RESOURCE	HG00185	HG00185	wgs	cram	https://ftp.sra.ebi.ac.uk/vol1/run/ERR324/ERR3240171/HG00185.final.cram	https://ftp.sra.ebi.ac.uk/vol1/run/ERR324/ERR3240171/HG00185.final.cram.crai	md5:14a65cf0ef3be0f26ff27b598d847a6e	md5:756e03c77e55371990e5ca9c25429e1c	GRCh38DH	paired	new_library_overlap	same_resource_confirmation
1000G_SAME_RESOURCE	HG00186	HG00186	wgs	cram	https://ftp.sra.ebi.ac.uk/vol1/run/ERR324/ERR3240172/HG00186.final.cram	https://ftp.sra.ebi.ac.uk/vol1/run/ERR324/ERR3240172/HG00186.final.cram.crai	md5:74debfec4fc19352d535ebf8c1e33ccb	md5:f8b12fc775faa2297010bcda1cd709f1	GRCh38DH	paired	new_library_overlap	same_resource_confirmation
1000G_SAME_RESOURCE	HG00187	HG00187	wgs	cram	https://ftp.sra.ebi.ac.uk/vol1/run/ERR324/ERR3240173/HG00187.final.cram	https://ftp.sra.ebi.ac.uk/vol1/run/ERR324/ERR3240173/HG00187.final.cram.crai	md5:3f9268b80c444130ad296c673856fe29	md5:d623ecd9bf666c2fb30ff81ff4965e51	GRCh38DH	paired	new_library_overlap	same_resource_confirmation
1000G_SAME_RESOURCE	HG00188	HG00188	wgs	cram	https://ftp.sra.ebi.ac.uk/vol1/run/ERR324/ERR3240174/HG00188.final.cram	https://ftp.sra.ebi.ac.uk/vol1/run/ERR324/ERR3240174/HG00188.final.cram.crai	md5:45e5afab3f45134c6119f1f0bbe177b0	md5:99ff21e56e8e39d1a8addccf1c90c903	GRCh38DH	paired	new_library_overlap	same_resource_confirmation
1000G_SAME_RESOURCE	HG00189	HG00189	wgs	cram	https://ftp.sra.ebi.ac.uk/vol1/run/ERR324/ERR3240175/HG00189.final.cram	https://ftp.sra.ebi.ac.uk/vol1/run/ERR324/ERR3240175/HG00189.final.cram.crai	md5:b8dedceb97f4be64c14b9e57b53320ab	md5:931180b0b5e69989f7bc6ec16b813a6a	GRCh38DH	paired	new_library_overlap	same_resource_confirmation
1000G_SAME_RESOURCE	HG00266	HG00266	wgs	cram	https://ftp.sra.ebi.ac.uk/vol1/run/ERR324/ERR3240223/HG00266.final.cram	https://ftp.sra.ebi.ac.uk/vol1/run/ERR324/ERR3240223/HG00266.final.cram.crai	md5:fb2f306865ea09e61bc53bd48384551e	md5:4fce85b9cc8580ecce38f123a870d539	GRCh38DH	paired	new_library_overlap	same_resource_confirmation
1000G_SAME_RESOURCE	HG00551	HG00551	wgs	cram	https://ftp.sra.ebi.ac.uk/vol1/run/ERR324/ERR3241804/HG00551.final.cram	https://ftp.sra.ebi.ac.uk/vol1/run/ERR324/ERR3241804/HG00551.final.cram.crai	md5:9262ad0fefcc193099f6984c008d29d4	md5:6ee5997a043a8a4887670d56ed7b857b	GRCh38DH	paired	new_library_overlap	same_resource_confirmation
1000G_SAME_RESOURCE	HG00553	HG00553	wgs	cram	https://ftp.sra.ebi.ac.uk/vol1/run/ERR324/ERR3241695/HG00553.final.cram	https://ftp.sra.ebi.ac.uk/vol1/run/ERR324/ERR3241695/HG00553.final.cram.crai	md5:bac6919978e292fed03d3197d826d244	md5:260f1302cd6f51b4ef0fa8484b3adc24	GRCh38DH	paired	new_library_overlap	same_resource_confirmation
1000G_SAME_RESOURCE	HG00554	HG00554	wgs	cram	https://ftp.sra.ebi.ac.uk/vol1/run/ERR324/ERR3241696/HG00554.final.cram	https://ftp.sra.ebi.ac.uk/vol1/run/ERR324/ERR3241696/HG00554.final.cram.crai	md5:1456a497a193928400d8c3496b060f57	md5:d17c8141545222180196ad4caf33a2b8	GRCh38DH	paired	new_library_overlap	same_resource_confirmation
1000G_SAME_RESOURCE	HG00637	HG00637	wgs	cram	https://ftp.sra.ebi.ac.uk/vol1/run/ERR324/ERR3241726/HG00637.final.cram	https://ftp.sra.ebi.ac.uk/vol1/run/ERR324/ERR3241726/HG00637.final.cram.crai	md5:cdfd1b1f777994ea61dda98ed99580d7	md5:dc64c0659548a68fb1f172eff2f4fe50	GRCh38DH	paired	new_library_overlap	same_resource_confirmation
1000G_SAME_RESOURCE	HG00638	HG00638	wgs	cram	https://ftp.sra.ebi.ac.uk/vol1/run/ERR324/ERR3241727/HG00638.final.cram	https://ftp.sra.ebi.ac.uk/vol1/run/ERR324/ERR3241727/HG00638.final.cram.crai	md5:8ca840e181303e7b890153cd302bd92b	md5:17e44c38d5bcdc5297a492d7171357a3	GRCh38DH	paired	new_library_overlap	same_resource_confirmation
1000G_SAME_RESOURCE	HG00640	HG00640	wgs	cram	https://ftp.sra.ebi.ac.uk/vol1/run/ERR324/ERR3241728/HG00640.final.cram	https://ftp.sra.ebi.ac.uk/vol1/run/ERR324/ERR3241728/HG00640.final.cram.crai	md5:f2aef41e022e6f720996c40b83a733a0	md5:72424fe17fc2a7dd8dab7f735f50fc7e	GRCh38DH	paired	new_library_overlap	same_resource_confirmation
1000G_SAME_RESOURCE	HG00641	HG00641	wgs	cram	https://ftp.sra.ebi.ac.uk/vol1/run/ERR324/ERR3241729/HG00641.final.cram	https://ftp.sra.ebi.ac.uk/vol1/run/ERR324/ERR3241729/HG00641.final.cram.crai	md5:13bad741bd0a8cf210ce82278458cf4d	md5:7ff863fedfd14471c326273af74cbcf4	GRCh38DH	paired	new_library_overlap	same_resource_confirmation
1000G_SAME_RESOURCE	HG00734	HG00734	wgs	cram	https://ftp.sra.ebi.ac.uk/vol1/run/ERR324/ERR3241778/HG00734.final.cram	https://ftp.sra.ebi.ac.uk/vol1/run/ERR324/ERR3241778/HG00734.final.cram.crai	md5:ba7b4ddb196151a21f28e3b286cb1513	md5:a7e93f7d95651dab690d1bc506cf89ea	GRCh38DH	paired	new_library_overlap	same_resource_confirmation
1000G_SAME_RESOURCE	NA06984	NA06984	wgs	cram	https://ftp.sra.ebi.ac.uk/vol1/run/ERR323/ERR3239458/NA06984.final.cram	https://ftp.sra.ebi.ac.uk/vol1/run/ERR323/ERR3239458/NA06984.final.cram.crai	md5:5a9b4a17587c464106516ad13810abe4	md5:13a141df0f4d4775f7c7a27341e8ab47	GRCh38DH	paired	new_library_overlap	same_resource_confirmation
1000G_SAME_RESOURCE	NA06985	NA06985	wgs	cram	https://ftp.sra.ebi.ac.uk/vol1/run/ERR323/ERR3239276/NA06985.final.cram	https://ftp.sra.ebi.ac.uk/vol1/run/ERR323/ERR3239276/NA06985.final.cram.crai	md5:fff7afdd053038d480cdd9e7ba80be56	md5:feb8e48a9cea41c622454baf8f3a8377	GRCh38DH	paired	new_library_overlap	same_resource_confirmation
1000G_SAME_RESOURCE	NA06986	NA06986	wgs	cram	https://ftp.sra.ebi.ac.uk/vol1/run/ERR323/ERR3239277/NA06986.final.cram	https://ftp.sra.ebi.ac.uk/vol1/run/ERR323/ERR3239277/NA06986.final.cram.crai	md5:5807306596de615e3d556bde6e52fe6b	md5:09b26dac0e1f1d338c559260e9098748	GRCh38DH	paired	new_library_overlap	same_resource_confirmation
1000G_SAME_RESOURCE	NA06989	NA06989	wgs	cram	https://ftp.sra.ebi.ac.uk/vol1/run/ERR323/ERR3239459/NA06989.final.cram	https://ftp.sra.ebi.ac.uk/vol1/run/ERR323/ERR3239459/NA06989.final.cram.crai	md5:ffc4a1665caff51510dc156edbdd2ab0	md5:cec0bc0d7221741c68d39e1e6f5de531	GRCh38DH	paired	new_library_overlap	same_resource_confirmation
1000G_SAME_RESOURCE	NA06994	NA06994	wgs	cram	https://ftp.sra.ebi.ac.uk/vol1/run/ERR323/ERR3239278/NA06994.final.cram	https://ftp.sra.ebi.ac.uk/vol1/run/ERR323/ERR3239278/NA06994.final.cram.crai	md5:195706a1ef34cd17cffaa78c6e3758a2	md5:b313186130fbf9c739a87f1cae648565	GRCh38DH	paired	new_library_overlap	same_resource_confirmation
1000G_SAME_RESOURCE	NA07000	NA07000	wgs	cram	https://ftp.sra.ebi.ac.uk/vol1/run/ERR323/ERR3239279/NA07000.final.cram	https://ftp.sra.ebi.ac.uk/vol1/run/ERR323/ERR3239279/NA07000.final.cram.crai	md5:703d842672bc11f4e519578f8b0f094d	md5:f7d6ef4f2f123143e44a728471ed6b82	GRCh38DH	paired	new_library_overlap	same_resource_confirmation
1000G_SAME_RESOURCE	NA07037	NA07037	wgs	cram	https://ftp.sra.ebi.ac.uk/vol1/run/ERR323/ERR3239280/NA07037.final.cram	https://ftp.sra.ebi.ac.uk/vol1/run/ERR323/ERR3239280/NA07037.final.cram.crai	md5:d0e0ec90a4a72bfad445d31ad394bfe4	md5:e09dd0768ed965eb4aa99cf34215902e	GRCh38DH	paired	new_library_overlap	same_resource_confirmation
1000G_SAME_RESOURCE	NA07048	NA07048	wgs	cram	https://ftp.sra.ebi.ac.uk/vol1/run/ERR323/ERR3239642/NA07048.final.cram	https://ftp.sra.ebi.ac.uk/vol1/run/ERR323/ERR3239642/NA07048.final.cram.crai	md5:5ba3b3f1c41a8ef1965d4ed50d2dea41	md5:43eaa591c245b23af70b6cd9b3694817	GRCh38DH	paired	new_library_overlap	same_resource_confirmation
1000G_SAME_RESOURCE	NA07051	NA07051	wgs	cram	https://ftp.sra.ebi.ac.uk/vol1/run/ERR323/ERR3239281/NA07051.final.cram	https://ftp.sra.ebi.ac.uk/vol1/run/ERR323/ERR3239281/NA07051.final.cram.crai	md5:f120291f6575ed568dc9bd1a7472c9f3	md5:5cd5bf26a533b9e854b49c1b16e3b6ed	GRCh38DH	paired	new_library_overlap	same_resource_confirmation
1000G_SAME_RESOURCE	NA07056	NA07056	wgs	cram	https://ftp.sra.ebi.ac.uk/vol1/run/ERR323/ERR3239456/NA07056.final.cram	https://ftp.sra.ebi.ac.uk/vol1/run/ERR323/ERR3239456/NA07056.final.cram.crai	md5:0aa01282a373e970c2ee50c7d72437b6	md5:65a6bec74f779502288041392df1856a	GRCh38DH	paired	new_library_overlap	same_resource_confirmation
1000G_SAME_RESOURCE	NA07347	NA07347	wgs	cram	https://ftp.sra.ebi.ac.uk/vol1/run/ERR323/ERR3239282/NA07347.final.cram	https://ftp.sra.ebi.ac.uk/vol1/run/ERR323/ERR3239282/NA07347.final.cram.crai	md5:48e3dec1342a46851f68d0416e03ecc7	md5:690cdb4c7a122e79b2ad49a04ef011e0	GRCh38DH	paired	new_library_overlap	same_resource_confirmation
1000G_SAME_RESOURCE	NA07357	NA07357	wgs	cram	https://ftp.sra.ebi.ac.uk/vol1/run/ERR323/ERR3239283/NA07357.final.cram	https://ftp.sra.ebi.ac.uk/vol1/run/ERR323/ERR3239283/NA07357.final.cram.crai	md5:658b1bc6eda5801d8ad472b50e329c74	md5:95ec238f9872c128e7b9a93ac27ee7f3	GRCh38DH	paired	new_library_overlap	same_resource_confirmation
1000G_SAME_RESOURCE	NA10847	NA10847	wgs	cram	https://ftp.sra.ebi.ac.uk/vol1/run/ERR323/ERR3239284/NA10847.final.cram	https://ftp.sra.ebi.ac.uk/vol1/run/ERR323/ERR3239284/NA10847.final.cram.crai	md5:ef95aa866cfe0bfd09041a9edb191e37	md5:da8275fb01c608dce65575396220a1a6	GRCh38DH	paired	new_library_overlap	same_resource_confirmation
1000G_SAME_RESOURCE	NA10851	NA10851	wgs	cram	https://ftp.sra.ebi.ac.uk/vol1/run/ERR323/ERR3239285/NA10851.final.cram	https://ftp.sra.ebi.ac.uk/vol1/run/ERR323/ERR3239285/NA10851.final.cram.crai	md5:a7219d140cc3323dd88a401c22c6059f	md5:b881f6534d64e268c0f42a94ddade34b	GRCh38DH	paired	new_library_overlap	same_resource_confirmation
1000G_SAME_RESOURCE	NA11829	NA11829	wgs	cram	https://ftp.sra.ebi.ac.uk/vol1/run/ERR323/ERR3239286/NA11829.final.cram	https://ftp.sra.ebi.ac.uk/vol1/run/ERR323/ERR3239286/NA11829.final.cram.crai	md5:0f1963eabad38180013e6c9896803275	md5:12b36e1b7424b1d43ded8b992005e1c5	GRCh38DH	paired	new_library_overlap	same_resource_confirmation
1000G_SAME_RESOURCE	NA11830	NA11830	wgs	cram	https://ftp.sra.ebi.ac.uk/vol1/run/ERR323/ERR3239287/NA11830.final.cram	https://ftp.sra.ebi.ac.uk/vol1/run/ERR323/ERR3239287/NA11830.final.cram.crai	md5:0bb6fc53de86762464f452b54b902755	md5:180bda765c44809356b6734028180181	GRCh38DH	paired	new_library_overlap	same_resource_confirmation
1000G_SAME_RESOURCE	NA11831	NA11831	wgs	cram	https://ftp.sra.ebi.ac.uk/vol1/run/ERR323/ERR3239288/NA11831.final.cram	https://ftp.sra.ebi.ac.uk/vol1/run/ERR323/ERR3239288/NA11831.final.cram.crai	md5:8a35ba47eb5bc82275c7c25b486d1a2d	md5:706353216b429cf869f1dc1ced35c6f5	GRCh38DH	paired	new_library_overlap	same_resource_confirmation
1000G_SAME_RESOURCE	NA11832	NA11832	wgs	cram	https://ftp.sra.ebi.ac.uk/vol1/run/ERR323/ERR3239289/NA11832.final.cram	https://ftp.sra.ebi.ac.uk/vol1/run/ERR323/ERR3239289/NA11832.final.cram.crai	md5:735ebf1e68029309920455e9db04d870	md5:beddeb133d6948840d1be236278cd1ca	GRCh38DH	paired	new_library_overlap	same_resource_confirmation
1000G_SAME_RESOURCE	NA11840	NA11840	wgs	cram	https://ftp.sra.ebi.ac.uk/vol1/run/ERR323/ERR3239290/NA11840.final.cram	https://ftp.sra.ebi.ac.uk/vol1/run/ERR323/ERR3239290/NA11840.final.cram.crai	md5:1982d7817985e5dcb44db1e3b3551198	md5:c152040a3db04c092f950f856c282902	GRCh38DH	paired	new_library_overlap	same_resource_confirmation
1000G_SAME_RESOURCE	NA11843	NA11843	wgs	cram	https://ftp.sra.ebi.ac.uk/vol1/run/ERR323/ERR3239460/NA11843.final.cram	https://ftp.sra.ebi.ac.uk/vol1/run/ERR323/ERR3239460/NA11843.final.cram.crai	md5:097ff64e97b89ab2decf368833fbf542	md5:41d6cd4c85461bfa61c1246d8f591cec	GRCh38DH	paired	new_library_overlap	same_resource_confirmation
1000G_SAME_RESOURCE	NA11894	NA11894	wgs	cram	https://ftp.sra.ebi.ac.uk/vol1/run/ERR323/ERR3239292/NA11894.final.cram	https://ftp.sra.ebi.ac.uk/vol1/run/ERR323/ERR3239292/NA11894.final.cram.crai	md5:754c7144ea9348cee9458aaeed8882bb	md5:eb4a0277aa47d7f66d6bf8e4f1bf82f5	GRCh38DH	paired	new_library_overlap	same_resource_confirmation
1000G_SAME_RESOURCE	NA11920	NA11920	wgs	cram	https://ftp.sra.ebi.ac.uk/vol1/run/ERR323/ERR3239295/NA11920.final.cram	https://ftp.sra.ebi.ac.uk/vol1/run/ERR323/ERR3239295/NA11920.final.cram.crai	md5:1ec23b6b1341c3ae13469ebcdd79a392	md5:c30b3ed7d364c8f30fff3e614fc25eac	GRCh38DH	paired	new_library_overlap	same_resource_confirmation
1000G_SAME_RESOURCE	NA12004	NA12004	wgs	cram	https://ftp.sra.ebi.ac.uk/vol1/run/ERR323/ERR3239301/NA12004.final.cram	https://ftp.sra.ebi.ac.uk/vol1/run/ERR323/ERR3239301/NA12004.final.cram.crai	md5:d88b4cff43c8dd39d0b49472f89fb6b8	md5:7815ad0c41183bc19f4237b5f52ce108	GRCh38DH	paired	new_library_overlap	same_resource_confirmation
1000G_SAME_RESOURCE	NA12044	NA12044	wgs	cram	https://ftp.sra.ebi.ac.uk/vol1/run/ERR323/ERR3239305/NA12044.final.cram	https://ftp.sra.ebi.ac.uk/vol1/run/ERR323/ERR3239305/NA12044.final.cram.crai	md5:4b86b95ede94eb3b7bd9039deb932581	md5:d29d2294d2a8565153ac84ff26ee0c41	GRCh38DH	paired	new_library_overlap	same_resource_confirmation
1000G_SAME_RESOURCE	NA12154	NA12154	wgs	cram	https://ftp.sra.ebi.ac.uk/vol1/run/ERR323/ERR3239308/NA12154.final.cram	https://ftp.sra.ebi.ac.uk/vol1/run/ERR323/ERR3239308/NA12154.final.cram.crai	md5:39954c5d355bd10fd3b41ed23b0405d5	md5:5ec0f35ee673d3adee691df2ca048557	GRCh38DH	paired	new_library_overlap	same_resource_confirmation
1000G_SAME_RESOURCE	NA12234	NA12234	wgs	cram	https://ftp.sra.ebi.ac.uk/vol1/run/ERR323/ERR3239311/NA12234.final.cram	https://ftp.sra.ebi.ac.uk/vol1/run/ERR323/ERR3239311/NA12234.final.cram.crai	md5:b3f8b894a36d6908ba7c7c1ac45edd93	md5:a355d779c84d934b159256699c183c20	GRCh38DH	paired	new_library_overlap	same_resource_confirmation
1000G_SAME_RESOURCE	NA12489	NA12489	wgs	cram	https://ftp.sra.ebi.ac.uk/vol1/run/ERR323/ERR3239315/NA12489.final.cram	https://ftp.sra.ebi.ac.uk/vol1/run/ERR323/ERR3239315/NA12489.final.cram.crai	md5:da653412846a08c63c3c5333474b4326	md5:7a4af053f3d6fb9914a5614cde3e0529	GRCh38DH	paired	new_library_overlap	same_resource_confirmation
1000G_SAME_RESOURCE	NA12751	NA12751	wgs	cram	https://ftp.sra.ebi.ac.uk/vol1/run/ERR323/ERR3239320/NA12751.final.cram	https://ftp.sra.ebi.ac.uk/vol1/run/ERR323/ERR3239320/NA12751.final.cram.crai	md5:89f58f53c07611591d8dca1403308b35	md5:319737083bc41cba3d66fc9dca661ef7	GRCh38DH	paired	new_library_overlap	same_resource_confirmation
1000G_SAME_RESOURCE	NA12763	NA12763	wgs	cram	https://ftp.sra.ebi.ac.uk/vol1/run/ERR323/ERR3239324/NA12763.final.cram	https://ftp.sra.ebi.ac.uk/vol1/run/ERR323/ERR3239324/NA12763.final.cram.crai	md5:d9968236efcb4b37b4e502c1e285c0dc	md5:bf07d8415adebdbe6cdbb9a825ca46f2	GRCh38DH	paired	new_library_overlap	same_resource_confirmation
1000G_SAME_RESOURCE	NA12775	NA12775	wgs	cram	https://ftp.sra.ebi.ac.uk/vol1/run/ERR323/ERR3239482/NA12775.final.cram	https://ftp.sra.ebi.ac.uk/vol1/run/ERR323/ERR3239482/NA12775.final.cram.crai	md5:09a0f2814235f99002e71574f7027438	md5:619a0f7c3ca340949c11bb75ec5bbf71	GRCh38DH	paired	new_library_overlap	same_resource_confirmation
1000G_SAME_RESOURCE	NA12812	NA12812	wgs	cram	https://ftp.sra.ebi.ac.uk/vol1/run/ERR323/ERR3239326/NA12812.final.cram	https://ftp.sra.ebi.ac.uk/vol1/run/ERR323/ERR3239326/NA12812.final.cram.crai	md5:1abbbdf1c239186a33c908759c774c89	md5:d2dbad25802e087febe7cd69513d1c11	GRCh38DH	paired	new_library_overlap	same_resource_confirmation
1000G_SAME_RESOURCE	NA18486	NA18486	wgs	cram	https://ftp.sra.ebi.ac.uk/vol1/run/ERR323/ERR3239335/NA18486.final.cram	https://ftp.sra.ebi.ac.uk/vol1/run/ERR323/ERR3239335/NA18486.final.cram.crai	md5:79700ed299d8b71c9b089ea12c687545	md5:6fb333eacd8ca5e7d94cbe8c6037f579	GRCh38DH	paired	new_library_overlap	same_resource_confirmation
1000G_SAME_RESOURCE	NA18488	NA18488	wgs	cram	https://ftp.sra.ebi.ac.uk/vol1/run/ERR323/ERR3239491/NA18488.final.cram	https://ftp.sra.ebi.ac.uk/vol1/run/ERR323/ERR3239491/NA18488.final.cram.crai	md5:6c2d312dc256e8669465761117497095	md5:9af166a1b24832fc3f490862be5482d1	GRCh38DH	paired	new_library_overlap	same_resource_confirmation
1000G_SAME_RESOURCE	NA18489	NA18489	wgs	cram	https://ftp.sra.ebi.ac.uk/vol1/run/ERR323/ERR3239336/NA18489.final.cram	https://ftp.sra.ebi.ac.uk/vol1/run/ERR323/ERR3239336/NA18489.final.cram.crai	md5:04b48e8ac10e73270926089a8e5dd5ad	md5:a6d825d2f418ad9fcc5f5330cbb93176	GRCh38DH	paired	new_library_overlap	same_resource_confirmation
1000G_SAME_RESOURCE	NA18498	NA18498	wgs	cram	https://ftp.sra.ebi.ac.uk/vol1/run/ERR323/ERR3239337/NA18498.final.cram	https://ftp.sra.ebi.ac.uk/vol1/run/ERR323/ERR3239337/NA18498.final.cram.crai	md5:9af7dcfbca87dbc2b8b3240f52822338	md5:d70c2287aac88152cde89043b45946a8	GRCh38DH	paired	new_library_overlap	same_resource_confirmation
1000G_SAME_RESOURCE	NA18499	NA18499	wgs	cram	https://ftp.sra.ebi.ac.uk/vol1/run/ERR323/ERR3239338/NA18499.final.cram	https://ftp.sra.ebi.ac.uk/vol1/run/ERR323/ERR3239338/NA18499.final.cram.crai	md5:2d04005d5a5fa5454bc34018527c64fc	md5:2e81b7fa1eb745f347b210700c99eb3e	GRCh38DH	paired	new_library_overlap	same_resource_confirmation
1000G_SAME_RESOURCE	NA18501	NA18501	wgs	cram	https://ftp.sra.ebi.ac.uk/vol1/run/ERR323/ERR3239339/NA18501.final.cram	https://ftp.sra.ebi.ac.uk/vol1/run/ERR323/ERR3239339/NA18501.final.cram.crai	md5:8bda3478cb0d0cf0cd22d117916dcc08	md5:fad7ae4e95a95340656f2653258cae2c	GRCh38DH	paired	new_library_overlap	same_resource_confirmation
1000G_SAME_RESOURCE	NA18502	NA18502	wgs	cram	https://ftp.sra.ebi.ac.uk/vol1/run/ERR323/ERR3239340/NA18502.final.cram	https://ftp.sra.ebi.ac.uk/vol1/run/ERR323/ERR3239340/NA18502.final.cram.crai	md5:036596e51ec803f28c101e301f6590f5	md5:2a2787f8a5854556a5370c3dbe1ead69	GRCh38DH	paired	new_library_overlap	same_resource_confirmation
1000G_SAME_RESOURCE	NA18504	NA18504	wgs	cram	https://ftp.sra.ebi.ac.uk/vol1/run/ERR323/ERR3239341/NA18504.final.cram	https://ftp.sra.ebi.ac.uk/vol1/run/ERR323/ERR3239341/NA18504.final.cram.crai	md5:a827dcc2649502b9bb4fc6bb3d37fbf4	md5:39bd7f53902e2126d2f8c7db061c3370	GRCh38DH	paired	new_library_overlap	same_resource_confirmation
1000G_SAME_RESOURCE	NA18505	NA18505	wgs	cram	https://ftp.sra.ebi.ac.uk/vol1/run/ERR323/ERR3239342/NA18505.final.cram	https://ftp.sra.ebi.ac.uk/vol1/run/ERR323/ERR3239342/NA18505.final.cram.crai	md5:889ed79d69db2d3e82cbb3db8002564a	md5:49d5221b233af38b718366cb06a73891	GRCh38DH	paired	new_library_overlap	same_resource_confirmation
1000G_SAME_RESOURCE	NA18507	NA18507	wgs	cram	https://ftp.sra.ebi.ac.uk/vol1/run/ERR323/ERR3239343/NA18507.final.cram	https://ftp.sra.ebi.ac.uk/vol1/run/ERR323/ERR3239343/NA18507.final.cram.crai	md5:e3eb25b81dbf0ae166aa9886058615da	md5:72e2080a5d62508ff2ec230f45505e8b	GRCh38DH	paired	new_library_overlap	same_resource_confirmation
1000G_SAME_RESOURCE	NA18508	NA18508	wgs	cram	https://ftp.sra.ebi.ac.uk/vol1/run/ERR323/ERR3239344/NA18508.final.cram	https://ftp.sra.ebi.ac.uk/vol1/run/ERR323/ERR3239344/NA18508.final.cram.crai	md5:426a56b23fc3e4e2e2bde3c449ef06a3	md5:8aa57afcc13c9f7ea32a0ba0af975c3e	GRCh38DH	paired	new_library_overlap	same_resource_confirmation
1000G_SAME_RESOURCE	NA18510	NA18510	wgs	cram	https://ftp.sra.ebi.ac.uk/vol1/run/ERR323/ERR3239345/NA18510.final.cram	https://ftp.sra.ebi.ac.uk/vol1/run/ERR323/ERR3239345/NA18510.final.cram.crai	md5:1593cb5a477f601ff26ad7863f06f401	md5:b6ed68403c873d0855ca12ef9f1bbabb	GRCh38DH	paired	new_library_overlap	same_resource_confirmation
1000G_SAME_RESOURCE	NA18511	NA18511	wgs	cram	https://ftp.sra.ebi.ac.uk/vol1/run/ERR323/ERR3239346/NA18511.final.cram	https://ftp.sra.ebi.ac.uk/vol1/run/ERR323/ERR3239346/NA18511.final.cram.crai	md5:ec8777c75bda190ac1dc2914c75a555e	md5:9e1b7ec8cf7812d822f4badb4f3e4d33	GRCh38DH	paired	new_library_overlap	same_resource_confirmation
1000G_SAME_RESOURCE	NA18516	NA18516	wgs	cram	https://ftp.sra.ebi.ac.uk/vol1/run/ERR323/ERR3239347/NA18516.final.cram	https://ftp.sra.ebi.ac.uk/vol1/run/ERR323/ERR3239347/NA18516.final.cram.crai	md5:540801fa976af685fba4e1cc990cb563	md5:e06f99d036df0e2403e7963e7eefaea9	GRCh38DH	paired	new_library_overlap	same_resource_confirmation
1000G_SAME_RESOURCE	NA18517	NA18517	wgs	cram	https://ftp.sra.ebi.ac.uk/vol1/run/ERR323/ERR3239348/NA18517.final.cram	https://ftp.sra.ebi.ac.uk/vol1/run/ERR323/ERR3239348/NA18517.final.cram.crai	md5:74a4d09437fa16e95948c7b89b176459	md5:19ef3c083a27e76d1032ff69716782ee	GRCh38DH	paired	new_library_overlap	same_resource_confirmation
1000G_SAME_RESOURCE	NA18522	NA18522	wgs	cram	https://ftp.sra.ebi.ac.uk/vol1/run/ERR323/ERR3239351/NA18522.final.cram	https://ftp.sra.ebi.ac.uk/vol1/run/ERR323/ERR3239351/NA18522.final.cram.crai	md5:aa0f9ab51752b25c72c2fb0ed871b097	md5:468f312706890d2138e49c8b30dfe0a8	GRCh38DH	paired	new_library_overlap	same_resource_confirmation
1000G_SAME_RESOURCE	NA18523	NA18523	wgs	cram	https://ftp.sra.ebi.ac.uk/vol1/run/ERR323/ERR3239352/NA18523.final.cram	https://ftp.sra.ebi.ac.uk/vol1/run/ERR323/ERR3239352/NA18523.final.cram.crai	md5:4d65727169949868a7bd7dc26f5d3e2b	md5:ee2fd04884febe909c013733f34fac58	GRCh38DH	paired	new_library_overlap	same_resource_confirmation
1000G_SAME_RESOURCE	NA18526	NA18526	wgs	cram	https://ftp.sra.ebi.ac.uk/vol1/run/ERR323/ERR3239353/NA18526.final.cram	https://ftp.sra.ebi.ac.uk/vol1/run/ERR323/ERR3239353/NA18526.final.cram.crai	md5:b333d9d1b41e78c75d670628892cc1e2	md5:4abcd7da28419aba4ceeb29ebe45e7ee	GRCh38DH	paired	new_library_overlap	same_resource_confirmation
1000G_SAME_RESOURCE	NA18530	NA18530	wgs	cram	https://ftp.sra.ebi.ac.uk/vol1/run/ERR323/ERR3239492/NA18530.final.cram	https://ftp.sra.ebi.ac.uk/vol1/run/ERR323/ERR3239492/NA18530.final.cram.crai	md5:013dde21735b1cf495b22b2f4256979c	md5:cb6aea3f270a33d0f7a08e7c7c0c377e	GRCh38DH	paired	new_library_overlap	same_resource_confirmation
1000G_SAME_RESOURCE	NA18532	NA18532	wgs	cram	https://ftp.sra.ebi.ac.uk/vol1/run/ERR323/ERR3239354/NA18532.final.cram	https://ftp.sra.ebi.ac.uk/vol1/run/ERR323/ERR3239354/NA18532.final.cram.crai	md5:5d7b7df94fa23df683e20833a1057fb5	md5:88c9d6226e9288f17c3872feb90717e6	GRCh38DH	paired	new_library_overlap	same_resource_confirmation
1000G_SAME_RESOURCE	NA18534	NA18534	wgs	cram	https://ftp.sra.ebi.ac.uk/vol1/run/ERR323/ERR3239493/NA18534.final.cram	https://ftp.sra.ebi.ac.uk/vol1/run/ERR323/ERR3239493/NA18534.final.cram.crai	md5:6ea42e5c756ea842d4ac383d2b78831f	md5:2c791bc5fb2fdd806e1c6f3f6e6f32e6	GRCh38DH	paired	new_library_overlap	same_resource_confirmation
1000G_SAME_RESOURCE	NA18536	NA18536	wgs	cram	https://ftp.sra.ebi.ac.uk/vol1/run/ERR323/ERR3239494/NA18536.final.cram	https://ftp.sra.ebi.ac.uk/vol1/run/ERR323/ERR3239494/NA18536.final.cram.crai	md5:ff417289c7985afa802b4808a433e510	md5:a0bc7d29d32dac5314048cb74180dbda	GRCh38DH	paired	new_library_overlap	same_resource_confirmation
1000G_SAME_RESOURCE	NA18537	NA18537	wgs	cram	https://ftp.sra.ebi.ac.uk/vol1/run/ERR323/ERR3239355/NA18537.final.cram	https://ftp.sra.ebi.ac.uk/vol1/run/ERR323/ERR3239355/NA18537.final.cram.crai	md5:053e763310e7d234f5e35fd793763bb6	md5:2e2778b952d2bc2b292c46926212078a	GRCh38DH	paired	new_library_overlap	same_resource_confirmation
1000G_SAME_RESOURCE	NA18542	NA18542	wgs	cram	https://ftp.sra.ebi.ac.uk/vol1/run/ERR323/ERR3239356/NA18542.final.cram	https://ftp.sra.ebi.ac.uk/vol1/run/ERR323/ERR3239356/NA18542.final.cram.crai	md5:ec8daf5f2d8793f43f85880477918f7a	md5:4d3ce4796093692c2273820997dc710e	GRCh38DH	paired	new_library_overlap	same_resource_confirmation
1000G_SAME_RESOURCE	NA18543	NA18543	wgs	cram	https://ftp.sra.ebi.ac.uk/vol1/run/ERR323/ERR3239495/NA18543.final.cram	https://ftp.sra.ebi.ac.uk/vol1/run/ERR323/ERR3239495/NA18543.final.cram.crai	md5:c53f2077cbe7aa1775ef02bf90d52dc5	md5:20bd24483042a07eceb27c815bbcd829	GRCh38DH	paired	new_library_overlap	same_resource_confirmation
1000G_SAME_RESOURCE	NA18544	NA18544	wgs	cram	https://ftp.sra.ebi.ac.uk/vol1/run/ERR323/ERR3239496/NA18544.final.cram	https://ftp.sra.ebi.ac.uk/vol1/run/ERR323/ERR3239496/NA18544.final.cram.crai	md5:5f57d58bf00886234ae1bee52a578124	md5:7dafa601311b53abf7eed18ec0ab9aa2	GRCh38DH	paired	new_library_overlap	same_resource_confirmation
1000G_SAME_RESOURCE	NA18545	NA18545	wgs	cram	https://ftp.sra.ebi.ac.uk/vol1/run/ERR323/ERR3239357/NA18545.final.cram	https://ftp.sra.ebi.ac.uk/vol1/run/ERR323/ERR3239357/NA18545.final.cram.crai	md5:a153e1572def2007cd19381220e53870	md5:8da607b95715fd80ebda0631071d8fe8	GRCh38DH	paired	new_library_overlap	same_resource_confirmation
1000G_SAME_RESOURCE	NA18561	NA18561	wgs	cram	https://ftp.sra.ebi.ac.uk/vol1/run/ERR323/ERR3239363/NA18561.final.cram	https://ftp.sra.ebi.ac.uk/vol1/run/ERR323/ERR3239363/NA18561.final.cram.crai	md5:4805f345953d66b21b9cff4af5d77ad6	md5:957ef0e761266de96fe7c48476188cbf	GRCh38DH	paired	new_library_overlap	same_resource_confirmation
1000G_SAME_RESOURCE	NA18562	NA18562	wgs	cram	https://ftp.sra.ebi.ac.uk/vol1/run/ERR323/ERR3239364/NA18562.final.cram	https://ftp.sra.ebi.ac.uk/vol1/run/ERR323/ERR3239364/NA18562.final.cram.crai	md5:a046d9616458cb4d7bf15a68a1fa87b8	md5:1e5d0fb63ee286834d5bef984ca9cb86	GRCh38DH	paired	new_library_overlap	same_resource_confirmation
1000G_SAME_RESOURCE	NA18563	NA18563	wgs	cram	https://ftp.sra.ebi.ac.uk/vol1/run/ERR323/ERR3239365/NA18563.final.cram	https://ftp.sra.ebi.ac.uk/vol1/run/ERR323/ERR3239365/NA18563.final.cram.crai	md5:d62a6f1fd12a1b11b1ae82ed72ba5d8e	md5:b9b2a8969db652b303d7a770a3f718f8	GRCh38DH	paired	new_library_overlap	same_resource_confirmation
1000G_SAME_RESOURCE	NA18564	NA18564	wgs	cram	https://ftp.sra.ebi.ac.uk/vol1/run/ERR323/ERR3239366/NA18564.final.cram	https://ftp.sra.ebi.ac.uk/vol1/run/ERR323/ERR3239366/NA18564.final.cram.crai	md5:a70caf9c85d24084011444b338f232b8	md5:1940042caf021942c69fca93a9cdbe06	GRCh38DH	paired	new_library_overlap	same_resource_confirmation
1000G_SAME_RESOURCE	NA18858	NA18858	wgs	cram	https://ftp.sra.ebi.ac.uk/vol1/run/ERR323/ERR3239384/NA18858.final.cram	https://ftp.sra.ebi.ac.uk/vol1/run/ERR323/ERR3239384/NA18858.final.cram.crai	md5:83286434f356f6133d03d5d8e6101df4	md5:434daf9f1771067480a124697deb1fef	GRCh38DH	paired	new_library_overlap	same_resource_confirmation
1000G_SAME_RESOURCE	NA18861	NA18861	wgs	cram	https://ftp.sra.ebi.ac.uk/vol1/run/ERR323/ERR3239385/NA18861.final.cram	https://ftp.sra.ebi.ac.uk/vol1/run/ERR323/ERR3239385/NA18861.final.cram.crai	md5:6ad25d76df8c15ee4b997e16b0dea7ef	md5:313ba08d89c97bd298abed36e913f7ef	GRCh38DH	paired	new_library_overlap	same_resource_confirmation
1000G_SAME_RESOURCE	NA19093	NA19093	wgs	cram	https://ftp.sra.ebi.ac.uk/vol1/run/ERR323/ERR3239422/NA19093.final.cram	https://ftp.sra.ebi.ac.uk/vol1/run/ERR323/ERR3239422/NA19093.final.cram.crai	md5:556d321b93ebd464fd9f0a01a83012ec	md5:b8bfba41746eee3f8f7247e846de9c0b	GRCh38DH	paired	new_library_overlap	same_resource_confirmation
1000G_SAME_RESOURCE	NA19099	NA19099	wgs	cram	https://ftp.sra.ebi.ac.uk/vol1/run/ERR323/ERR3239424/NA19099.final.cram	https://ftp.sra.ebi.ac.uk/vol1/run/ERR323/ERR3239424/NA19099.final.cram.crai	md5:88601de978676ff0333cde2f2164c83f	md5:531e4fdb967d528d5cb86366dc88c0df	GRCh38DH	paired	new_library_overlap	same_resource_confirmation
1000G_SAME_RESOURCE	NA19116	NA19116	wgs	cram	https://ftp.sra.ebi.ac.uk/vol1/run/ERR323/ERR3239428/NA19116.final.cram	https://ftp.sra.ebi.ac.uk/vol1/run/ERR323/ERR3239428/NA19116.final.cram.crai	md5:cea4696b9ed75e6eac3d5e25c3fe90c1	md5:2588ff0e4eeaa881bbbeaf1250938e0d	GRCh38DH	paired	new_library_overlap	same_resource_confirmation
1000G_SAME_RESOURCE	NA19119	NA19119	wgs	cram	https://ftp.sra.ebi.ac.uk/vol1/run/ERR323/ERR3239429/NA19119.final.cram	https://ftp.sra.ebi.ac.uk/vol1/run/ERR323/ERR3239429/NA19119.final.cram.crai	md5:5dc79c8827d8db8bdc7289b2d5357c37	md5:a89fc2428b931729b0fb4f5d3806b353	GRCh38DH	paired	new_library_overlap	same_resource_confirmation
1000G_SAME_RESOURCE	NA19129	NA19129	wgs	cram	https://ftp.sra.ebi.ac.uk/vol1/run/ERR323/ERR3239430/NA19129.final.cram	https://ftp.sra.ebi.ac.uk/vol1/run/ERR323/ERR3239430/NA19129.final.cram.crai	md5:afa906153061950806f51afad318163c	md5:e1f9881808de34f6ddc6925549e9213b	GRCh38DH	paired	new_library_overlap	same_resource_confirmation
1000G_SAME_RESOURCE	NA19130	NA19130	wgs	cram	https://ftp.sra.ebi.ac.uk/vol1/run/ERR323/ERR3239625/NA19130.final.cram	https://ftp.sra.ebi.ac.uk/vol1/run/ERR323/ERR3239625/NA19130.final.cram.crai	md5:9be140a16f338cb6aac93d57bf6d92b7	md5:a49ce703755311c01d0e9109c89f862f	GRCh38DH	paired	new_library_overlap	same_resource_confirmation
1000G_SAME_RESOURCE	NA19131	NA19131	wgs	cram	https://ftp.sra.ebi.ac.uk/vol1/run/ERR323/ERR3239431/NA19131.final.cram	https://ftp.sra.ebi.ac.uk/vol1/run/ERR323/ERR3239431/NA19131.final.cram.crai	md5:6ae91da5e7865537dcac17fe7000f30b	md5:4f0cab73a582711d93f5961c62f6640f	GRCh38DH	paired	new_library_overlap	same_resource_confirmation
1000G_SAME_RESOURCE	NA19152	NA19152	wgs	cram	https://ftp.sra.ebi.ac.uk/vol1/run/ERR323/ERR3239438/NA19152.final.cram	https://ftp.sra.ebi.ac.uk/vol1/run/ERR323/ERR3239438/NA19152.final.cram.crai	md5:5ec13080afd90e1e128b3d0ef3cbc4c5	md5:18a3f3af8f8ae839a5e1439c2a9dd89b	GRCh38DH	paired	new_library_overlap	same_resource_confirmation
1000G_SAME_RESOURCE	NA19153	NA19153	wgs	cram	https://ftp.sra.ebi.ac.uk/vol1/run/ERR323/ERR3239439/NA19153.final.cram	https://ftp.sra.ebi.ac.uk/vol1/run/ERR323/ERR3239439/NA19153.final.cram.crai	md5:eef6c25b1509c22c0204796246f488f4	md5:565e4eaffce4ce1cdcf8292d81b92110	GRCh38DH	paired	new_library_overlap	same_resource_confirmation
1000G_SAME_RESOURCE	NA19209	NA19209	wgs	cram	https://ftp.sra.ebi.ac.uk/vol1/run/ERR323/ERR3239450/NA19209.final.cram	https://ftp.sra.ebi.ac.uk/vol1/run/ERR323/ERR3239450/NA19209.final.cram.crai	md5:3ce43ff20d0b921c0ed4e7f52308caa6	md5:6c993389173490b9769f62fb24c18bdb	GRCh38DH	paired	new_library_overlap	same_resource_confirmation
1000G_SAME_RESOURCE	NA19210	NA19210	wgs	cram	https://ftp.sra.ebi.ac.uk/vol1/run/ERR323/ERR3239451/NA19210.final.cram	https://ftp.sra.ebi.ac.uk/vol1/run/ERR323/ERR3239451/NA19210.final.cram.crai	md5:2332228e3e328ab709134cde4af59247	md5:2b7f6ae09a1d2c02bdddf3d3b10b26e0	GRCh38DH	paired	new_library_overlap	same_resource_confirmation
1000G_SAME_RESOURCE	NA19238	NA19238	wgs	cram	https://ftp.sra.ebi.ac.uk/vol1/run/ERR323/ERR3239453/NA19238.final.cram	https://ftp.sra.ebi.ac.uk/vol1/run/ERR323/ERR3239453/NA19238.final.cram.crai	md5:32a6e7cbf22e9c9cf30339a264631f8f	md5:85b877e013035fa239e614004d74c98d	GRCh38DH	paired	new_library_overlap	same_resource_confirmation
1000G_SAME_RESOURCE	NA19239	NA19239	wgs	cram	https://ftp.sra.ebi.ac.uk/vol1/run/ERR323/ERR3239454/NA19239.final.cram	https://ftp.sra.ebi.ac.uk/vol1/run/ERR323/ERR3239454/NA19239.final.cram.crai	md5:6bf1e217e3bacb715c049ef4389daf91	md5:155b2fdac4b19b6ca06abdcaa9d9d721	GRCh38DH	paired	new_library_overlap	same_resource_confirmation
1000G_SAME_RESOURCE	NA20502	NA20502	wgs	cram	https://ftp.sra.ebi.ac.uk/vol1/run/ERR323/ERR3239785/NA20502.final.cram	https://ftp.sra.ebi.ac.uk/vol1/run/ERR323/ERR3239785/NA20502.final.cram.crai	md5:2c5a5a57403b832c195eaf82564a6d76	md5:829300e788532ebefb309d3b404ff1dc	GRCh38DH	paired	new_library_overlap	same_resource_confirmation
1000G_SAME_RESOURCE	NA20503	NA20503	wgs	cram	https://ftp.sra.ebi.ac.uk/vol1/run/ERR323/ERR3239786/NA20503.final.cram	https://ftp.sra.ebi.ac.uk/vol1/run/ERR323/ERR3239786/NA20503.final.cram.crai	md5:fcae8e7afb9668e86eb2184b3576ef72	md5:47e23b70f2a465e56098821c0740edd5	GRCh38DH	paired	new_library_overlap	same_resource_confirmation
1000G_SAME_RESOURCE	NA20504	NA20504	wgs	cram	https://ftp.sra.ebi.ac.uk/vol1/run/ERR323/ERR3239787/NA20504.final.cram	https://ftp.sra.ebi.ac.uk/vol1/run/ERR323/ERR3239787/NA20504.final.cram.crai	md5:dcb86cb0c18e229d2ae9a5f9e354afb2	md5:3ba83b12aed90107e0a3f7723fa83d57	GRCh38DH	paired	new_library_overlap	same_resource_confirmation
1000G_SAME_RESOURCE	NA20505	NA20505	wgs	cram	https://ftp.sra.ebi.ac.uk/vol1/run/ERR323/ERR3239788/NA20505.final.cram	https://ftp.sra.ebi.ac.uk/vol1/run/ERR323/ERR3239788/NA20505.final.cram.crai	md5:24f5e28c05e76066f190a698d8d902b0	md5:0341c16a741063086cfaf598d096c616	GRCh38DH	paired	new_library_overlap	same_resource_confirmation
1000G_SAME_RESOURCE	NA20506	NA20506	wgs	cram	https://ftp.sra.ebi.ac.uk/vol1/run/ERR323/ERR3239789/NA20506.final.cram	https://ftp.sra.ebi.ac.uk/vol1/run/ERR323/ERR3239789/NA20506.final.cram.crai	md5:83ef9e58eeb5ec67b07a39be127f68ff	md5:94004f79aa7fa2bc764d6207c586466c	GRCh38DH	paired	new_library_overlap	same_resource_confirmation
1000G_SAME_RESOURCE	NA20507	NA20507	wgs	cram	https://ftp.sra.ebi.ac.uk/vol1/run/ERR323/ERR3239790/NA20507.final.cram	https://ftp.sra.ebi.ac.uk/vol1/run/ERR323/ERR3239790/NA20507.final.cram.crai	md5:9ec34233ce9c9a079c960c697ba7ad44	md5:f0e52cfa9b930f7e644dbf079444c4a7	GRCh38DH	paired	new_library_overlap	same_resource_confirmation
1000G_SAME_RESOURCE	NA20508	NA20508	wgs	cram	https://ftp.sra.ebi.ac.uk/vol1/run/ERR323/ERR3239791/NA20508.final.cram	https://ftp.sra.ebi.ac.uk/vol1/run/ERR323/ERR3239791/NA20508.final.cram.crai	md5:ee622da5955572fc9eeacf8923ba01ba	md5:224640b4feb73b4c73ec698ef9a7d816	GRCh38DH	paired	new_library_overlap	same_resource_confirmation
1000G_SAME_RESOURCE	NA20509	NA20509	wgs	cram	https://ftp.sra.ebi.ac.uk/vol1/run/ERR323/ERR3239792/NA20509.final.cram	https://ftp.sra.ebi.ac.uk/vol1/run/ERR323/ERR3239792/NA20509.final.cram.crai	md5:f69a65d409d9d92e366de4ff2d8a7e49	md5:23811002ad31d4237d8867b29a820e24	GRCh38DH	paired	new_library_overlap	same_resource_confirmation
1000G_SAME_RESOURCE	NA20510	NA20510	wgs	cram	https://ftp.sra.ebi.ac.uk/vol1/run/ERR323/ERR3239793/NA20510.final.cram	https://ftp.sra.ebi.ac.uk/vol1/run/ERR323/ERR3239793/NA20510.final.cram.crai	md5:5005c960673e7851033b7936a6f00606	md5:009a0e3d93ebd7dfaeb533e675b3abc3	GRCh38DH	paired	new_library_overlap	same_resource_confirmation
1000G_SAME_RESOURCE	NA20512	NA20512	wgs	cram	https://ftp.sra.ebi.ac.uk/vol1/run/ERR323/ERR3239795/NA20512.final.cram	https://ftp.sra.ebi.ac.uk/vol1/run/ERR323/ERR3239795/NA20512.final.cram.crai	md5:3ae7de8c83a747538c3ae5e51d23c7c0	md5:295f061d356f8615fa3ea419d9eb4ae8	GRCh38DH	paired	new_library_overlap	same_resource_confirmation
1000G_SAME_RESOURCE	NA20513	NA20513	wgs	cram	https://ftp.sra.ebi.ac.uk/vol1/run/ERR323/ERR3239796/NA20513.final.cram	https://ftp.sra.ebi.ac.uk/vol1/run/ERR323/ERR3239796/NA20513.final.cram.crai	md5:c92fc81c8bccc15590aacea48501deec	md5:735720f1fd677c7074462e77faddc79d	GRCh38DH	paired	new_library_overlap	same_resource_confirmation
1000G_SAME_RESOURCE	NA20514	NA20514	wgs	cram	https://ftp.sra.ebi.ac.uk/vol1/run/ERR323/ERR3239797/NA20514.final.cram	https://ftp.sra.ebi.ac.uk/vol1/run/ERR323/ERR3239797/NA20514.final.cram.crai	md5:7ee0d30eef4c99bb69879882a26405a6	md5:2b10e6c2f4e1d7bda9df7da739214d0e	GRCh38DH	paired	new_library_overlap	same_resource_confirmation
1000G_SAME_RESOURCE	NA20515	NA20515	wgs	cram	https://ftp.sra.ebi.ac.uk/vol1/run/ERR323/ERR3239798/NA20515.final.cram	https://ftp.sra.ebi.ac.uk/vol1/run/ERR323/ERR3239798/NA20515.final.cram.crai	md5:dd0e4d8eedea4285c3b1017e33699ae4	md5:1781252b893488d1da9b51f54f68bb29	GRCh38DH	paired	new_library_overlap	same_resource_confirmation
1000G_SAME_RESOURCE	NA20516	NA20516	wgs	cram	https://ftp.sra.ebi.ac.uk/vol1/run/ERR323/ERR3239799/NA20516.final.cram	https://ftp.sra.ebi.ac.uk/vol1/run/ERR323/ERR3239799/NA20516.final.cram.crai	md5:588e61eb32fe491270b96e32f5d77594	md5:c8f2fcce001fd32295d17689ca586ae5	GRCh38DH	paired	new_library_overlap	same_resource_confirmation
1000G_SAME_RESOURCE	NA20519	NA20519	wgs	cram	https://ftp.sra.ebi.ac.uk/vol1/run/ERR323/ERR3239802/NA20519.final.cram	https://ftp.sra.ebi.ac.uk/vol1/run/ERR323/ERR3239802/NA20519.final.cram.crai	md5:e5e1c4ae377e048010b5bf07a8410b2c	md5:4e5a7303c6baf36d40b9f3001cff57c7	GRCh38DH	paired	new_library_overlap	same_resource_confirmation
1000G_SAME_RESOURCE	NA20521	NA20521	wgs	cram	https://ftp.sra.ebi.ac.uk/vol1/run/ERR323/ERR3239804/NA20521.final.cram	https://ftp.sra.ebi.ac.uk/vol1/run/ERR323/ERR3239804/NA20521.final.cram.crai	md5:ad12d98d03f1474b347a1632018a337d	md5:79066fa0e73fa37168cda984f3ab8765	GRCh38DH	paired	new_library_overlap	same_resource_confirmation
1000G_SAME_RESOURCE	NA20528	NA20528	wgs	cram	https://ftp.sra.ebi.ac.uk/vol1/run/ERR323/ERR3239809/NA20528.final.cram	https://ftp.sra.ebi.ac.uk/vol1/run/ERR323/ERR3239809/NA20528.final.cram.crai	md5:1d62a49459a2d496282d0846fc065af3	md5:966dba822529cec8efcfff06e6dbdbd5	GRCh38DH	paired	new_library_overlap	same_resource_confirmation
