subject	canonical_subject	exposure_role	source_path	source_sha256
HG00096	HG00096	evaluation_exposed	/mnt/d/projects/project_2008084/champhla_cc_confirmation/configs/full_cram_wgs_pilot.tsv	639638316c7a2ebd3d7157fbce49574b3708bca0727621ec29cc8c864ffad356
HG00096	HG00096	evaluation_exposed	/mnt/d/projects/project_2008084/champhla_cc_confirmation/discovery/joined.tsv	155701a7da12e6c54833a39cee45795291cd15e97540c04be52d8da07877f345
HG00096	HG00096	evaluation_exposed	/mnt/d/projects/project_2008084/champhla_cc_confirmation/discovery/predictions.tsv	0a54db8183a37ed5c02ab18927ecc7fdc7b8fffacdf60bfa2a042f2ce891293a
HG00096	HG00096	development_exposed	/mnt/d/projects/project_2008084/champhla_egcc_pilot/inputs/evaluation_labels.tsv	fe99b18ac272f29bbad16d91cdd07049ebc1c95e8b3efd70d2bf971aa41e642c
HG00096	HG00096	development_exposed	/mnt/d/projects/project_2008084/champhla_egcc_pilot/inputs/fold_assignments.tsv	9c7da1b8d16cadd198b97ec1c338a35db33ae4d2af7d21d5a2b9abd8712f5132
HG00096	HG00096	development_exposed	/mnt/d/projects/project_2008084/champhla_egcc_pilot/runs/sealed_holdout/development_subjects.tsv	73adf453a2163162132c8893b30615b40a5ff4fd6ba17dccbb4d5d86550088d0
HG00096	HG00096	manifest_exposed	/mnt/d/projects/project_2008084/champhla_refformer/inputs/public_input_manifest.tsv	230aaf6f34e43c19717d53d980ccd0e96e9f0ddd75f701b64cf9b39aa246c82a
HG00096	HG00096	development_exposed	/mnt/d/projects/project_2008084/champhla_refformer/inputs/real_training_folds.tsv	d5bd39e81d63c876ccf2d632443fb47f4669008806bd3311e119e42aeb59effc
HG00096	HG00096	development_exposed	/mnt/d/projects/project_2008084/champhla_refformer/inputs/real_training_labels.tsv	74b26a6a5f9b3799098e340128b68d27e5b6c30f10fa5d6a23d311fb1b916f1c
HG00097	HG00097	evaluation_exposed	/mnt/d/projects/project_2008084/champhla_cc_confirmation/configs/full_cram_wgs_pilot.tsv	639638316c7a2ebd3d7157fbce49574b3708bca0727621ec29cc8c864ffad356
HG00097	HG00097	evaluation_exposed	/mnt/d/projects/project_2008084/champhla_cc_confirmation/discovery/joined.tsv	155701a7da12e6c54833a39cee45795291cd15e97540c04be52d8da07877f345
HG00097	HG00097	evaluation_exposed	/mnt/d/projects/project_2008084/champhla_cc_confirmation/discovery/predictions.tsv	0a54db8183a37ed5c02ab18927ecc7fdc7b8fffacdf60bfa2a042f2ce891293a
HG00097	HG00097	development_exposed	/mnt/d/projects/project_2008084/champhla_egcc_pilot/inputs/evaluation_labels.tsv	fe99b18ac272f29bbad16d91cdd07049ebc1c95e8b3efd70d2bf971aa41e642c
HG00097	HG00097	development_exposed	/mnt/d/projects/project_2008084/champhla_egcc_pilot/inputs/fold_assignments.tsv	9c7da1b8d16cadd198b97ec1c338a35db33ae4d2af7d21d5a2b9abd8712f5132
HG00097	HG00097	development_exposed	/mnt/d/projects/project_2008084/champhla_egcc_pilot/runs/sealed_holdout/development_subjects.tsv	73adf453a2163162132c8893b30615b40a5ff4fd6ba17dccbb4d5d86550088d0
HG00097	HG00097	manifest_exposed	/mnt/d/projects/project_2008084/champhla_refformer/inputs/public_input_manifest.tsv	230aaf6f34e43c19717d53d980ccd0e96e9f0ddd75f701b64cf9b39aa246c82a
HG00097	HG00097	development_exposed	/mnt/d/projects/project_2008084/champhla_refformer/inputs/real_training_folds.tsv	d5bd39e81d63c876ccf2d632443fb47f4669008806bd3311e119e42aeb59effc
HG00097	HG00097	development_exposed	/mnt/d/projects/project_2008084/champhla_refformer/inputs/real_training_labels.tsv	74b26a6a5f9b3799098e340128b68d27e5b6c30f10fa5d6a23d311fb1b916f1c
HG00099	HG00099	evaluation_exposed	/mnt/d/projects/project_2008084/champhla_cc_confirmation/discovery/joined.tsv	155701a7da12e6c54833a39cee45795291cd15e97540c04be52d8da07877f345
HG00099	HG00099	evaluation_exposed	/mnt/d/projects/project_2008084/champhla_cc_confirmation/discovery/predictions.tsv	0a54db8183a37ed5c02ab18927ecc7fdc7b8fffacdf60bfa2a042f2ce891293a
HG00099	HG00099	development_exposed	/mnt/d/projects/project_2008084/champhla_egcc_pilot/inputs/evaluation_labels.tsv	fe99b18ac272f29bbad16d91cdd07049ebc1c95e8b3efd70d2bf971aa41e642c
HG00099	HG00099	development_exposed	/mnt/d/projects/project_2008084/champhla_egcc_pilot/inputs/fold_assignments.tsv	9c7da1b8d16cadd198b97ec1c338a35db33ae4d2af7d21d5a2b9abd8712f5132
HG00099	HG00099	development_exposed	/mnt/d/projects/project_2008084/champhla_egcc_pilot/runs/sealed_holdout/development_subjects.tsv	73adf453a2163162132c8893b30615b40a5ff4fd6ba17dccbb4d5d86550088d0
HG00099	HG00099	manifest_exposed	/mnt/d/projects/project_2008084/champhla_refformer/inputs/public_input_manifest.tsv	230aaf6f34e43c19717d53d980ccd0e96e9f0ddd75f701b64cf9b39aa246c82a
HG00099	HG00099	development_exposed	/mnt/d/projects/project_2008084/champhla_refformer/inputs/real_training_folds.tsv	d5bd39e81d63c876ccf2d632443fb47f4669008806bd3311e119e42aeb59effc
HG00099	HG00099	development_exposed	/mnt/d/projects/project_2008084/champhla_refformer/inputs/real_training_labels.tsv	74b26a6a5f9b3799098e340128b68d27e5b6c30f10fa5d6a23d311fb1b916f1c
HG00100	HG00100	evaluation_exposed	/mnt/d/projects/project_2008084/champhla_cc_confirmation/discovery/joined.tsv	155701a7da12e6c54833a39cee45795291cd15e97540c04be52d8da07877f345
HG00100	HG00100	evaluation_exposed	/mnt/d/projects/project_2008084/champhla_cc_confirmation/discovery/predictions.tsv	0a54db8183a37ed5c02ab18927ecc7fdc7b8fffacdf60bfa2a042f2ce891293a
HG00100	HG00100	development_exposed	/mnt/d/projects/project_2008084/champhla_egcc_pilot/inputs/evaluation_labels.tsv	fe99b18ac272f29bbad16d91cdd07049ebc1c95e8b3efd70d2bf971aa41e642c
HG00100	HG00100	development_exposed	/mnt/d/projects/project_2008084/champhla_egcc_pilot/inputs/fold_assignments.tsv	9c7da1b8d16cadd198b97ec1c338a35db33ae4d2af7d21d5a2b9abd8712f5132
HG00100	HG00100	development_exposed	/mnt/d/projects/project_2008084/champhla_egcc_pilot/runs/sealed_holdout/development_subjects.tsv	73adf453a2163162132c8893b30615b40a5ff4fd6ba17dccbb4d5d86550088d0
HG00100	HG00100	manifest_exposed	/mnt/d/projects/project_2008084/champhla_refformer/inputs/public_input_manifest.tsv	230aaf6f34e43c19717d53d980ccd0e96e9f0ddd75f701b64cf9b39aa246c82a
HG00100	HG00100	development_exposed	/mnt/d/projects/project_2008084/champhla_refformer/inputs/real_training_folds.tsv	d5bd39e81d63c876ccf2d632443fb47f4669008806bd3311e119e42aeb59effc
HG00100	HG00100	development_exposed	/mnt/d/projects/project_2008084/champhla_refformer/inputs/real_training_labels.tsv	74b26a6a5f9b3799098e340128b68d27e5b6c30f10fa5d6a23d311fb1b916f1c
HG00101	HG00101	evaluation_exposed	/mnt/d/projects/project_2008084/champhla_cc_confirmation/discovery/joined.tsv	155701a7da12e6c54833a39cee45795291cd15e97540c04be52d8da07877f345
HG00101	HG00101	evaluation_exposed	/mnt/d/projects/project_2008084/champhla_cc_confirmation/discovery/predictions.tsv	0a54db8183a37ed5c02ab18927ecc7fdc7b8fffacdf60bfa2a042f2ce891293a
HG00101	HG00101	development_exposed	/mnt/d/projects/project_2008084/champhla_egcc_pilot/inputs/evaluation_labels.tsv	fe99b18ac272f29bbad16d91cdd07049ebc1c95e8b3efd70d2bf971aa41e642c
HG00101	HG00101	development_exposed	/mnt/d/projects/project_2008084/champhla_egcc_pilot/inputs/fold_assignments.tsv	9c7da1b8d16cadd198b97ec1c338a35db33ae4d2af7d21d5a2b9abd8712f5132
HG00101	HG00101	development_exposed	/mnt/d/projects/project_2008084/champhla_egcc_pilot/runs/sealed_holdout/development_subjects.tsv	73adf453a2163162132c8893b30615b40a5ff4fd6ba17dccbb4d5d86550088d0
HG00101	HG00101	manifest_exposed	/mnt/d/projects/project_2008084/champhla_refformer/inputs/public_input_manifest.tsv	230aaf6f34e43c19717d53d980ccd0e96e9f0ddd75f701b64cf9b39aa246c82a
HG00101	HG00101	development_exposed	/mnt/d/projects/project_2008084/champhla_refformer/inputs/real_training_folds.tsv	d5bd39e81d63c876ccf2d632443fb47f4669008806bd3311e119e42aeb59effc
HG00101	HG00101	development_exposed	/mnt/d/projects/project_2008084/champhla_refformer/inputs/real_training_labels.tsv	74b26a6a5f9b3799098e340128b68d27e5b6c30f10fa5d6a23d311fb1b916f1c
HG00102	HG00102	evaluation_exposed	/mnt/d/projects/project_2008084/champhla_cc_confirmation/discovery/joined.tsv	155701a7da12e6c54833a39cee45795291cd15e97540c04be52d8da07877f345
HG00102	HG00102	evaluation_exposed	/mnt/d/projects/project_2008084/champhla_cc_confirmation/discovery/predictions.tsv	0a54db8183a37ed5c02ab18927ecc7fdc7b8fffacdf60bfa2a042f2ce891293a
HG00102	HG00102	development_exposed	/mnt/d/projects/project_2008084/champhla_egcc_pilot/inputs/evaluation_labels.tsv	fe99b18ac272f29bbad16d91cdd07049ebc1c95e8b3efd70d2bf971aa41e642c
HG00102	HG00102	development_exposed	/mnt/d/projects/project_2008084/champhla_egcc_pilot/inputs/fold_assignments.tsv	9c7da1b8d16cadd198b97ec1c338a35db33ae4d2af7d21d5a2b9abd8712f5132
HG00102	HG00102	holdout_exposed	/mnt/d/projects/project_2008084/champhla_egcc_pilot/runs/sealed_holdout/holdout_subjects.tsv	49f804a052aa86156f1f410ca4b86dd11a8ffe1314f9feb440bd06c370adf540
HG00102	HG00102	manifest_exposed	/mnt/d/projects/project_2008084/champhla_refformer/inputs/public_input_manifest.tsv	230aaf6f34e43c19717d53d980ccd0e96e9f0ddd75f701b64cf9b39aa246c82a
HG00102	HG00102	development_exposed	/mnt/d/projects/project_2008084/champhla_refformer/inputs/real_training_folds.tsv	d5bd39e81d63c876ccf2d632443fb47f4669008806bd3311e119e42aeb59effc
HG00102	HG00102	development_exposed	/mnt/d/projects/project_2008084/champhla_refformer/inputs/real_training_labels.tsv	74b26a6a5f9b3799098e340128b68d27e5b6c30f10fa5d6a23d311fb1b916f1c
HG00103	HG00103	evaluation_exposed	/mnt/d/projects/project_2008084/champhla_cc_confirmation/discovery/joined.tsv	155701a7da12e6c54833a39cee45795291cd15e97540c04be52d8da07877f345
HG00103	HG00103	evaluation_exposed	/mnt/d/projects/project_2008084/champhla_cc_confirmation/discovery/predictions.tsv	0a54db8183a37ed5c02ab18927ecc7fdc7b8fffacdf60bfa2a042f2ce891293a
HG00103	HG00103	development_exposed	/mnt/d/projects/project_2008084/champhla_egcc_pilot/inputs/evaluation_labels.tsv	fe99b18ac272f29bbad16d91cdd07049ebc1c95e8b3efd70d2bf971aa41e642c
HG00103	HG00103	development_exposed	/mnt/d/projects/project_2008084/champhla_egcc_pilot/inputs/fold_assignments.tsv	9c7da1b8d16cadd198b97ec1c338a35db33ae4d2af7d21d5a2b9abd8712f5132
HG00103	HG00103	holdout_exposed	/mnt/d/projects/project_2008084/champhla_egcc_pilot/runs/sealed_holdout/holdout_subjects.tsv	49f804a052aa86156f1f410ca4b86dd11a8ffe1314f9feb440bd06c370adf540
HG00103	HG00103	manifest_exposed	/mnt/d/projects/project_2008084/champhla_refformer/inputs/public_input_manifest.tsv	230aaf6f34e43c19717d53d980ccd0e96e9f0ddd75f701b64cf9b39aa246c82a
HG00103	HG00103	development_exposed	/mnt/d/projects/project_2008084/champhla_refformer/inputs/real_training_folds.tsv	d5bd39e81d63c876ccf2d632443fb47f4669008806bd3311e119e42aeb59effc
HG00103	HG00103	development_exposed	/mnt/d/projects/project_2008084/champhla_refformer/inputs/real_training_labels.tsv	74b26a6a5f9b3799098e340128b68d27e5b6c30f10fa5d6a23d311fb1b916f1c
HG00104	HG00104	evaluation_exposed	/mnt/d/projects/project_2008084/champhla_cc_confirmation/discovery/joined.tsv	155701a7da12e6c54833a39cee45795291cd15e97540c04be52d8da07877f345
HG00104	HG00104	evaluation_exposed	/mnt/d/projects/project_2008084/champhla_cc_confirmation/discovery/predictions.tsv	0a54db8183a37ed5c02ab18927ecc7fdc7b8fffacdf60bfa2a042f2ce891293a
HG00104	HG00104	development_exposed	/mnt/d/projects/project_2008084/champhla_egcc_pilot/inputs/evaluation_labels.tsv	fe99b18ac272f29bbad16d91cdd07049ebc1c95e8b3efd70d2bf971aa41e642c
HG00104	HG00104	development_exposed	/mnt/d/projects/project_2008084/champhla_egcc_pilot/inputs/fold_assignments.tsv	9c7da1b8d16cadd198b97ec1c338a35db33ae4d2af7d21d5a2b9abd8712f5132
HG00104	HG00104	development_exposed	/mnt/d/projects/project_2008084/champhla_egcc_pilot/runs/sealed_holdout/development_subjects.tsv	73adf453a2163162132c8893b30615b40a5ff4fd6ba17dccbb4d5d86550088d0
HG00104	HG00104	manifest_exposed	/mnt/d/projects/project_2008084/champhla_refformer/inputs/public_input_manifest.tsv	230aaf6f34e43c19717d53d980ccd0e96e9f0ddd75f701b64cf9b39aa246c82a
HG00104	HG00104	development_exposed	/mnt/d/projects/project_2008084/champhla_refformer/inputs/real_training_folds.tsv	d5bd39e81d63c876ccf2d632443fb47f4669008806bd3311e119e42aeb59effc
HG00104	HG00104	development_exposed	/mnt/d/projects/project_2008084/champhla_refformer/inputs/real_training_labels.tsv	74b26a6a5f9b3799098e340128b68d27e5b6c30f10fa5d6a23d311fb1b916f1c
HG00105	HG00105	evaluation_exposed	/mnt/d/projects/project_2008084/champhla_cc_confirmation/discovery/joined.tsv	155701a7da12e6c54833a39cee45795291cd15e97540c04be52d8da07877f345
HG00105	HG00105	evaluation_exposed	/mnt/d/projects/project_2008084/champhla_cc_confirmation/discovery/predictions.tsv	0a54db8183a37ed5c02ab18927ecc7fdc7b8fffacdf60bfa2a042f2ce891293a
HG00105	HG00105	development_exposed	/mnt/d/projects/project_2008084/champhla_egcc_pilot/inputs/evaluation_labels.tsv	fe99b18ac272f29bbad16d91cdd07049ebc1c95e8b3efd70d2bf971aa41e642c
HG00105	HG00105	development_exposed	/mnt/d/projects/project_2008084/champhla_egcc_pilot/inputs/fold_assignments.tsv	9c7da1b8d16cadd198b97ec1c338a35db33ae4d2af7d21d5a2b9abd8712f5132
HG00105	HG00105	development_exposed	/mnt/d/projects/project_2008084/champhla_egcc_pilot/runs/sealed_holdout/development_subjects.tsv	73adf453a2163162132c8893b30615b40a5ff4fd6ba17dccbb4d5d86550088d0
HG00105	HG00105	manifest_exposed	/mnt/d/projects/project_2008084/champhla_refformer/inputs/public_input_manifest.tsv	230aaf6f34e43c19717d53d980ccd0e96e9f0ddd75f701b64cf9b39aa246c82a
HG00105	HG00105	development_exposed	/mnt/d/projects/project_2008084/champhla_refformer/inputs/real_training_folds.tsv	d5bd39e81d63c876ccf2d632443fb47f4669008806bd3311e119e42aeb59effc
HG00105	HG00105	development_exposed	/mnt/d/projects/project_2008084/champhla_refformer/inputs/real_training_labels.tsv	74b26a6a5f9b3799098e340128b68d27e5b6c30f10fa5d6a23d311fb1b916f1c
HG00106	HG00106	evaluation_exposed	/mnt/d/projects/project_2008084/champhla_cc_confirmation/discovery/joined.tsv	155701a7da12e6c54833a39cee45795291cd15e97540c04be52d8da07877f345
HG00106	HG00106	evaluation_exposed	/mnt/d/projects/project_2008084/champhla_cc_confirmation/discovery/predictions.tsv	0a54db8183a37ed5c02ab18927ecc7fdc7b8fffacdf60bfa2a042f2ce891293a
HG00106	HG00106	development_exposed	/mnt/d/projects/project_2008084/champhla_egcc_pilot/inputs/evaluation_labels.tsv	fe99b18ac272f29bbad16d91cdd07049ebc1c95e8b3efd70d2bf971aa41e642c
HG00106	HG00106	development_exposed	/mnt/d/projects/project_2008084/champhla_egcc_pilot/inputs/fold_assignments.tsv	9c7da1b8d16cadd198b97ec1c338a35db33ae4d2af7d21d5a2b9abd8712f5132
HG00106	HG00106	development_exposed	/mnt/d/projects/project_2008084/champhla_egcc_pilot/runs/sealed_holdout/development_subjects.tsv	73adf453a2163162132c8893b30615b40a5ff4fd6ba17dccbb4d5d86550088d0
HG00106	HG00106	manifest_exposed	/mnt/d/projects/project_2008084/champhla_refformer/inputs/public_input_manifest.tsv	230aaf6f34e43c19717d53d980ccd0e96e9f0ddd75f701b64cf9b39aa246c82a
HG00106	HG00106	development_exposed	/mnt/d/projects/project_2008084/champhla_refformer/inputs/real_training_folds.tsv	d5bd39e81d63c876ccf2d632443fb47f4669008806bd3311e119e42aeb59effc
HG00106	HG00106	development_exposed	/mnt/d/projects/project_2008084/champhla_refformer/inputs/real_training_labels.tsv	74b26a6a5f9b3799098e340128b68d27e5b6c30f10fa5d6a23d311fb1b916f1c
HG00107	HG00107	evaluation_exposed	/mnt/d/projects/project_2008084/champhla_cc_confirmation/discovery/joined.tsv	155701a7da12e6c54833a39cee45795291cd15e97540c04be52d8da07877f345
HG00107	HG00107	evaluation_exposed	/mnt/d/projects/project_2008084/champhla_cc_confirmation/discovery/predictions.tsv	0a54db8183a37ed5c02ab18927ecc7fdc7b8fffacdf60bfa2a042f2ce891293a
HG00107	HG00107	development_exposed	/mnt/d/projects/project_2008084/champhla_egcc_pilot/inputs/fold_assignments.tsv	9c7da1b8d16cadd198b97ec1c338a35db33ae4d2af7d21d5a2b9abd8712f5132
HG00107	HG00107	manifest_exposed	/mnt/d/projects/project_2008084/champhla_refformer/inputs/public_input_manifest.tsv	230aaf6f34e43c19717d53d980ccd0e96e9f0ddd75f701b64cf9b39aa246c82a
HG00107	HG00107	development_exposed	/mnt/d/projects/project_2008084/champhla_refformer/inputs/real_training_folds.tsv	d5bd39e81d63c876ccf2d632443fb47f4669008806bd3311e119e42aeb59effc
HG00107	HG00107	development_exposed	/mnt/d/projects/project_2008084/champhla_refformer/inputs/real_training_labels.tsv	74b26a6a5f9b3799098e340128b68d27e5b6c30f10fa5d6a23d311fb1b916f1c
HG00108	HG00108	evaluation_exposed	/mnt/d/projects/project_2008084/champhla_cc_confirmation/discovery/joined.tsv	155701a7da12e6c54833a39cee45795291cd15e97540c04be52d8da07877f345
HG00108	HG00108	evaluation_exposed	/mnt/d/projects/project_2008084/champhla_cc_confirmation/discovery/predictions.tsv	0a54db8183a37ed5c02ab18927ecc7fdc7b8fffacdf60bfa2a042f2ce891293a
HG00108	HG00108	development_exposed	/mnt/d/projects/project_2008084/champhla_egcc_pilot/inputs/evaluation_labels.tsv	fe99b18ac272f29bbad16d91cdd07049ebc1c95e8b3efd70d2bf971aa41e642c
HG00108	HG00108	development_exposed	/mnt/d/projects/project_2008084/champhla_egcc_pilot/inputs/fold_assignments.tsv	9c7da1b8d16cadd198b97ec1c338a35db33ae4d2af7d21d5a2b9abd8712f5132
HG00108	HG00108	holdout_exposed	/mnt/d/projects/project_2008084/champhla_egcc_pilot/runs/sealed_holdout/holdout_subjects.tsv	49f804a052aa86156f1f410ca4b86dd11a8ffe1314f9feb440bd06c370adf540
HG00108	HG00108	manifest_exposed	/mnt/d/projects/project_2008084/champhla_refformer/inputs/public_input_manifest.tsv	230aaf6f34e43c19717d53d980ccd0e96e9f0ddd75f701b64cf9b39aa246c82a
HG00108	HG00108	development_exposed	/mnt/d/projects/project_2008084/champhla_refformer/inputs/real_training_folds.tsv	d5bd39e81d63c876ccf2d632443fb47f4669008806bd3311e119e42aeb59effc
HG00108	HG00108	development_exposed	/mnt/d/projects/project_2008084/champhla_refformer/inputs/real_training_labels.tsv	74b26a6a5f9b3799098e340128b68d27e5b6c30f10fa5d6a23d311fb1b916f1c
HG00109	HG00109	evaluation_exposed	/mnt/d/projects/project_2008084/champhla_cc_confirmation/discovery/joined.tsv	155701a7da12e6c54833a39cee45795291cd15e97540c04be52d8da07877f345
HG00109	HG00109	evaluation_exposed	/mnt/d/projects/project_2008084/champhla_cc_confirmation/discovery/predictions.tsv	0a54db8183a37ed5c02ab18927ecc7fdc7b8fffacdf60bfa2a042f2ce891293a
HG00109	HG00109	development_exposed	/mnt/d/projects/project_2008084/champhla_egcc_pilot/inputs/evaluation_labels.tsv	fe99b18ac272f29bbad16d91cdd07049ebc1c95e8b3efd70d2bf971aa41e642c
HG00109	HG00109	development_exposed	/mnt/d/projects/project_2008084/champhla_egcc_pilot/inputs/fold_assignments.tsv	9c7da1b8d16cadd198b97ec1c338a35db33ae4d2af7d21d5a2b9abd8712f5132
HG00109	HG00109	holdout_exposed	/mnt/d/projects/project_2008084/champhla_egcc_pilot/runs/sealed_holdout/holdout_subjects.tsv	49f804a052aa86156f1f410ca4b86dd11a8ffe1314f9feb440bd06c370adf540
HG00109	HG00109	manifest_exposed	/mnt/d/projects/project_2008084/champhla_refformer/inputs/public_input_manifest.tsv	230aaf6f34e43c19717d53d980ccd0e96e9f0ddd75f701b64cf9b39aa246c82a
HG00109	HG00109	development_exposed	/mnt/d/projects/project_2008084/champhla_refformer/inputs/real_training_folds.tsv	d5bd39e81d63c876ccf2d632443fb47f4669008806bd3311e119e42aeb59effc
HG00109	HG00109	development_exposed	/mnt/d/projects/project_2008084/champhla_refformer/inputs/real_training_labels.tsv	74b26a6a5f9b3799098e340128b68d27e5b6c30f10fa5d6a23d311fb1b916f1c
HG00110	HG00110	evaluation_exposed	/mnt/d/projects/project_2008084/champhla_cc_confirmation/discovery/joined.tsv	155701a7da12e6c54833a39cee45795291cd15e97540c04be52d8da07877f345
HG00110	HG00110	evaluation_exposed	/mnt/d/projects/project_2008084/champhla_cc_confirmation/discovery/predictions.tsv	0a54db8183a37ed5c02ab18927ecc7fdc7b8fffacdf60bfa2a042f2ce891293a
HG00110	HG00110	development_exposed	/mnt/d/projects/project_2008084/champhla_egcc_pilot/inputs/evaluation_labels.tsv	fe99b18ac272f29bbad16d91cdd07049ebc1c95e8b3efd70d2bf971aa41e642c
HG00110	HG00110	development_exposed	/mnt/d/projects/project_2008084/champhla_egcc_pilot/inputs/fold_assignments.tsv	9c7da1b8d16cadd198b97ec1c338a35db33ae4d2af7d21d5a2b9abd8712f5132
HG00110	HG00110	holdout_exposed	/mnt/d/projects/project_2008084/champhla_egcc_pilot/runs/sealed_holdout/holdout_subjects.tsv	49f804a052aa86156f1f410ca4b86dd11a8ffe1314f9feb440bd06c370adf540
HG00110	HG00110	manifest_exposed	/mnt/d/projects/project_2008084/champhla_refformer/inputs/public_input_manifest.tsv	230aaf6f34e43c19717d53d980ccd0e96e9f0ddd75f701b64cf9b39aa246c82a
HG00110	HG00110	development_exposed	/mnt/d/projects/project_2008084/champhla_refformer/inputs/real_training_folds.tsv	d5bd39e81d63c876ccf2d632443fb47f4669008806bd3311e119e42aeb59effc
HG00110	HG00110	development_exposed	/mnt/d/projects/project_2008084/champhla_refformer/inputs/real_training_labels.tsv	74b26a6a5f9b3799098e340128b68d27e5b6c30f10fa5d6a23d311fb1b916f1c
HG00111	HG00111	evaluation_exposed	/mnt/d/projects/project_2008084/champhla_cc_confirmation/discovery/joined.tsv	155701a7da12e6c54833a39cee45795291cd15e97540c04be52d8da07877f345
HG00111	HG00111	evaluation_exposed	/mnt/d/projects/project_2008084/champhla_cc_confirmation/discovery/predictions.tsv	0a54db8183a37ed5c02ab18927ecc7fdc7b8fffacdf60bfa2a042f2ce891293a
HG00111	HG00111	development_exposed	/mnt/d/projects/project_2008084/champhla_egcc_pilot/inputs/evaluation_labels.tsv	fe99b18ac272f29bbad16d91cdd07049ebc1c95e8b3efd70d2bf971aa41e642c
HG00111	HG00111	development_exposed	/mnt/d/projects/project_2008084/champhla_egcc_pilot/inputs/fold_assignments.tsv	9c7da1b8d16cadd198b97ec1c338a35db33ae4d2af7d21d5a2b9abd8712f5132
HG00111	HG00111	development_exposed	/mnt/d/projects/project_2008084/champhla_egcc_pilot/runs/sealed_holdout/development_subjects.tsv	73adf453a2163162132c8893b30615b40a5ff4fd6ba17dccbb4d5d86550088d0
HG00111	HG00111	manifest_exposed	/mnt/d/projects/project_2008084/champhla_refformer/inputs/public_input_manifest.tsv	230aaf6f34e43c19717d53d980ccd0e96e9f0ddd75f701b64cf9b39aa246c82a
HG00111	HG00111	development_exposed	/mnt/d/projects/project_2008084/champhla_refformer/inputs/real_training_folds.tsv	d5bd39e81d63c876ccf2d632443fb47f4669008806bd3311e119e42aeb59effc
HG00111	HG00111	development_exposed	/mnt/d/projects/project_2008084/champhla_refformer/inputs/real_training_labels.tsv	74b26a6a5f9b3799098e340128b68d27e5b6c30f10fa5d6a23d311fb1b916f1c
HG00112	HG00112	evaluation_exposed	/mnt/d/projects/project_2008084/champhla_cc_confirmation/discovery/joined.tsv	155701a7da12e6c54833a39cee45795291cd15e97540c04be52d8da07877f345
HG00112	HG00112	evaluation_exposed	/mnt/d/projects/project_2008084/champhla_cc_confirmation/discovery/predictions.tsv	0a54db8183a37ed5c02ab18927ecc7fdc7b8fffacdf60bfa2a042f2ce891293a
HG00112	HG00112	development_exposed	/mnt/d/projects/project_2008084/champhla_egcc_pilot/inputs/evaluation_labels.tsv	fe99b18ac272f29bbad16d91cdd07049ebc1c95e8b3efd70d2bf971aa41e642c
HG00112	HG00112	development_exposed	/mnt/d/projects/project_2008084/champhla_egcc_pilot/inputs/fold_assignments.tsv	9c7da1b8d16cadd198b97ec1c338a35db33ae4d2af7d21d5a2b9abd8712f5132
HG00112	HG00112	development_exposed	/mnt/d/projects/project_2008084/champhla_egcc_pilot/runs/sealed_holdout/development_subjects.tsv	73adf453a2163162132c8893b30615b40a5ff4fd6ba17dccbb4d5d86550088d0
HG00112	HG00112	manifest_exposed	/mnt/d/projects/project_2008084/champhla_refformer/inputs/public_input_manifest.tsv	230aaf6f34e43c19717d53d980ccd0e96e9f0ddd75f701b64cf9b39aa246c82a
HG00112	HG00112	development_exposed	/mnt/d/projects/project_2008084/champhla_refformer/inputs/real_training_folds.tsv	d5bd39e81d63c876ccf2d632443fb47f4669008806bd3311e119e42aeb59effc
HG00112	HG00112	development_exposed	/mnt/d/projects/project_2008084/champhla_refformer/inputs/real_training_labels.tsv	74b26a6a5f9b3799098e340128b68d27e5b6c30f10fa5d6a23d311fb1b916f1c
HG00114	HG00114	evaluation_exposed	/mnt/d/projects/project_2008084/champhla_cc_confirmation/discovery/joined.tsv	155701a7da12e6c54833a39cee45795291cd15e97540c04be52d8da07877f345
HG00114	HG00114	evaluation_exposed	/mnt/d/projects/project_2008084/champhla_cc_confirmation/discovery/predictions.tsv	0a54db8183a37ed5c02ab18927ecc7fdc7b8fffacdf60bfa2a042f2ce891293a
HG00114	HG00114	development_exposed	/mnt/d/projects/project_2008084/champhla_egcc_pilot/inputs/evaluation_labels.tsv	fe99b18ac272f29bbad16d91cdd07049ebc1c95e8b3efd70d2bf971aa41e642c
HG00114	HG00114	development_exposed	/mnt/d/projects/project_2008084/champhla_egcc_pilot/inputs/fold_assignments.tsv	9c7da1b8d16cadd198b97ec1c338a35db33ae4d2af7d21d5a2b9abd8712f5132
HG00114	HG00114	development_exposed	/mnt/d/projects/project_2008084/champhla_egcc_pilot/runs/sealed_holdout/development_subjects.tsv	73adf453a2163162132c8893b30615b40a5ff4fd6ba17dccbb4d5d86550088d0
HG00114	HG00114	manifest_exposed	/mnt/d/projects/project_2008084/champhla_refformer/inputs/public_input_manifest.tsv	230aaf6f34e43c19717d53d980ccd0e96e9f0ddd75f701b64cf9b39aa246c82a
HG00114	HG00114	development_exposed	/mnt/d/projects/project_2008084/champhla_refformer/inputs/real_training_folds.tsv	d5bd39e81d63c876ccf2d632443fb47f4669008806bd3311e119e42aeb59effc
HG00114	HG00114	development_exposed	/mnt/d/projects/project_2008084/champhla_refformer/inputs/real_training_labels.tsv	74b26a6a5f9b3799098e340128b68d27e5b6c30f10fa5d6a23d311fb1b916f1c
HG00115	HG00115	evaluation_exposed	/mnt/d/projects/project_2008084/champhla_cc_confirmation/discovery/joined.tsv	155701a7da12e6c54833a39cee45795291cd15e97540c04be52d8da07877f345
HG00115	HG00115	evaluation_exposed	/mnt/d/projects/project_2008084/champhla_cc_confirmation/discovery/predictions.tsv	0a54db8183a37ed5c02ab18927ecc7fdc7b8fffacdf60bfa2a042f2ce891293a
HG00115	HG00115	development_exposed	/mnt/d/projects/project_2008084/champhla_egcc_pilot/inputs/evaluation_labels.tsv	fe99b18ac272f29bbad16d91cdd07049ebc1c95e8b3efd70d2bf971aa41e642c
HG00115	HG00115	development_exposed	/mnt/d/projects/project_2008084/champhla_egcc_pilot/inputs/fold_assignments.tsv	9c7da1b8d16cadd198b97ec1c338a35db33ae4d2af7d21d5a2b9abd8712f5132
HG00115	HG00115	development_exposed	/mnt/d/projects/project_2008084/champhla_egcc_pilot/runs/sealed_holdout/development_subjects.tsv	73adf453a2163162132c8893b30615b40a5ff4fd6ba17dccbb4d5d86550088d0
HG00115	HG00115	manifest_exposed	/mnt/d/projects/project_2008084/champhla_refformer/inputs/public_input_manifest.tsv	230aaf6f34e43c19717d53d980ccd0e96e9f0ddd75f701b64cf9b39aa246c82a
HG00115	HG00115	development_exposed	/mnt/d/projects/project_2008084/champhla_refformer/inputs/real_training_folds.tsv	d5bd39e81d63c876ccf2d632443fb47f4669008806bd3311e119e42aeb59effc
HG00115	HG00115	development_exposed	/mnt/d/projects/project_2008084/champhla_refformer/inputs/real_training_labels.tsv	74b26a6a5f9b3799098e340128b68d27e5b6c30f10fa5d6a23d311fb1b916f1c
HG00116	HG00116	evaluation_exposed	/mnt/d/projects/project_2008084/champhla_cc_confirmation/discovery/joined.tsv	155701a7da12e6c54833a39cee45795291cd15e97540c04be52d8da07877f345
HG00116	HG00116	evaluation_exposed	/mnt/d/projects/project_2008084/champhla_cc_confirmation/discovery/predictions.tsv	0a54db8183a37ed5c02ab18927ecc7fdc7b8fffacdf60bfa2a042f2ce891293a
HG00116	HG00116	development_exposed	/mnt/d/projects/project_2008084/champhla_egcc_pilot/inputs/evaluation_labels.tsv	fe99b18ac272f29bbad16d91cdd07049ebc1c95e8b3efd70d2bf971aa41e642c
HG00116	HG00116	development_exposed	/mnt/d/projects/project_2008084/champhla_egcc_pilot/inputs/fold_assignments.tsv	9c7da1b8d16cadd198b97ec1c338a35db33ae4d2af7d21d5a2b9abd8712f5132
HG00116	HG00116	development_exposed	/mnt/d/projects/project_2008084/champhla_egcc_pilot/runs/sealed_holdout/development_subjects.tsv	73adf453a2163162132c8893b30615b40a5ff4fd6ba17dccbb4d5d86550088d0
HG00116	HG00116	manifest_exposed	/mnt/d/projects/project_2008084/champhla_refformer/inputs/public_input_manifest.tsv	230aaf6f34e43c19717d53d980ccd0e96e9f0ddd75f701b64cf9b39aa246c82a
HG00116	HG00116	development_exposed	/mnt/d/projects/project_2008084/champhla_refformer/inputs/real_training_folds.tsv	d5bd39e81d63c876ccf2d632443fb47f4669008806bd3311e119e42aeb59effc
HG00116	HG00116	development_exposed	/mnt/d/projects/project_2008084/champhla_refformer/inputs/real_training_labels.tsv	74b26a6a5f9b3799098e340128b68d27e5b6c30f10fa5d6a23d311fb1b916f1c
HG00171	HG00171	evaluation_exposed	/mnt/d/projects/project_2008084/champhla_cc_confirmation/discovery/joined.tsv	155701a7da12e6c54833a39cee45795291cd15e97540c04be52d8da07877f345
HG00171	HG00171	evaluation_exposed	/mnt/d/projects/project_2008084/champhla_cc_confirmation/discovery/predictions.tsv	0a54db8183a37ed5c02ab18927ecc7fdc7b8fffacdf60bfa2a042f2ce891293a
HG00171	HG00171	development_exposed	/mnt/d/projects/project_2008084/champhla_egcc_pilot/inputs/evaluation_labels.tsv	fe99b18ac272f29bbad16d91cdd07049ebc1c95e8b3efd70d2bf971aa41e642c
HG00171	HG00171	development_exposed	/mnt/d/projects/project_2008084/champhla_egcc_pilot/inputs/fold_assignments.tsv	9c7da1b8d16cadd198b97ec1c338a35db33ae4d2af7d21d5a2b9abd8712f5132
HG00171	HG00171	holdout_exposed	/mnt/d/projects/project_2008084/champhla_egcc_pilot/runs/sealed_holdout/holdout_subjects.tsv	49f804a052aa86156f1f410ca4b86dd11a8ffe1314f9feb440bd06c370adf540
HG00171	HG00171	manifest_exposed	/mnt/d/projects/project_2008084/champhla_refformer/inputs/public_input_manifest.tsv	230aaf6f34e43c19717d53d980ccd0e96e9f0ddd75f701b64cf9b39aa246c82a
HG00171	HG00171	development_exposed	/mnt/d/projects/project_2008084/champhla_refformer/inputs/real_training_folds.tsv	d5bd39e81d63c876ccf2d632443fb47f4669008806bd3311e119e42aeb59effc
HG00171	HG00171	development_exposed	/mnt/d/projects/project_2008084/champhla_refformer/inputs/real_training_labels.tsv	74b26a6a5f9b3799098e340128b68d27e5b6c30f10fa5d6a23d311fb1b916f1c
HG00173	HG00173	evaluation_exposed	/mnt/d/projects/project_2008084/champhla_cc_confirmation/discovery/joined.tsv	155701a7da12e6c54833a39cee45795291cd15e97540c04be52d8da07877f345
HG00173	HG00173	evaluation_exposed	/mnt/d/projects/project_2008084/champhla_cc_confirmation/discovery/predictions.tsv	0a54db8183a37ed5c02ab18927ecc7fdc7b8fffacdf60bfa2a042f2ce891293a
HG00173	HG00173	development_exposed	/mnt/d/projects/project_2008084/champhla_egcc_pilot/inputs/evaluation_labels.tsv	fe99b18ac272f29bbad16d91cdd07049ebc1c95e8b3efd70d2bf971aa41e642c
HG00173	HG00173	development_exposed	/mnt/d/projects/project_2008084/champhla_egcc_pilot/inputs/fold_assignments.tsv	9c7da1b8d16cadd198b97ec1c338a35db33ae4d2af7d21d5a2b9abd8712f5132
HG00173	HG00173	holdout_exposed	/mnt/d/projects/project_2008084/champhla_egcc_pilot/runs/sealed_holdout/holdout_subjects.tsv	49f804a052aa86156f1f410ca4b86dd11a8ffe1314f9feb440bd06c370adf540
HG00173	HG00173	manifest_exposed	/mnt/d/projects/project_2008084/champhla_refformer/inputs/public_input_manifest.tsv	230aaf6f34e43c19717d53d980ccd0e96e9f0ddd75f701b64cf9b39aa246c82a
HG00173	HG00173	development_exposed	/mnt/d/projects/project_2008084/champhla_refformer/inputs/real_training_folds.tsv	d5bd39e81d63c876ccf2d632443fb47f4669008806bd3311e119e42aeb59effc
HG00173	HG00173	development_exposed	/mnt/d/projects/project_2008084/champhla_refformer/inputs/real_training_labels.tsv	74b26a6a5f9b3799098e340128b68d27e5b6c30f10fa5d6a23d311fb1b916f1c
HG00174	HG00174	evaluation_exposed	/mnt/d/projects/project_2008084/champhla_cc_confirmation/discovery/joined.tsv	155701a7da12e6c54833a39cee45795291cd15e97540c04be52d8da07877f345
HG00174	HG00174	evaluation_exposed	/mnt/d/projects/project_2008084/champhla_cc_confirmation/discovery/predictions.tsv	0a54db8183a37ed5c02ab18927ecc7fdc7b8fffacdf60bfa2a042f2ce891293a
HG00174	HG00174	development_exposed	/mnt/d/projects/project_2008084/champhla_egcc_pilot/inputs/evaluation_labels.tsv	fe99b18ac272f29bbad16d91cdd07049ebc1c95e8b3efd70d2bf971aa41e642c
HG00174	HG00174	development_exposed	/mnt/d/projects/project_2008084/champhla_egcc_pilot/inputs/fold_assignments.tsv	9c7da1b8d16cadd198b97ec1c338a35db33ae4d2af7d21d5a2b9abd8712f5132
HG00174	HG00174	development_exposed	/mnt/d/projects/project_2008084/champhla_egcc_pilot/runs/sealed_holdout/development_subjects.tsv	73adf453a2163162132c8893b30615b40a5ff4fd6ba17dccbb4d5d86550088d0
HG00174	HG00174	manifest_exposed	/mnt/d/projects/project_2008084/champhla_refformer/inputs/public_input_manifest.tsv	230aaf6f34e43c19717d53d980ccd0e96e9f0ddd75f701b64cf9b39aa246c82a
HG00174	HG00174	development_exposed	/mnt/d/projects/project_2008084/champhla_refformer/inputs/real_training_folds.tsv	d5bd39e81d63c876ccf2d632443fb47f4669008806bd3311e119e42aeb59effc
HG00174	HG00174	development_exposed	/mnt/d/projects/project_2008084/champhla_refformer/inputs/real_training_labels.tsv	74b26a6a5f9b3799098e340128b68d27e5b6c30f10fa5d6a23d311fb1b916f1c
HG00176	HG00176	evaluation_exposed	/mnt/d/projects/project_2008084/champhla_cc_confirmation/discovery/joined.tsv	155701a7da12e6c54833a39cee45795291cd15e97540c04be52d8da07877f345
HG00176	HG00176	evaluation_exposed	/mnt/d/projects/project_2008084/champhla_cc_confirmation/discovery/predictions.tsv	0a54db8183a37ed5c02ab18927ecc7fdc7b8fffacdf60bfa2a042f2ce891293a
HG00176	HG00176	development_exposed	/mnt/d/projects/project_2008084/champhla_egcc_pilot/inputs/evaluation_labels.tsv	fe99b18ac272f29bbad16d91cdd07049ebc1c95e8b3efd70d2bf971aa41e642c
HG00176	HG00176	development_exposed	/mnt/d/projects/project_2008084/champhla_egcc_pilot/inputs/fold_assignments.tsv	9c7da1b8d16cadd198b97ec1c338a35db33ae4d2af7d21d5a2b9abd8712f5132
HG00176	HG00176	development_exposed	/mnt/d/projects/project_2008084/champhla_egcc_pilot/runs/sealed_holdout/development_subjects.tsv	73adf453a2163162132c8893b30615b40a5ff4fd6ba17dccbb4d5d86550088d0
HG00176	HG00176	manifest_exposed	/mnt/d/projects/project_2008084/champhla_refformer/inputs/public_input_manifest.tsv	230aaf6f34e43c19717d53d980ccd0e96e9f0ddd75f701b64cf9b39aa246c82a
HG00176	HG00176	development_exposed	/mnt/d/projects/project_2008084/champhla_refformer/inputs/real_training_folds.tsv	d5bd39e81d63c876ccf2d632443fb47f4669008806bd3311e119e42aeb59effc
HG00176	HG00176	development_exposed	/mnt/d/projects/project_2008084/champhla_refformer/inputs/real_training_labels.tsv	74b26a6a5f9b3799098e340128b68d27e5b6c30f10fa5d6a23d311fb1b916f1c
HG00177	HG00177	evaluation_exposed	/mnt/d/projects/project_2008084/champhla_cc_confirmation/discovery/joined.tsv	155701a7da12e6c54833a39cee45795291cd15e97540c04be52d8da07877f345
HG00177	HG00177	evaluation_exposed	/mnt/d/projects/project_2008084/champhla_cc_confirmation/discovery/predictions.tsv	0a54db8183a37ed5c02ab18927ecc7fdc7b8fffacdf60bfa2a042f2ce891293a
HG00177	HG00177	development_exposed	/mnt/d/projects/project_2008084/champhla_egcc_pilot/inputs/evaluation_labels.tsv	fe99b18ac272f29bbad16d91cdd07049ebc1c95e8b3efd70d2bf971aa41e642c
HG00177	HG00177	development_exposed	/mnt/d/projects/project_2008084/champhla_egcc_pilot/inputs/fold_assignments.tsv	9c7da1b8d16cadd198b97ec1c338a35db33ae4d2af7d21d5a2b9abd8712f5132
HG00177	HG00177	development_exposed	/mnt/d/projects/project_2008084/champhla_egcc_pilot/runs/sealed_holdout/development_subjects.tsv	73adf453a2163162132c8893b30615b40a5ff4fd6ba17dccbb4d5d86550088d0
HG00177	HG00177	manifest_exposed	/mnt/d/projects/project_2008084/champhla_refformer/inputs/public_input_manifest.tsv	230aaf6f34e43c19717d53d980ccd0e96e9f0ddd75f701b64cf9b39aa246c82a
HG00177	HG00177	development_exposed	/mnt/d/projects/project_2008084/champhla_refformer/inputs/real_training_folds.tsv	d5bd39e81d63c876ccf2d632443fb47f4669008806bd3311e119e42aeb59effc
HG00177	HG00177	development_exposed	/mnt/d/projects/project_2008084/champhla_refformer/inputs/real_training_labels.tsv	74b26a6a5f9b3799098e340128b68d27e5b6c30f10fa5d6a23d311fb1b916f1c
HG00178	HG00178	evaluation_exposed	/mnt/d/projects/project_2008084/champhla_cc_confirmation/discovery/joined.tsv	155701a7da12e6c54833a39cee45795291cd15e97540c04be52d8da07877f345
HG00178	HG00178	evaluation_exposed	/mnt/d/projects/project_2008084/champhla_cc_confirmation/discovery/predictions.tsv	0a54db8183a37ed5c02ab18927ecc7fdc7b8fffacdf60bfa2a042f2ce891293a
HG00178	HG00178	development_exposed	/mnt/d/projects/project_2008084/champhla_egcc_pilot/inputs/evaluation_labels.tsv	fe99b18ac272f29bbad16d91cdd07049ebc1c95e8b3efd70d2bf971aa41e642c
HG00178	HG00178	development_exposed	/mnt/d/projects/project_2008084/champhla_egcc_pilot/inputs/fold_assignments.tsv	9c7da1b8d16cadd198b97ec1c338a35db33ae4d2af7d21d5a2b9abd8712f5132
HG00178	HG00178	development_exposed	/mnt/d/projects/project_2008084/champhla_egcc_pilot/runs/sealed_holdout/development_subjects.tsv	73adf453a2163162132c8893b30615b40a5ff4fd6ba17dccbb4d5d86550088d0
HG00178	HG00178	manifest_exposed	/mnt/d/projects/project_2008084/champhla_refformer/inputs/public_input_manifest.tsv	230aaf6f34e43c19717d53d980ccd0e96e9f0ddd75f701b64cf9b39aa246c82a
HG00178	HG00178	development_exposed	/mnt/d/projects/project_2008084/champhla_refformer/inputs/real_training_folds.tsv	d5bd39e81d63c876ccf2d632443fb47f4669008806bd3311e119e42aeb59effc
HG00178	HG00178	development_exposed	/mnt/d/projects/project_2008084/champhla_refformer/inputs/real_training_labels.tsv	74b26a6a5f9b3799098e340128b68d27e5b6c30f10fa5d6a23d311fb1b916f1c
HG00179	HG00179	evaluation_exposed	/mnt/d/projects/project_2008084/champhla_cc_confirmation/discovery/joined.tsv	155701a7da12e6c54833a39cee45795291cd15e97540c04be52d8da07877f345
HG00179	HG00179	evaluation_exposed	/mnt/d/projects/project_2008084/champhla_cc_confirmation/discovery/predictions.tsv	0a54db8183a37ed5c02ab18927ecc7fdc7b8fffacdf60bfa2a042f2ce891293a
HG00179	HG00179	development_exposed	/mnt/d/projects/project_2008084/champhla_egcc_pilot/inputs/evaluation_labels.tsv	fe99b18ac272f29bbad16d91cdd07049ebc1c95e8b3efd70d2bf971aa41e642c
HG00179	HG00179	development_exposed	/mnt/d/projects/project_2008084/champhla_egcc_pilot/inputs/fold_assignments.tsv	9c7da1b8d16cadd198b97ec1c338a35db33ae4d2af7d21d5a2b9abd8712f5132
HG00179	HG00179	development_exposed	/mnt/d/projects/project_2008084/champhla_egcc_pilot/runs/sealed_holdout/development_subjects.tsv	73adf453a2163162132c8893b30615b40a5ff4fd6ba17dccbb4d5d86550088d0
HG00179	HG00179	manifest_exposed	/mnt/d/projects/project_2008084/champhla_refformer/inputs/public_input_manifest.tsv	230aaf6f34e43c19717d53d980ccd0e96e9f0ddd75f701b64cf9b39aa246c82a
HG00179	HG00179	development_exposed	/mnt/d/projects/project_2008084/champhla_refformer/inputs/real_training_folds.tsv	d5bd39e81d63c876ccf2d632443fb47f4669008806bd3311e119e42aeb59effc
HG00179	HG00179	development_exposed	/mnt/d/projects/project_2008084/champhla_refformer/inputs/real_training_labels.tsv	74b26a6a5f9b3799098e340128b68d27e5b6c30f10fa5d6a23d311fb1b916f1c
HG00180	HG00180	evaluation_exposed	/mnt/d/projects/project_2008084/champhla_cc_confirmation/discovery/joined.tsv	155701a7da12e6c54833a39cee45795291cd15e97540c04be52d8da07877f345
HG00180	HG00180	evaluation_exposed	/mnt/d/projects/project_2008084/champhla_cc_confirmation/discovery/predictions.tsv	0a54db8183a37ed5c02ab18927ecc7fdc7b8fffacdf60bfa2a042f2ce891293a
HG00180	HG00180	development_exposed	/mnt/d/projects/project_2008084/champhla_egcc_pilot/inputs/evaluation_labels.tsv	fe99b18ac272f29bbad16d91cdd07049ebc1c95e8b3efd70d2bf971aa41e642c
HG00180	HG00180	development_exposed	/mnt/d/projects/project_2008084/champhla_egcc_pilot/inputs/fold_assignments.tsv	9c7da1b8d16cadd198b97ec1c338a35db33ae4d2af7d21d5a2b9abd8712f5132
HG00180	HG00180	development_exposed	/mnt/d/projects/project_2008084/champhla_egcc_pilot/runs/sealed_holdout/development_subjects.tsv	73adf453a2163162132c8893b30615b40a5ff4fd6ba17dccbb4d5d86550088d0
HG00180	HG00180	manifest_exposed	/mnt/d/projects/project_2008084/champhla_refformer/inputs/public_input_manifest.tsv	230aaf6f34e43c19717d53d980ccd0e96e9f0ddd75f701b64cf9b39aa246c82a
HG00180	HG00180	development_exposed	/mnt/d/projects/project_2008084/champhla_refformer/inputs/real_training_folds.tsv	d5bd39e81d63c876ccf2d632443fb47f4669008806bd3311e119e42aeb59effc
HG00180	HG00180	development_exposed	/mnt/d/projects/project_2008084/champhla_refformer/inputs/real_training_labels.tsv	74b26a6a5f9b3799098e340128b68d27e5b6c30f10fa5d6a23d311fb1b916f1c
HG00181	HG00181	evaluation_exposed	/mnt/d/projects/project_2008084/champhla_cc_confirmation/discovery/joined.tsv	155701a7da12e6c54833a39cee45795291cd15e97540c04be52d8da07877f345
HG00181	HG00181	evaluation_exposed	/mnt/d/projects/project_2008084/champhla_cc_confirmation/discovery/predictions.tsv	0a54db8183a37ed5c02ab18927ecc7fdc7b8fffacdf60bfa2a042f2ce891293a
HG00181	HG00181	development_exposed	/mnt/d/projects/project_2008084/champhla_egcc_pilot/inputs/evaluation_labels.tsv	fe99b18ac272f29bbad16d91cdd07049ebc1c95e8b3efd70d2bf971aa41e642c
HG00181	HG00181	development_exposed	/mnt/d/projects/project_2008084/champhla_egcc_pilot/inputs/fold_assignments.tsv	9c7da1b8d16cadd198b97ec1c338a35db33ae4d2af7d21d5a2b9abd8712f5132
HG00181	HG00181	development_exposed	/mnt/d/projects/project_2008084/champhla_egcc_pilot/runs/sealed_holdout/development_subjects.tsv	73adf453a2163162132c8893b30615b40a5ff4fd6ba17dccbb4d5d86550088d0
HG00181	HG00181	manifest_exposed	/mnt/d/projects/project_2008084/champhla_refformer/inputs/public_input_manifest.tsv	230aaf6f34e43c19717d53d980ccd0e96e9f0ddd75f701b64cf9b39aa246c82a
HG00181	HG00181	development_exposed	/mnt/d/projects/project_2008084/champhla_refformer/inputs/real_training_folds.tsv	d5bd39e81d63c876ccf2d632443fb47f4669008806bd3311e119e42aeb59effc
HG00181	HG00181	development_exposed	/mnt/d/projects/project_2008084/champhla_refformer/inputs/real_training_labels.tsv	74b26a6a5f9b3799098e340128b68d27e5b6c30f10fa5d6a23d311fb1b916f1c
HG00182	HG00182	evaluation_exposed	/mnt/d/projects/project_2008084/champhla_cc_confirmation/discovery/joined.tsv	155701a7da12e6c54833a39cee45795291cd15e97540c04be52d8da07877f345
HG00182	HG00182	evaluation_exposed	/mnt/d/projects/project_2008084/champhla_cc_confirmation/discovery/predictions.tsv	0a54db8183a37ed5c02ab18927ecc7fdc7b8fffacdf60bfa2a042f2ce891293a
HG00182	HG00182	development_exposed	/mnt/d/projects/project_2008084/champhla_egcc_pilot/inputs/evaluation_labels.tsv	fe99b18ac272f29bbad16d91cdd07049ebc1c95e8b3efd70d2bf971aa41e642c
HG00182	HG00182	development_exposed	/mnt/d/projects/project_2008084/champhla_egcc_pilot/inputs/fold_assignments.tsv	9c7da1b8d16cadd198b97ec1c338a35db33ae4d2af7d21d5a2b9abd8712f5132
HG00182	HG00182	development_exposed	/mnt/d/projects/project_2008084/champhla_egcc_pilot/runs/sealed_holdout/development_subjects.tsv	73adf453a2163162132c8893b30615b40a5ff4fd6ba17dccbb4d5d86550088d0
HG00182	HG00182	manifest_exposed	/mnt/d/projects/project_2008084/champhla_refformer/inputs/public_input_manifest.tsv	230aaf6f34e43c19717d53d980ccd0e96e9f0ddd75f701b64cf9b39aa246c82a
HG00182	HG00182	development_exposed	/mnt/d/projects/project_2008084/champhla_refformer/inputs/real_training_folds.tsv	d5bd39e81d63c876ccf2d632443fb47f4669008806bd3311e119e42aeb59effc
HG00182	HG00182	development_exposed	/mnt/d/projects/project_2008084/champhla_refformer/inputs/real_training_labels.tsv	74b26a6a5f9b3799098e340128b68d27e5b6c30f10fa5d6a23d311fb1b916f1c
HG00183	HG00183	evaluation_exposed	/mnt/d/projects/project_2008084/champhla_cc_confirmation/discovery/joined.tsv	155701a7da12e6c54833a39cee45795291cd15e97540c04be52d8da07877f345
HG00183	HG00183	evaluation_exposed	/mnt/d/projects/project_2008084/champhla_cc_confirmation/discovery/predictions.tsv	0a54db8183a37ed5c02ab18927ecc7fdc7b8fffacdf60bfa2a042f2ce891293a
HG00183	HG00183	development_exposed	/mnt/d/projects/project_2008084/champhla_egcc_pilot/inputs/evaluation_labels.tsv	fe99b18ac272f29bbad16d91cdd07049ebc1c95e8b3efd70d2bf971aa41e642c
HG00183	HG00183	development_exposed	/mnt/d/projects/project_2008084/champhla_egcc_pilot/inputs/fold_assignments.tsv	9c7da1b8d16cadd198b97ec1c338a35db33ae4d2af7d21d5a2b9abd8712f5132
HG00183	HG00183	development_exposed	/mnt/d/projects/project_2008084/champhla_egcc_pilot/runs/sealed_holdout/development_subjects.tsv	73adf453a2163162132c8893b30615b40a5ff4fd6ba17dccbb4d5d86550088d0
HG00183	HG00183	manifest_exposed	/mnt/d/projects/project_2008084/champhla_refformer/inputs/public_input_manifest.tsv	230aaf6f34e43c19717d53d980ccd0e96e9f0ddd75f701b64cf9b39aa246c82a
HG00183	HG00183	development_exposed	/mnt/d/projects/project_2008084/champhla_refformer/inputs/real_training_folds.tsv	d5bd39e81d63c876ccf2d632443fb47f4669008806bd3311e119e42aeb59effc
HG00183	HG00183	development_exposed	/mnt/d/projects/project_2008084/champhla_refformer/inputs/real_training_labels.tsv	74b26a6a5f9b3799098e340128b68d27e5b6c30f10fa5d6a23d311fb1b916f1c
HG00185	HG00185	evaluation_exposed	/mnt/d/projects/project_2008084/champhla_cc_confirmation/discovery/joined.tsv	155701a7da12e6c54833a39cee45795291cd15e97540c04be52d8da07877f345
HG00185	HG00185	evaluation_exposed	/mnt/d/projects/project_2008084/champhla_cc_confirmation/discovery/predictions.tsv	0a54db8183a37ed5c02ab18927ecc7fdc7b8fffacdf60bfa2a042f2ce891293a
HG00185	HG00185	development_exposed	/mnt/d/projects/project_2008084/champhla_egcc_pilot/inputs/evaluation_labels.tsv	fe99b18ac272f29bbad16d91cdd07049ebc1c95e8b3efd70d2bf971aa41e642c
HG00185	HG00185	development_exposed	/mnt/d/projects/project_2008084/champhla_egcc_pilot/inputs/fold_assignments.tsv	9c7da1b8d16cadd198b97ec1c338a35db33ae4d2af7d21d5a2b9abd8712f5132
HG00185	HG00185	development_exposed	/mnt/d/projects/project_2008084/champhla_egcc_pilot/runs/sealed_holdout/development_subjects.tsv	73adf453a2163162132c8893b30615b40a5ff4fd6ba17dccbb4d5d86550088d0
HG00185	HG00185	manifest_exposed	/mnt/d/projects/project_2008084/champhla_refformer/inputs/public_input_manifest.tsv	230aaf6f34e43c19717d53d980ccd0e96e9f0ddd75f701b64cf9b39aa246c82a
HG00185	HG00185	development_exposed	/mnt/d/projects/project_2008084/champhla_refformer/inputs/real_training_folds.tsv	d5bd39e81d63c876ccf2d632443fb47f4669008806bd3311e119e42aeb59effc
HG00185	HG00185	development_exposed	/mnt/d/projects/project_2008084/champhla_refformer/inputs/real_training_labels.tsv	74b26a6a5f9b3799098e340128b68d27e5b6c30f10fa5d6a23d311fb1b916f1c
HG00186	HG00186	evaluation_exposed	/mnt/d/projects/project_2008084/champhla_cc_confirmation/discovery/joined.tsv	155701a7da12e6c54833a39cee45795291cd15e97540c04be52d8da07877f345
HG00186	HG00186	evaluation_exposed	/mnt/d/projects/project_2008084/champhla_cc_confirmation/discovery/predictions.tsv	0a54db8183a37ed5c02ab18927ecc7fdc7b8fffacdf60bfa2a042f2ce891293a
HG00186	HG00186	development_exposed	/mnt/d/projects/project_2008084/champhla_egcc_pilot/inputs/evaluation_labels.tsv	fe99b18ac272f29bbad16d91cdd07049ebc1c95e8b3efd70d2bf971aa41e642c
HG00186	HG00186	development_exposed	/mnt/d/projects/project_2008084/champhla_egcc_pilot/inputs/fold_assignments.tsv	9c7da1b8d16cadd198b97ec1c338a35db33ae4d2af7d21d5a2b9abd8712f5132
HG00186	HG00186	development_exposed	/mnt/d/projects/project_2008084/champhla_egcc_pilot/runs/sealed_holdout/development_subjects.tsv	73adf453a2163162132c8893b30615b40a5ff4fd6ba17dccbb4d5d86550088d0
HG00186	HG00186	manifest_exposed	/mnt/d/projects/project_2008084/champhla_refformer/inputs/public_input_manifest.tsv	230aaf6f34e43c19717d53d980ccd0e96e9f0ddd75f701b64cf9b39aa246c82a
HG00186	HG00186	development_exposed	/mnt/d/projects/project_2008084/champhla_refformer/inputs/real_training_folds.tsv	d5bd39e81d63c876ccf2d632443fb47f4669008806bd3311e119e42aeb59effc
HG00186	HG00186	development_exposed	/mnt/d/projects/project_2008084/champhla_refformer/inputs/real_training_labels.tsv	74b26a6a5f9b3799098e340128b68d27e5b6c30f10fa5d6a23d311fb1b916f1c
HG00187	HG00187	evaluation_exposed	/mnt/d/projects/project_2008084/champhla_cc_confirmation/discovery/joined.tsv	155701a7da12e6c54833a39cee45795291cd15e97540c04be52d8da07877f345
HG00187	HG00187	evaluation_exposed	/mnt/d/projects/project_2008084/champhla_cc_confirmation/discovery/predictions.tsv	0a54db8183a37ed5c02ab18927ecc7fdc7b8fffacdf60bfa2a042f2ce891293a
HG00187	HG00187	development_exposed	/mnt/d/projects/project_2008084/champhla_egcc_pilot/inputs/evaluation_labels.tsv	fe99b18ac272f29bbad16d91cdd07049ebc1c95e8b3efd70d2bf971aa41e642c
HG00187	HG00187	development_exposed	/mnt/d/projects/project_2008084/champhla_egcc_pilot/inputs/fold_assignments.tsv	9c7da1b8d16cadd198b97ec1c338a35db33ae4d2af7d21d5a2b9abd8712f5132
HG00187	HG00187	holdout_exposed	/mnt/d/projects/project_2008084/champhla_egcc_pilot/runs/sealed_holdout/holdout_subjects.tsv	49f804a052aa86156f1f410ca4b86dd11a8ffe1314f9feb440bd06c370adf540
HG00187	HG00187	manifest_exposed	/mnt/d/projects/project_2008084/champhla_refformer/inputs/public_input_manifest.tsv	230aaf6f34e43c19717d53d980ccd0e96e9f0ddd75f701b64cf9b39aa246c82a
HG00187	HG00187	development_exposed	/mnt/d/projects/project_2008084/champhla_refformer/inputs/real_training_folds.tsv	d5bd39e81d63c876ccf2d632443fb47f4669008806bd3311e119e42aeb59effc
HG00187	HG00187	development_exposed	/mnt/d/projects/project_2008084/champhla_refformer/inputs/real_training_labels.tsv	74b26a6a5f9b3799098e340128b68d27e5b6c30f10fa5d6a23d311fb1b916f1c
HG00188	HG00188	evaluation_exposed	/mnt/d/projects/project_2008084/champhla_cc_confirmation/discovery/joined.tsv	155701a7da12e6c54833a39cee45795291cd15e97540c04be52d8da07877f345
HG00188	HG00188	evaluation_exposed	/mnt/d/projects/project_2008084/champhla_cc_confirmation/discovery/predictions.tsv	0a54db8183a37ed5c02ab18927ecc7fdc7b8fffacdf60bfa2a042f2ce891293a
HG00188	HG00188	development_exposed	/mnt/d/projects/project_2008084/champhla_egcc_pilot/inputs/evaluation_labels.tsv	fe99b18ac272f29bbad16d91cdd07049ebc1c95e8b3efd70d2bf971aa41e642c
HG00188	HG00188	development_exposed	/mnt/d/projects/project_2008084/champhla_egcc_pilot/inputs/fold_assignments.tsv	9c7da1b8d16cadd198b97ec1c338a35db33ae4d2af7d21d5a2b9abd8712f5132
HG00188	HG00188	holdout_exposed	/mnt/d/projects/project_2008084/champhla_egcc_pilot/runs/sealed_holdout/holdout_subjects.tsv	49f804a052aa86156f1f410ca4b86dd11a8ffe1314f9feb440bd06c370adf540
HG00188	HG00188	manifest_exposed	/mnt/d/projects/project_2008084/champhla_refformer/inputs/public_input_manifest.tsv	230aaf6f34e43c19717d53d980ccd0e96e9f0ddd75f701b64cf9b39aa246c82a
HG00188	HG00188	development_exposed	/mnt/d/projects/project_2008084/champhla_refformer/inputs/real_training_folds.tsv	d5bd39e81d63c876ccf2d632443fb47f4669008806bd3311e119e42aeb59effc
HG00188	HG00188	development_exposed	/mnt/d/projects/project_2008084/champhla_refformer/inputs/real_training_labels.tsv	74b26a6a5f9b3799098e340128b68d27e5b6c30f10fa5d6a23d311fb1b916f1c
HG00189	HG00189	evaluation_exposed	/mnt/d/projects/project_2008084/champhla_cc_confirmation/discovery/joined.tsv	155701a7da12e6c54833a39cee45795291cd15e97540c04be52d8da07877f345
HG00189	HG00189	evaluation_exposed	/mnt/d/projects/project_2008084/champhla_cc_confirmation/discovery/predictions.tsv	0a54db8183a37ed5c02ab18927ecc7fdc7b8fffacdf60bfa2a042f2ce891293a
HG00189	HG00189	development_exposed	/mnt/d/projects/project_2008084/champhla_egcc_pilot/inputs/evaluation_labels.tsv	fe99b18ac272f29bbad16d91cdd07049ebc1c95e8b3efd70d2bf971aa41e642c
HG00189	HG00189	development_exposed	/mnt/d/projects/project_2008084/champhla_egcc_pilot/inputs/fold_assignments.tsv	9c7da1b8d16cadd198b97ec1c338a35db33ae4d2af7d21d5a2b9abd8712f5132
HG00189	HG00189	development_exposed	/mnt/d/projects/project_2008084/champhla_egcc_pilot/runs/sealed_holdout/development_subjects.tsv	73adf453a2163162132c8893b30615b40a5ff4fd6ba17dccbb4d5d86550088d0
HG00189	HG00189	manifest_exposed	/mnt/d/projects/project_2008084/champhla_refformer/inputs/public_input_manifest.tsv	230aaf6f34e43c19717d53d980ccd0e96e9f0ddd75f701b64cf9b39aa246c82a
HG00189	HG00189	development_exposed	/mnt/d/projects/project_2008084/champhla_refformer/inputs/real_training_folds.tsv	d5bd39e81d63c876ccf2d632443fb47f4669008806bd3311e119e42aeb59effc
HG00189	HG00189	development_exposed	/mnt/d/projects/project_2008084/champhla_refformer/inputs/real_training_labels.tsv	74b26a6a5f9b3799098e340128b68d27e5b6c30f10fa5d6a23d311fb1b916f1c
HG00266	HG00266	evaluation_exposed	/mnt/d/projects/project_2008084/champhla_cc_confirmation/discovery/joined.tsv	155701a7da12e6c54833a39cee45795291cd15e97540c04be52d8da07877f345
HG00266	HG00266	evaluation_exposed	/mnt/d/projects/project_2008084/champhla_cc_confirmation/discovery/predictions.tsv	0a54db8183a37ed5c02ab18927ecc7fdc7b8fffacdf60bfa2a042f2ce891293a
HG00266	HG00266	development_exposed	/mnt/d/projects/project_2008084/champhla_egcc_pilot/inputs/evaluation_labels.tsv	fe99b18ac272f29bbad16d91cdd07049ebc1c95e8b3efd70d2bf971aa41e642c
HG00266	HG00266	development_exposed	/mnt/d/projects/project_2008084/champhla_egcc_pilot/inputs/fold_assignments.tsv	9c7da1b8d16cadd198b97ec1c338a35db33ae4d2af7d21d5a2b9abd8712f5132
HG00266	HG00266	holdout_exposed	/mnt/d/projects/project_2008084/champhla_egcc_pilot/runs/sealed_holdout/holdout_subjects.tsv	49f804a052aa86156f1f410ca4b86dd11a8ffe1314f9feb440bd06c370adf540
HG00266	HG00266	manifest_exposed	/mnt/d/projects/project_2008084/champhla_refformer/inputs/public_input_manifest.tsv	230aaf6f34e43c19717d53d980ccd0e96e9f0ddd75f701b64cf9b39aa246c82a
HG00266	HG00266	development_exposed	/mnt/d/projects/project_2008084/champhla_refformer/inputs/real_training_folds.tsv	d5bd39e81d63c876ccf2d632443fb47f4669008806bd3311e119e42aeb59effc
HG00266	HG00266	development_exposed	/mnt/d/projects/project_2008084/champhla_refformer/inputs/real_training_labels.tsv	74b26a6a5f9b3799098e340128b68d27e5b6c30f10fa5d6a23d311fb1b916f1c
HG00551	HG00551	evaluation_exposed	/mnt/d/projects/project_2008084/champhla_cc_confirmation/discovery/joined.tsv	155701a7da12e6c54833a39cee45795291cd15e97540c04be52d8da07877f345
HG00551	HG00551	evaluation_exposed	/mnt/d/projects/project_2008084/champhla_cc_confirmation/discovery/predictions.tsv	0a54db8183a37ed5c02ab18927ecc7fdc7b8fffacdf60bfa2a042f2ce891293a
HG00551	HG00551	development_exposed	/mnt/d/projects/project_2008084/champhla_egcc_pilot/inputs/evaluation_labels.tsv	fe99b18ac272f29bbad16d91cdd07049ebc1c95e8b3efd70d2bf971aa41e642c
HG00551	HG00551	development_exposed	/mnt/d/projects/project_2008084/champhla_egcc_pilot/inputs/fold_assignments.tsv	9c7da1b8d16cadd198b97ec1c338a35db33ae4d2af7d21d5a2b9abd8712f5132
HG00551	HG00551	development_exposed	/mnt/d/projects/project_2008084/champhla_egcc_pilot/runs/sealed_holdout/development_subjects.tsv	73adf453a2163162132c8893b30615b40a5ff4fd6ba17dccbb4d5d86550088d0
HG00551	HG00551	manifest_exposed	/mnt/d/projects/project_2008084/champhla_refformer/inputs/public_input_manifest.tsv	230aaf6f34e43c19717d53d980ccd0e96e9f0ddd75f701b64cf9b39aa246c82a
HG00551	HG00551	development_exposed	/mnt/d/projects/project_2008084/champhla_refformer/inputs/real_training_folds.tsv	d5bd39e81d63c876ccf2d632443fb47f4669008806bd3311e119e42aeb59effc
HG00551	HG00551	development_exposed	/mnt/d/projects/project_2008084/champhla_refformer/inputs/real_training_labels.tsv	74b26a6a5f9b3799098e340128b68d27e5b6c30f10fa5d6a23d311fb1b916f1c
HG00553	HG00553	evaluation_exposed	/mnt/d/projects/project_2008084/champhla_cc_confirmation/discovery/joined.tsv	155701a7da12e6c54833a39cee45795291cd15e97540c04be52d8da07877f345
HG00553	HG00553	evaluation_exposed	/mnt/d/projects/project_2008084/champhla_cc_confirmation/discovery/predictions.tsv	0a54db8183a37ed5c02ab18927ecc7fdc7b8fffacdf60bfa2a042f2ce891293a
HG00553	HG00553	development_exposed	/mnt/d/projects/project_2008084/champhla_egcc_pilot/inputs/evaluation_labels.tsv	fe99b18ac272f29bbad16d91cdd07049ebc1c95e8b3efd70d2bf971aa41e642c
HG00553	HG00553	development_exposed	/mnt/d/projects/project_2008084/champhla_egcc_pilot/inputs/fold_assignments.tsv	9c7da1b8d16cadd198b97ec1c338a35db33ae4d2af7d21d5a2b9abd8712f5132
HG00553	HG00553	development_exposed	/mnt/d/projects/project_2008084/champhla_egcc_pilot/runs/sealed_holdout/development_subjects.tsv	73adf453a2163162132c8893b30615b40a5ff4fd6ba17dccbb4d5d86550088d0
HG00553	HG00553	manifest_exposed	/mnt/d/projects/project_2008084/champhla_refformer/inputs/public_input_manifest.tsv	230aaf6f34e43c19717d53d980ccd0e96e9f0ddd75f701b64cf9b39aa246c82a
HG00553	HG00553	development_exposed	/mnt/d/projects/project_2008084/champhla_refformer/inputs/real_training_folds.tsv	d5bd39e81d63c876ccf2d632443fb47f4669008806bd3311e119e42aeb59effc
HG00553	HG00553	development_exposed	/mnt/d/projects/project_2008084/champhla_refformer/inputs/real_training_labels.tsv	74b26a6a5f9b3799098e340128b68d27e5b6c30f10fa5d6a23d311fb1b916f1c
HG00554	HG00554	evaluation_exposed	/mnt/d/projects/project_2008084/champhla_cc_confirmation/discovery/joined.tsv	155701a7da12e6c54833a39cee45795291cd15e97540c04be52d8da07877f345
HG00554	HG00554	evaluation_exposed	/mnt/d/projects/project_2008084/champhla_cc_confirmation/discovery/predictions.tsv	0a54db8183a37ed5c02ab18927ecc7fdc7b8fffacdf60bfa2a042f2ce891293a
HG00554	HG00554	development_exposed	/mnt/d/projects/project_2008084/champhla_egcc_pilot/inputs/evaluation_labels.tsv	fe99b18ac272f29bbad16d91cdd07049ebc1c95e8b3efd70d2bf971aa41e642c
HG00554	HG00554	development_exposed	/mnt/d/projects/project_2008084/champhla_egcc_pilot/inputs/fold_assignments.tsv	9c7da1b8d16cadd198b97ec1c338a35db33ae4d2af7d21d5a2b9abd8712f5132
HG00554	HG00554	development_exposed	/mnt/d/projects/project_2008084/champhla_egcc_pilot/runs/sealed_holdout/development_subjects.tsv	73adf453a2163162132c8893b30615b40a5ff4fd6ba17dccbb4d5d86550088d0
HG00554	HG00554	manifest_exposed	/mnt/d/projects/project_2008084/champhla_refformer/inputs/public_input_manifest.tsv	230aaf6f34e43c19717d53d980ccd0e96e9f0ddd75f701b64cf9b39aa246c82a
HG00554	HG00554	development_exposed	/mnt/d/projects/project_2008084/champhla_refformer/inputs/real_training_folds.tsv	d5bd39e81d63c876ccf2d632443fb47f4669008806bd3311e119e42aeb59effc
HG00554	HG00554	development_exposed	/mnt/d/projects/project_2008084/champhla_refformer/inputs/real_training_labels.tsv	74b26a6a5f9b3799098e340128b68d27e5b6c30f10fa5d6a23d311fb1b916f1c
HG00637	HG00637	evaluation_exposed	/mnt/d/projects/project_2008084/champhla_cc_confirmation/discovery/joined.tsv	155701a7da12e6c54833a39cee45795291cd15e97540c04be52d8da07877f345
HG00637	HG00637	evaluation_exposed	/mnt/d/projects/project_2008084/champhla_cc_confirmation/discovery/predictions.tsv	0a54db8183a37ed5c02ab18927ecc7fdc7b8fffacdf60bfa2a042f2ce891293a
HG00637	HG00637	development_exposed	/mnt/d/projects/project_2008084/champhla_egcc_pilot/inputs/evaluation_labels.tsv	fe99b18ac272f29bbad16d91cdd07049ebc1c95e8b3efd70d2bf971aa41e642c
HG00637	HG00637	development_exposed	/mnt/d/projects/project_2008084/champhla_egcc_pilot/inputs/fold_assignments.tsv	9c7da1b8d16cadd198b97ec1c338a35db33ae4d2af7d21d5a2b9abd8712f5132
HG00637	HG00637	development_exposed	/mnt/d/projects/project_2008084/champhla_egcc_pilot/runs/sealed_holdout/development_subjects.tsv	73adf453a2163162132c8893b30615b40a5ff4fd6ba17dccbb4d5d86550088d0
HG00637	HG00637	manifest_exposed	/mnt/d/projects/project_2008084/champhla_refformer/inputs/public_input_manifest.tsv	230aaf6f34e43c19717d53d980ccd0e96e9f0ddd75f701b64cf9b39aa246c82a
HG00637	HG00637	development_exposed	/mnt/d/projects/project_2008084/champhla_refformer/inputs/real_training_folds.tsv	d5bd39e81d63c876ccf2d632443fb47f4669008806bd3311e119e42aeb59effc
HG00637	HG00637	development_exposed	/mnt/d/projects/project_2008084/champhla_refformer/inputs/real_training_labels.tsv	74b26a6a5f9b3799098e340128b68d27e5b6c30f10fa5d6a23d311fb1b916f1c
HG00638	HG00638	evaluation_exposed	/mnt/d/projects/project_2008084/champhla_cc_confirmation/discovery/joined.tsv	155701a7da12e6c54833a39cee45795291cd15e97540c04be52d8da07877f345
HG00638	HG00638	evaluation_exposed	/mnt/d/projects/project_2008084/champhla_cc_confirmation/discovery/predictions.tsv	0a54db8183a37ed5c02ab18927ecc7fdc7b8fffacdf60bfa2a042f2ce891293a
HG00638	HG00638	development_exposed	/mnt/d/projects/project_2008084/champhla_egcc_pilot/inputs/evaluation_labels.tsv	fe99b18ac272f29bbad16d91cdd07049ebc1c95e8b3efd70d2bf971aa41e642c
HG00638	HG00638	development_exposed	/mnt/d/projects/project_2008084/champhla_egcc_pilot/inputs/fold_assignments.tsv	9c7da1b8d16cadd198b97ec1c338a35db33ae4d2af7d21d5a2b9abd8712f5132
HG00638	HG00638	holdout_exposed	/mnt/d/projects/project_2008084/champhla_egcc_pilot/runs/sealed_holdout/holdout_subjects.tsv	49f804a052aa86156f1f410ca4b86dd11a8ffe1314f9feb440bd06c370adf540
HG00638	HG00638	manifest_exposed	/mnt/d/projects/project_2008084/champhla_refformer/inputs/public_input_manifest.tsv	230aaf6f34e43c19717d53d980ccd0e96e9f0ddd75f701b64cf9b39aa246c82a
HG00638	HG00638	development_exposed	/mnt/d/projects/project_2008084/champhla_refformer/inputs/real_training_folds.tsv	d5bd39e81d63c876ccf2d632443fb47f4669008806bd3311e119e42aeb59effc
HG00638	HG00638	development_exposed	/mnt/d/projects/project_2008084/champhla_refformer/inputs/real_training_labels.tsv	74b26a6a5f9b3799098e340128b68d27e5b6c30f10fa5d6a23d311fb1b916f1c
HG00640	HG00640	evaluation_exposed	/mnt/d/projects/project_2008084/champhla_cc_confirmation/discovery/joined.tsv	155701a7da12e6c54833a39cee45795291cd15e97540c04be52d8da07877f345
HG00640	HG00640	evaluation_exposed	/mnt/d/projects/project_2008084/champhla_cc_confirmation/discovery/predictions.tsv	0a54db8183a37ed5c02ab18927ecc7fdc7b8fffacdf60bfa2a042f2ce891293a
HG00640	HG00640	development_exposed	/mnt/d/projects/project_2008084/champhla_egcc_pilot/inputs/evaluation_labels.tsv	fe99b18ac272f29bbad16d91cdd07049ebc1c95e8b3efd70d2bf971aa41e642c
HG00640	HG00640	development_exposed	/mnt/d/projects/project_2008084/champhla_egcc_pilot/inputs/fold_assignments.tsv	9c7da1b8d16cadd198b97ec1c338a35db33ae4d2af7d21d5a2b9abd8712f5132
HG00640	HG00640	holdout_exposed	/mnt/d/projects/project_2008084/champhla_egcc_pilot/runs/sealed_holdout/holdout_subjects.tsv	49f804a052aa86156f1f410ca4b86dd11a8ffe1314f9feb440bd06c370adf540
HG00640	HG00640	manifest_exposed	/mnt/d/projects/project_2008084/champhla_refformer/inputs/public_input_manifest.tsv	230aaf6f34e43c19717d53d980ccd0e96e9f0ddd75f701b64cf9b39aa246c82a
HG00640	HG00640	development_exposed	/mnt/d/projects/project_2008084/champhla_refformer/inputs/real_training_folds.tsv	d5bd39e81d63c876ccf2d632443fb47f4669008806bd3311e119e42aeb59effc
HG00640	HG00640	development_exposed	/mnt/d/projects/project_2008084/champhla_refformer/inputs/real_training_labels.tsv	74b26a6a5f9b3799098e340128b68d27e5b6c30f10fa5d6a23d311fb1b916f1c
HG00641	HG00641	evaluation_exposed	/mnt/d/projects/project_2008084/champhla_cc_confirmation/discovery/joined.tsv	155701a7da12e6c54833a39cee45795291cd15e97540c04be52d8da07877f345
HG00641	HG00641	evaluation_exposed	/mnt/d/projects/project_2008084/champhla_cc_confirmation/discovery/predictions.tsv	0a54db8183a37ed5c02ab18927ecc7fdc7b8fffacdf60bfa2a042f2ce891293a
HG00641	HG00641	development_exposed	/mnt/d/projects/project_2008084/champhla_egcc_pilot/inputs/evaluation_labels.tsv	fe99b18ac272f29bbad16d91cdd07049ebc1c95e8b3efd70d2bf971aa41e642c
HG00641	HG00641	development_exposed	/mnt/d/projects/project_2008084/champhla_egcc_pilot/inputs/fold_assignments.tsv	9c7da1b8d16cadd198b97ec1c338a35db33ae4d2af7d21d5a2b9abd8712f5132
HG00641	HG00641	development_exposed	/mnt/d/projects/project_2008084/champhla_egcc_pilot/runs/sealed_holdout/development_subjects.tsv	73adf453a2163162132c8893b30615b40a5ff4fd6ba17dccbb4d5d86550088d0
HG00641	HG00641	manifest_exposed	/mnt/d/projects/project_2008084/champhla_refformer/inputs/public_input_manifest.tsv	230aaf6f34e43c19717d53d980ccd0e96e9f0ddd75f701b64cf9b39aa246c82a
HG00641	HG00641	development_exposed	/mnt/d/projects/project_2008084/champhla_refformer/inputs/real_training_folds.tsv	d5bd39e81d63c876ccf2d632443fb47f4669008806bd3311e119e42aeb59effc
HG00641	HG00641	development_exposed	/mnt/d/projects/project_2008084/champhla_refformer/inputs/real_training_labels.tsv	74b26a6a5f9b3799098e340128b68d27e5b6c30f10fa5d6a23d311fb1b916f1c
HG00734	HG00734	evaluation_exposed	/mnt/d/projects/project_2008084/champhla_cc_confirmation/discovery/joined.tsv	155701a7da12e6c54833a39cee45795291cd15e97540c04be52d8da07877f345
HG00734	HG00734	evaluation_exposed	/mnt/d/projects/project_2008084/champhla_cc_confirmation/discovery/predictions.tsv	0a54db8183a37ed5c02ab18927ecc7fdc7b8fffacdf60bfa2a042f2ce891293a
HG00734	HG00734	development_exposed	/mnt/d/projects/project_2008084/champhla_egcc_pilot/inputs/evaluation_labels.tsv	fe99b18ac272f29bbad16d91cdd07049ebc1c95e8b3efd70d2bf971aa41e642c
HG00734	HG00734	development_exposed	/mnt/d/projects/project_2008084/champhla_egcc_pilot/inputs/fold_assignments.tsv	9c7da1b8d16cadd198b97ec1c338a35db33ae4d2af7d21d5a2b9abd8712f5132
HG00734	HG00734	development_exposed	/mnt/d/projects/project_2008084/champhla_egcc_pilot/runs/sealed_holdout/development_subjects.tsv	73adf453a2163162132c8893b30615b40a5ff4fd6ba17dccbb4d5d86550088d0
HG00734	HG00734	manifest_exposed	/mnt/d/projects/project_2008084/champhla_refformer/inputs/public_input_manifest.tsv	230aaf6f34e43c19717d53d980ccd0e96e9f0ddd75f701b64cf9b39aa246c82a
HG00734	HG00734	development_exposed	/mnt/d/projects/project_2008084/champhla_refformer/inputs/real_training_folds.tsv	d5bd39e81d63c876ccf2d632443fb47f4669008806bd3311e119e42aeb59effc
HG00734	HG00734	development_exposed	/mnt/d/projects/project_2008084/champhla_refformer/inputs/real_training_labels.tsv	74b26a6a5f9b3799098e340128b68d27e5b6c30f10fa5d6a23d311fb1b916f1c
NA06984	NA06984	evaluation_exposed	/mnt/d/projects/project_2008084/champhla_cc_confirmation/discovery/joined.tsv	155701a7da12e6c54833a39cee45795291cd15e97540c04be52d8da07877f345
NA06984	NA06984	evaluation_exposed	/mnt/d/projects/project_2008084/champhla_cc_confirmation/discovery/predictions.tsv	0a54db8183a37ed5c02ab18927ecc7fdc7b8fffacdf60bfa2a042f2ce891293a
NA06984	NA06984	development_exposed	/mnt/d/projects/project_2008084/champhla_egcc_pilot/inputs/evaluation_labels.tsv	fe99b18ac272f29bbad16d91cdd07049ebc1c95e8b3efd70d2bf971aa41e642c
NA06984	NA06984	development_exposed	/mnt/d/projects/project_2008084/champhla_egcc_pilot/inputs/fold_assignments.tsv	9c7da1b8d16cadd198b97ec1c338a35db33ae4d2af7d21d5a2b9abd8712f5132
NA06984	NA06984	development_exposed	/mnt/d/projects/project_2008084/champhla_egcc_pilot/runs/sealed_holdout/development_subjects.tsv	73adf453a2163162132c8893b30615b40a5ff4fd6ba17dccbb4d5d86550088d0
NA06984	NA06984	manifest_exposed	/mnt/d/projects/project_2008084/champhla_refformer/inputs/public_input_manifest.tsv	230aaf6f34e43c19717d53d980ccd0e96e9f0ddd75f701b64cf9b39aa246c82a
NA06984	NA06984	development_exposed	/mnt/d/projects/project_2008084/champhla_refformer/inputs/real_training_folds.tsv	d5bd39e81d63c876ccf2d632443fb47f4669008806bd3311e119e42aeb59effc
NA06984	NA06984	development_exposed	/mnt/d/projects/project_2008084/champhla_refformer/inputs/real_training_labels.tsv	74b26a6a5f9b3799098e340128b68d27e5b6c30f10fa5d6a23d311fb1b916f1c
NA06985	NA06985	evaluation_exposed	/mnt/d/projects/project_2008084/champhla_cc_confirmation/discovery/joined.tsv	155701a7da12e6c54833a39cee45795291cd15e97540c04be52d8da07877f345
NA06985	NA06985	evaluation_exposed	/mnt/d/projects/project_2008084/champhla_cc_confirmation/discovery/predictions.tsv	0a54db8183a37ed5c02ab18927ecc7fdc7b8fffacdf60bfa2a042f2ce891293a
NA06985	NA06985	development_exposed	/mnt/d/projects/project_2008084/champhla_egcc_pilot/inputs/evaluation_labels.tsv	fe99b18ac272f29bbad16d91cdd07049ebc1c95e8b3efd70d2bf971aa41e642c
NA06985	NA06985	development_exposed	/mnt/d/projects/project_2008084/champhla_egcc_pilot/inputs/fold_assignments.tsv	9c7da1b8d16cadd198b97ec1c338a35db33ae4d2af7d21d5a2b9abd8712f5132
NA06985	NA06985	development_exposed	/mnt/d/projects/project_2008084/champhla_egcc_pilot/runs/sealed_holdout/development_subjects.tsv	73adf453a2163162132c8893b30615b40a5ff4fd6ba17dccbb4d5d86550088d0
NA06985	NA06985	manifest_exposed	/mnt/d/projects/project_2008084/champhla_refformer/inputs/public_input_manifest.tsv	230aaf6f34e43c19717d53d980ccd0e96e9f0ddd75f701b64cf9b39aa246c82a
NA06985	NA06985	development_exposed	/mnt/d/projects/project_2008084/champhla_refformer/inputs/real_training_folds.tsv	d5bd39e81d63c876ccf2d632443fb47f4669008806bd3311e119e42aeb59effc
NA06985	NA06985	development_exposed	/mnt/d/projects/project_2008084/champhla_refformer/inputs/real_training_labels.tsv	74b26a6a5f9b3799098e340128b68d27e5b6c30f10fa5d6a23d311fb1b916f1c
NA06986	NA06986	evaluation_exposed	/mnt/d/projects/project_2008084/champhla_cc_confirmation/discovery/joined.tsv	155701a7da12e6c54833a39cee45795291cd15e97540c04be52d8da07877f345
NA06986	NA06986	evaluation_exposed	/mnt/d/projects/project_2008084/champhla_cc_confirmation/discovery/predictions.tsv	0a54db8183a37ed5c02ab18927ecc7fdc7b8fffacdf60bfa2a042f2ce891293a
NA06986	NA06986	development_exposed	/mnt/d/projects/project_2008084/champhla_egcc_pilot/inputs/evaluation_labels.tsv	fe99b18ac272f29bbad16d91cdd07049ebc1c95e8b3efd70d2bf971aa41e642c
NA06986	NA06986	development_exposed	/mnt/d/projects/project_2008084/champhla_egcc_pilot/inputs/fold_assignments.tsv	9c7da1b8d16cadd198b97ec1c338a35db33ae4d2af7d21d5a2b9abd8712f5132
NA06986	NA06986	development_exposed	/mnt/d/projects/project_2008084/champhla_egcc_pilot/runs/sealed_holdout/development_subjects.tsv	73adf453a2163162132c8893b30615b40a5ff4fd6ba17dccbb4d5d86550088d0
NA06986	NA06986	manifest_exposed	/mnt/d/projects/project_2008084/champhla_refformer/inputs/public_input_manifest.tsv	230aaf6f34e43c19717d53d980ccd0e96e9f0ddd75f701b64cf9b39aa246c82a
NA06986	NA06986	development_exposed	/mnt/d/projects/project_2008084/champhla_refformer/inputs/real_training_folds.tsv	d5bd39e81d63c876ccf2d632443fb47f4669008806bd3311e119e42aeb59effc
NA06986	NA06986	development_exposed	/mnt/d/projects/project_2008084/champhla_refformer/inputs/real_training_labels.tsv	74b26a6a5f9b3799098e340128b68d27e5b6c30f10fa5d6a23d311fb1b916f1c
NA06989	NA06989	evaluation_exposed	/mnt/d/projects/project_2008084/champhla_cc_confirmation/discovery/joined.tsv	155701a7da12e6c54833a39cee45795291cd15e97540c04be52d8da07877f345
NA06989	NA06989	evaluation_exposed	/mnt/d/projects/project_2008084/champhla_cc_confirmation/discovery/predictions.tsv	0a54db8183a37ed5c02ab18927ecc7fdc7b8fffacdf60bfa2a042f2ce891293a
NA06989	NA06989	development_exposed	/mnt/d/projects/project_2008084/champhla_egcc_pilot/inputs/evaluation_labels.tsv	fe99b18ac272f29bbad16d91cdd07049ebc1c95e8b3efd70d2bf971aa41e642c
NA06989	NA06989	development_exposed	/mnt/d/projects/project_2008084/champhla_egcc_pilot/inputs/fold_assignments.tsv	9c7da1b8d16cadd198b97ec1c338a35db33ae4d2af7d21d5a2b9abd8712f5132
NA06989	NA06989	development_exposed	/mnt/d/projects/project_2008084/champhla_egcc_pilot/runs/sealed_holdout/development_subjects.tsv	73adf453a2163162132c8893b30615b40a5ff4fd6ba17dccbb4d5d86550088d0
NA06989	NA06989	manifest_exposed	/mnt/d/projects/project_2008084/champhla_refformer/inputs/public_input_manifest.tsv	230aaf6f34e43c19717d53d980ccd0e96e9f0ddd75f701b64cf9b39aa246c82a
NA06989	NA06989	development_exposed	/mnt/d/projects/project_2008084/champhla_refformer/inputs/real_training_folds.tsv	d5bd39e81d63c876ccf2d632443fb47f4669008806bd3311e119e42aeb59effc
NA06989	NA06989	development_exposed	/mnt/d/projects/project_2008084/champhla_refformer/inputs/real_training_labels.tsv	74b26a6a5f9b3799098e340128b68d27e5b6c30f10fa5d6a23d311fb1b916f1c
NA06994	NA06994	evaluation_exposed	/mnt/d/projects/project_2008084/champhla_cc_confirmation/discovery/joined.tsv	155701a7da12e6c54833a39cee45795291cd15e97540c04be52d8da07877f345
NA06994	NA06994	evaluation_exposed	/mnt/d/projects/project_2008084/champhla_cc_confirmation/discovery/predictions.tsv	0a54db8183a37ed5c02ab18927ecc7fdc7b8fffacdf60bfa2a042f2ce891293a
NA06994	NA06994	development_exposed	/mnt/d/projects/project_2008084/champhla_egcc_pilot/inputs/evaluation_labels.tsv	fe99b18ac272f29bbad16d91cdd07049ebc1c95e8b3efd70d2bf971aa41e642c
NA06994	NA06994	development_exposed	/mnt/d/projects/project_2008084/champhla_egcc_pilot/inputs/fold_assignments.tsv	9c7da1b8d16cadd198b97ec1c338a35db33ae4d2af7d21d5a2b9abd8712f5132
NA06994	NA06994	holdout_exposed	/mnt/d/projects/project_2008084/champhla_egcc_pilot/runs/sealed_holdout/holdout_subjects.tsv	49f804a052aa86156f1f410ca4b86dd11a8ffe1314f9feb440bd06c370adf540
NA06994	NA06994	manifest_exposed	/mnt/d/projects/project_2008084/champhla_refformer/inputs/public_input_manifest.tsv	230aaf6f34e43c19717d53d980ccd0e96e9f0ddd75f701b64cf9b39aa246c82a
NA06994	NA06994	development_exposed	/mnt/d/projects/project_2008084/champhla_refformer/inputs/real_training_folds.tsv	d5bd39e81d63c876ccf2d632443fb47f4669008806bd3311e119e42aeb59effc
NA06994	NA06994	development_exposed	/mnt/d/projects/project_2008084/champhla_refformer/inputs/real_training_labels.tsv	74b26a6a5f9b3799098e340128b68d27e5b6c30f10fa5d6a23d311fb1b916f1c
NA07000	NA07000	evaluation_exposed	/mnt/d/projects/project_2008084/champhla_cc_confirmation/discovery/joined.tsv	155701a7da12e6c54833a39cee45795291cd15e97540c04be52d8da07877f345
NA07000	NA07000	evaluation_exposed	/mnt/d/projects/project_2008084/champhla_cc_confirmation/discovery/predictions.tsv	0a54db8183a37ed5c02ab18927ecc7fdc7b8fffacdf60bfa2a042f2ce891293a
NA07000	NA07000	development_exposed	/mnt/d/projects/project_2008084/champhla_egcc_pilot/inputs/evaluation_labels.tsv	fe99b18ac272f29bbad16d91cdd07049ebc1c95e8b3efd70d2bf971aa41e642c
NA07000	NA07000	development_exposed	/mnt/d/projects/project_2008084/champhla_egcc_pilot/inputs/fold_assignments.tsv	9c7da1b8d16cadd198b97ec1c338a35db33ae4d2af7d21d5a2b9abd8712f5132
NA07000	NA07000	holdout_exposed	/mnt/d/projects/project_2008084/champhla_egcc_pilot/runs/sealed_holdout/holdout_subjects.tsv	49f804a052aa86156f1f410ca4b86dd11a8ffe1314f9feb440bd06c370adf540
NA07000	NA07000	manifest_exposed	/mnt/d/projects/project_2008084/champhla_refformer/inputs/public_input_manifest.tsv	230aaf6f34e43c19717d53d980ccd0e96e9f0ddd75f701b64cf9b39aa246c82a
NA07000	NA07000	development_exposed	/mnt/d/projects/project_2008084/champhla_refformer/inputs/real_training_folds.tsv	d5bd39e81d63c876ccf2d632443fb47f4669008806bd3311e119e42aeb59effc
NA07000	NA07000	development_exposed	/mnt/d/projects/project_2008084/champhla_refformer/inputs/real_training_labels.tsv	74b26a6a5f9b3799098e340128b68d27e5b6c30f10fa5d6a23d311fb1b916f1c
NA07037	NA07037	evaluation_exposed	/mnt/d/projects/project_2008084/champhla_cc_confirmation/discovery/joined.tsv	155701a7da12e6c54833a39cee45795291cd15e97540c04be52d8da07877f345
NA07037	NA07037	evaluation_exposed	/mnt/d/projects/project_2008084/champhla_cc_confirmation/discovery/predictions.tsv	0a54db8183a37ed5c02ab18927ecc7fdc7b8fffacdf60bfa2a042f2ce891293a
NA07037	NA07037	development_exposed	/mnt/d/projects/project_2008084/champhla_egcc_pilot/inputs/evaluation_labels.tsv	fe99b18ac272f29bbad16d91cdd07049ebc1c95e8b3efd70d2bf971aa41e642c
NA07037	NA07037	development_exposed	/mnt/d/projects/project_2008084/champhla_egcc_pilot/inputs/fold_assignments.tsv	9c7da1b8d16cadd198b97ec1c338a35db33ae4d2af7d21d5a2b9abd8712f5132
NA07037	NA07037	development_exposed	/mnt/d/projects/project_2008084/champhla_egcc_pilot/runs/sealed_holdout/development_subjects.tsv	73adf453a2163162132c8893b30615b40a5ff4fd6ba17dccbb4d5d86550088d0
NA07037	NA07037	manifest_exposed	/mnt/d/projects/project_2008084/champhla_refformer/inputs/public_input_manifest.tsv	230aaf6f34e43c19717d53d980ccd0e96e9f0ddd75f701b64cf9b39aa246c82a
NA07037	NA07037	development_exposed	/mnt/d/projects/project_2008084/champhla_refformer/inputs/real_training_folds.tsv	d5bd39e81d63c876ccf2d632443fb47f4669008806bd3311e119e42aeb59effc
NA07037	NA07037	development_exposed	/mnt/d/projects/project_2008084/champhla_refformer/inputs/real_training_labels.tsv	74b26a6a5f9b3799098e340128b68d27e5b6c30f10fa5d6a23d311fb1b916f1c
NA07048	NA07048	evaluation_exposed	/mnt/d/projects/project_2008084/champhla_cc_confirmation/discovery/joined.tsv	155701a7da12e6c54833a39cee45795291cd15e97540c04be52d8da07877f345
NA07048	NA07048	evaluation_exposed	/mnt/d/projects/project_2008084/champhla_cc_confirmation/discovery/predictions.tsv	0a54db8183a37ed5c02ab18927ecc7fdc7b8fffacdf60bfa2a042f2ce891293a
NA07048	NA07048	development_exposed	/mnt/d/projects/project_2008084/champhla_egcc_pilot/inputs/evaluation_labels.tsv	fe99b18ac272f29bbad16d91cdd07049ebc1c95e8b3efd70d2bf971aa41e642c
NA07048	NA07048	development_exposed	/mnt/d/projects/project_2008084/champhla_egcc_pilot/inputs/fold_assignments.tsv	9c7da1b8d16cadd198b97ec1c338a35db33ae4d2af7d21d5a2b9abd8712f5132
NA07048	NA07048	development_exposed	/mnt/d/projects/project_2008084/champhla_egcc_pilot/runs/sealed_holdout/development_subjects.tsv	73adf453a2163162132c8893b30615b40a5ff4fd6ba17dccbb4d5d86550088d0
NA07048	NA07048	manifest_exposed	/mnt/d/projects/project_2008084/champhla_refformer/inputs/public_input_manifest.tsv	230aaf6f34e43c19717d53d980ccd0e96e9f0ddd75f701b64cf9b39aa246c82a
NA07048	NA07048	development_exposed	/mnt/d/projects/project_2008084/champhla_refformer/inputs/real_training_folds.tsv	d5bd39e81d63c876ccf2d632443fb47f4669008806bd3311e119e42aeb59effc
NA07048	NA07048	development_exposed	/mnt/d/projects/project_2008084/champhla_refformer/inputs/real_training_labels.tsv	74b26a6a5f9b3799098e340128b68d27e5b6c30f10fa5d6a23d311fb1b916f1c
NA07051	NA07051	evaluation_exposed	/mnt/d/projects/project_2008084/champhla_cc_confirmation/discovery/joined.tsv	155701a7da12e6c54833a39cee45795291cd15e97540c04be52d8da07877f345
NA07051	NA07051	evaluation_exposed	/mnt/d/projects/project_2008084/champhla_cc_confirmation/discovery/predictions.tsv	0a54db8183a37ed5c02ab18927ecc7fdc7b8fffacdf60bfa2a042f2ce891293a
NA07051	NA07051	development_exposed	/mnt/d/projects/project_2008084/champhla_egcc_pilot/inputs/evaluation_labels.tsv	fe99b18ac272f29bbad16d91cdd07049ebc1c95e8b3efd70d2bf971aa41e642c
NA07051	NA07051	development_exposed	/mnt/d/projects/project_2008084/champhla_egcc_pilot/inputs/fold_assignments.tsv	9c7da1b8d16cadd198b97ec1c338a35db33ae4d2af7d21d5a2b9abd8712f5132
NA07051	NA07051	development_exposed	/mnt/d/projects/project_2008084/champhla_egcc_pilot/runs/sealed_holdout/development_subjects.tsv	73adf453a2163162132c8893b30615b40a5ff4fd6ba17dccbb4d5d86550088d0
NA07051	NA07051	manifest_exposed	/mnt/d/projects/project_2008084/champhla_refformer/inputs/public_input_manifest.tsv	230aaf6f34e43c19717d53d980ccd0e96e9f0ddd75f701b64cf9b39aa246c82a
NA07051	NA07051	development_exposed	/mnt/d/projects/project_2008084/champhla_refformer/inputs/real_training_folds.tsv	d5bd39e81d63c876ccf2d632443fb47f4669008806bd3311e119e42aeb59effc
NA07051	NA07051	development_exposed	/mnt/d/projects/project_2008084/champhla_refformer/inputs/real_training_labels.tsv	74b26a6a5f9b3799098e340128b68d27e5b6c30f10fa5d6a23d311fb1b916f1c
NA07056	NA07056	evaluation_exposed	/mnt/d/projects/project_2008084/champhla_cc_confirmation/discovery/joined.tsv	155701a7da12e6c54833a39cee45795291cd15e97540c04be52d8da07877f345
NA07056	NA07056	evaluation_exposed	/mnt/d/projects/project_2008084/champhla_cc_confirmation/discovery/predictions.tsv	0a54db8183a37ed5c02ab18927ecc7fdc7b8fffacdf60bfa2a042f2ce891293a
NA07056	NA07056	development_exposed	/mnt/d/projects/project_2008084/champhla_egcc_pilot/inputs/evaluation_labels.tsv	fe99b18ac272f29bbad16d91cdd07049ebc1c95e8b3efd70d2bf971aa41e642c
NA07056	NA07056	development_exposed	/mnt/d/projects/project_2008084/champhla_egcc_pilot/inputs/fold_assignments.tsv	9c7da1b8d16cadd198b97ec1c338a35db33ae4d2af7d21d5a2b9abd8712f5132
NA07056	NA07056	development_exposed	/mnt/d/projects/project_2008084/champhla_egcc_pilot/runs/sealed_holdout/development_subjects.tsv	73adf453a2163162132c8893b30615b40a5ff4fd6ba17dccbb4d5d86550088d0
NA07056	NA07056	manifest_exposed	/mnt/d/projects/project_2008084/champhla_refformer/inputs/public_input_manifest.tsv	230aaf6f34e43c19717d53d980ccd0e96e9f0ddd75f701b64cf9b39aa246c82a
NA07056	NA07056	development_exposed	/mnt/d/projects/project_2008084/champhla_refformer/inputs/real_training_folds.tsv	d5bd39e81d63c876ccf2d632443fb47f4669008806bd3311e119e42aeb59effc
NA07056	NA07056	development_exposed	/mnt/d/projects/project_2008084/champhla_refformer/inputs/real_training_labels.tsv	74b26a6a5f9b3799098e340128b68d27e5b6c30f10fa5d6a23d311fb1b916f1c
NA07347	NA07347	evaluation_exposed	/mnt/d/projects/project_2008084/champhla_cc_confirmation/discovery/joined.tsv	155701a7da12e6c54833a39cee45795291cd15e97540c04be52d8da07877f345
NA07347	NA07347	evaluation_exposed	/mnt/d/projects/project_2008084/champhla_cc_confirmation/discovery/predictions.tsv	0a54db8183a37ed5c02ab18927ecc7fdc7b8fffacdf60bfa2a042f2ce891293a
NA07347	NA07347	development_exposed	/mnt/d/projects/project_2008084/champhla_egcc_pilot/inputs/evaluation_labels.tsv	fe99b18ac272f29bbad16d91cdd07049ebc1c95e8b3efd70d2bf971aa41e642c
NA07347	NA07347	development_exposed	/mnt/d/projects/project_2008084/champhla_egcc_pilot/inputs/fold_assignments.tsv	9c7da1b8d16cadd198b97ec1c338a35db33ae4d2af7d21d5a2b9abd8712f5132
NA07347	NA07347	development_exposed	/mnt/d/projects/project_2008084/champhla_egcc_pilot/runs/sealed_holdout/development_subjects.tsv	73adf453a2163162132c8893b30615b40a5ff4fd6ba17dccbb4d5d86550088d0
NA07347	NA07347	manifest_exposed	/mnt/d/projects/project_2008084/champhla_refformer/inputs/public_input_manifest.tsv	230aaf6f34e43c19717d53d980ccd0e96e9f0ddd75f701b64cf9b39aa246c82a
NA07347	NA07347	development_exposed	/mnt/d/projects/project_2008084/champhla_refformer/inputs/real_training_folds.tsv	d5bd39e81d63c876ccf2d632443fb47f4669008806bd3311e119e42aeb59effc
NA07347	NA07347	development_exposed	/mnt/d/projects/project_2008084/champhla_refformer/inputs/real_training_labels.tsv	74b26a6a5f9b3799098e340128b68d27e5b6c30f10fa5d6a23d311fb1b916f1c
NA07357	NA07357	evaluation_exposed	/mnt/d/projects/project_2008084/champhla_cc_confirmation/discovery/joined.tsv	155701a7da12e6c54833a39cee45795291cd15e97540c04be52d8da07877f345
NA07357	NA07357	evaluation_exposed	/mnt/d/projects/project_2008084/champhla_cc_confirmation/discovery/predictions.tsv	0a54db8183a37ed5c02ab18927ecc7fdc7b8fffacdf60bfa2a042f2ce891293a
NA07357	NA07357	development_exposed	/mnt/d/projects/project_2008084/champhla_egcc_pilot/inputs/evaluation_labels.tsv	fe99b18ac272f29bbad16d91cdd07049ebc1c95e8b3efd70d2bf971aa41e642c
NA07357	NA07357	development_exposed	/mnt/d/projects/project_2008084/champhla_egcc_pilot/inputs/fold_assignments.tsv	9c7da1b8d16cadd198b97ec1c338a35db33ae4d2af7d21d5a2b9abd8712f5132
NA07357	NA07357	holdout_exposed	/mnt/d/projects/project_2008084/champhla_egcc_pilot/runs/sealed_holdout/holdout_subjects.tsv	49f804a052aa86156f1f410ca4b86dd11a8ffe1314f9feb440bd06c370adf540
NA07357	NA07357	manifest_exposed	/mnt/d/projects/project_2008084/champhla_refformer/inputs/public_input_manifest.tsv	230aaf6f34e43c19717d53d980ccd0e96e9f0ddd75f701b64cf9b39aa246c82a
NA07357	NA07357	development_exposed	/mnt/d/projects/project_2008084/champhla_refformer/inputs/real_training_folds.tsv	d5bd39e81d63c876ccf2d632443fb47f4669008806bd3311e119e42aeb59effc
NA07357	NA07357	development_exposed	/mnt/d/projects/project_2008084/champhla_refformer/inputs/real_training_labels.tsv	74b26a6a5f9b3799098e340128b68d27e5b6c30f10fa5d6a23d311fb1b916f1c
NA10847	NA10847	evaluation_exposed	/mnt/d/projects/project_2008084/champhla_cc_confirmation/discovery/joined.tsv	155701a7da12e6c54833a39cee45795291cd15e97540c04be52d8da07877f345
NA10847	NA10847	evaluation_exposed	/mnt/d/projects/project_2008084/champhla_cc_confirmation/discovery/predictions.tsv	0a54db8183a37ed5c02ab18927ecc7fdc7b8fffacdf60bfa2a042f2ce891293a
NA10847	NA10847	development_exposed	/mnt/d/projects/project_2008084/champhla_egcc_pilot/inputs/evaluation_labels.tsv	fe99b18ac272f29bbad16d91cdd07049ebc1c95e8b3efd70d2bf971aa41e642c
NA10847	NA10847	development_exposed	/mnt/d/projects/project_2008084/champhla_egcc_pilot/inputs/fold_assignments.tsv	9c7da1b8d16cadd198b97ec1c338a35db33ae4d2af7d21d5a2b9abd8712f5132
NA10847	NA10847	development_exposed	/mnt/d/projects/project_2008084/champhla_egcc_pilot/runs/sealed_holdout/development_subjects.tsv	73adf453a2163162132c8893b30615b40a5ff4fd6ba17dccbb4d5d86550088d0
NA10847	NA10847	manifest_exposed	/mnt/d/projects/project_2008084/champhla_refformer/inputs/public_input_manifest.tsv	230aaf6f34e43c19717d53d980ccd0e96e9f0ddd75f701b64cf9b39aa246c82a
NA10847	NA10847	development_exposed	/mnt/d/projects/project_2008084/champhla_refformer/inputs/real_training_folds.tsv	d5bd39e81d63c876ccf2d632443fb47f4669008806bd3311e119e42aeb59effc
NA10847	NA10847	development_exposed	/mnt/d/projects/project_2008084/champhla_refformer/inputs/real_training_labels.tsv	74b26a6a5f9b3799098e340128b68d27e5b6c30f10fa5d6a23d311fb1b916f1c
NA10851	NA10851	evaluation_exposed	/mnt/d/projects/project_2008084/champhla_cc_confirmation/discovery/joined.tsv	155701a7da12e6c54833a39cee45795291cd15e97540c04be52d8da07877f345
NA10851	NA10851	evaluation_exposed	/mnt/d/projects/project_2008084/champhla_cc_confirmation/discovery/predictions.tsv	0a54db8183a37ed5c02ab18927ecc7fdc7b8fffacdf60bfa2a042f2ce891293a
NA10851	NA10851	development_exposed	/mnt/d/projects/project_2008084/champhla_egcc_pilot/inputs/evaluation_labels.tsv	fe99b18ac272f29bbad16d91cdd07049ebc1c95e8b3efd70d2bf971aa41e642c
NA10851	NA10851	development_exposed	/mnt/d/projects/project_2008084/champhla_egcc_pilot/inputs/fold_assignments.tsv	9c7da1b8d16cadd198b97ec1c338a35db33ae4d2af7d21d5a2b9abd8712f5132
NA10851	NA10851	development_exposed	/mnt/d/projects/project_2008084/champhla_egcc_pilot/runs/sealed_holdout/development_subjects.tsv	73adf453a2163162132c8893b30615b40a5ff4fd6ba17dccbb4d5d86550088d0
NA10851	NA10851	manifest_exposed	/mnt/d/projects/project_2008084/champhla_refformer/inputs/public_input_manifest.tsv	230aaf6f34e43c19717d53d980ccd0e96e9f0ddd75f701b64cf9b39aa246c82a
NA10851	NA10851	development_exposed	/mnt/d/projects/project_2008084/champhla_refformer/inputs/real_training_folds.tsv	d5bd39e81d63c876ccf2d632443fb47f4669008806bd3311e119e42aeb59effc
NA10851	NA10851	development_exposed	/mnt/d/projects/project_2008084/champhla_refformer/inputs/real_training_labels.tsv	74b26a6a5f9b3799098e340128b68d27e5b6c30f10fa5d6a23d311fb1b916f1c
NA11829	NA11829	evaluation_exposed	/mnt/d/projects/project_2008084/champhla_cc_confirmation/discovery/joined.tsv	155701a7da12e6c54833a39cee45795291cd15e97540c04be52d8da07877f345
NA11829	NA11829	evaluation_exposed	/mnt/d/projects/project_2008084/champhla_cc_confirmation/discovery/predictions.tsv	0a54db8183a37ed5c02ab18927ecc7fdc7b8fffacdf60bfa2a042f2ce891293a
NA11829	NA11829	development_exposed	/mnt/d/projects/project_2008084/champhla_egcc_pilot/inputs/evaluation_labels.tsv	fe99b18ac272f29bbad16d91cdd07049ebc1c95e8b3efd70d2bf971aa41e642c
NA11829	NA11829	development_exposed	/mnt/d/projects/project_2008084/champhla_egcc_pilot/inputs/fold_assignments.tsv	9c7da1b8d16cadd198b97ec1c338a35db33ae4d2af7d21d5a2b9abd8712f5132
NA11829	NA11829	development_exposed	/mnt/d/projects/project_2008084/champhla_egcc_pilot/runs/sealed_holdout/development_subjects.tsv	73adf453a2163162132c8893b30615b40a5ff4fd6ba17dccbb4d5d86550088d0
NA11829	NA11829	manifest_exposed	/mnt/d/projects/project_2008084/champhla_refformer/inputs/public_input_manifest.tsv	230aaf6f34e43c19717d53d980ccd0e96e9f0ddd75f701b64cf9b39aa246c82a
NA11829	NA11829	development_exposed	/mnt/d/projects/project_2008084/champhla_refformer/inputs/real_training_folds.tsv	d5bd39e81d63c876ccf2d632443fb47f4669008806bd3311e119e42aeb59effc
NA11829	NA11829	development_exposed	/mnt/d/projects/project_2008084/champhla_refformer/inputs/real_training_labels.tsv	74b26a6a5f9b3799098e340128b68d27e5b6c30f10fa5d6a23d311fb1b916f1c
NA11830	NA11830	evaluation_exposed	/mnt/d/projects/project_2008084/champhla_cc_confirmation/discovery/joined.tsv	155701a7da12e6c54833a39cee45795291cd15e97540c04be52d8da07877f345
NA11830	NA11830	evaluation_exposed	/mnt/d/projects/project_2008084/champhla_cc_confirmation/discovery/predictions.tsv	0a54db8183a37ed5c02ab18927ecc7fdc7b8fffacdf60bfa2a042f2ce891293a
NA11830	NA11830	development_exposed	/mnt/d/projects/project_2008084/champhla_egcc_pilot/inputs/evaluation_labels.tsv	fe99b18ac272f29bbad16d91cdd07049ebc1c95e8b3efd70d2bf971aa41e642c
NA11830	NA11830	development_exposed	/mnt/d/projects/project_2008084/champhla_egcc_pilot/inputs/fold_assignments.tsv	9c7da1b8d16cadd198b97ec1c338a35db33ae4d2af7d21d5a2b9abd8712f5132
NA11830	NA11830	development_exposed	/mnt/d/projects/project_2008084/champhla_egcc_pilot/runs/sealed_holdout/development_subjects.tsv	73adf453a2163162132c8893b30615b40a5ff4fd6ba17dccbb4d5d86550088d0
NA11830	NA11830	manifest_exposed	/mnt/d/projects/project_2008084/champhla_refformer/inputs/public_input_manifest.tsv	230aaf6f34e43c19717d53d980ccd0e96e9f0ddd75f701b64cf9b39aa246c82a
NA11830	NA11830	development_exposed	/mnt/d/projects/project_2008084/champhla_refformer/inputs/real_training_folds.tsv	d5bd39e81d63c876ccf2d632443fb47f4669008806bd3311e119e42aeb59effc
NA11830	NA11830	development_exposed	/mnt/d/projects/project_2008084/champhla_refformer/inputs/real_training_labels.tsv	74b26a6a5f9b3799098e340128b68d27e5b6c30f10fa5d6a23d311fb1b916f1c
NA11831	NA11831	evaluation_exposed	/mnt/d/projects/project_2008084/champhla_cc_confirmation/discovery/joined.tsv	155701a7da12e6c54833a39cee45795291cd15e97540c04be52d8da07877f345
NA11831	NA11831	evaluation_exposed	/mnt/d/projects/project_2008084/champhla_cc_confirmation/discovery/predictions.tsv	0a54db8183a37ed5c02ab18927ecc7fdc7b8fffacdf60bfa2a042f2ce891293a
NA11831	NA11831	development_exposed	/mnt/d/projects/project_2008084/champhla_egcc_pilot/inputs/evaluation_labels.tsv	fe99b18ac272f29bbad16d91cdd07049ebc1c95e8b3efd70d2bf971aa41e642c
NA11831	NA11831	development_exposed	/mnt/d/projects/project_2008084/champhla_egcc_pilot/inputs/fold_assignments.tsv	9c7da1b8d16cadd198b97ec1c338a35db33ae4d2af7d21d5a2b9abd8712f5132
NA11831	NA11831	development_exposed	/mnt/d/projects/project_2008084/champhla_egcc_pilot/runs/sealed_holdout/development_subjects.tsv	73adf453a2163162132c8893b30615b40a5ff4fd6ba17dccbb4d5d86550088d0
NA11831	NA11831	manifest_exposed	/mnt/d/projects/project_2008084/champhla_refformer/inputs/public_input_manifest.tsv	230aaf6f34e43c19717d53d980ccd0e96e9f0ddd75f701b64cf9b39aa246c82a
NA11831	NA11831	development_exposed	/mnt/d/projects/project_2008084/champhla_refformer/inputs/real_training_folds.tsv	d5bd39e81d63c876ccf2d632443fb47f4669008806bd3311e119e42aeb59effc
NA11831	NA11831	development_exposed	/mnt/d/projects/project_2008084/champhla_refformer/inputs/real_training_labels.tsv	74b26a6a5f9b3799098e340128b68d27e5b6c30f10fa5d6a23d311fb1b916f1c
NA11832	NA11832	evaluation_exposed	/mnt/d/projects/project_2008084/champhla_cc_confirmation/discovery/joined.tsv	155701a7da12e6c54833a39cee45795291cd15e97540c04be52d8da07877f345
NA11832	NA11832	evaluation_exposed	/mnt/d/projects/project_2008084/champhla_cc_confirmation/discovery/predictions.tsv	0a54db8183a37ed5c02ab18927ecc7fdc7b8fffacdf60bfa2a042f2ce891293a
NA11832	NA11832	development_exposed	/mnt/d/projects/project_2008084/champhla_egcc_pilot/inputs/evaluation_labels.tsv	fe99b18ac272f29bbad16d91cdd07049ebc1c95e8b3efd70d2bf971aa41e642c
NA11832	NA11832	development_exposed	/mnt/d/projects/project_2008084/champhla_egcc_pilot/inputs/fold_assignments.tsv	9c7da1b8d16cadd198b97ec1c338a35db33ae4d2af7d21d5a2b9abd8712f5132
NA11832	NA11832	development_exposed	/mnt/d/projects/project_2008084/champhla_egcc_pilot/runs/sealed_holdout/development_subjects.tsv	73adf453a2163162132c8893b30615b40a5ff4fd6ba17dccbb4d5d86550088d0
NA11832	NA11832	manifest_exposed	/mnt/d/projects/project_2008084/champhla_refformer/inputs/public_input_manifest.tsv	230aaf6f34e43c19717d53d980ccd0e96e9f0ddd75f701b64cf9b39aa246c82a
NA11832	NA11832	development_exposed	/mnt/d/projects/project_2008084/champhla_refformer/inputs/real_training_folds.tsv	d5bd39e81d63c876ccf2d632443fb47f4669008806bd3311e119e42aeb59effc
NA11832	NA11832	development_exposed	/mnt/d/projects/project_2008084/champhla_refformer/inputs/real_training_labels.tsv	74b26a6a5f9b3799098e340128b68d27e5b6c30f10fa5d6a23d311fb1b916f1c
NA11840	NA11840	evaluation_exposed	/mnt/d/projects/project_2008084/champhla_cc_confirmation/discovery/joined.tsv	155701a7da12e6c54833a39cee45795291cd15e97540c04be52d8da07877f345
NA11840	NA11840	evaluation_exposed	/mnt/d/projects/project_2008084/champhla_cc_confirmation/discovery/predictions.tsv	0a54db8183a37ed5c02ab18927ecc7fdc7b8fffacdf60bfa2a042f2ce891293a
NA11840	NA11840	development_exposed	/mnt/d/projects/project_2008084/champhla_egcc_pilot/inputs/evaluation_labels.tsv	fe99b18ac272f29bbad16d91cdd07049ebc1c95e8b3efd70d2bf971aa41e642c
NA11840	NA11840	development_exposed	/mnt/d/projects/project_2008084/champhla_egcc_pilot/inputs/fold_assignments.tsv	9c7da1b8d16cadd198b97ec1c338a35db33ae4d2af7d21d5a2b9abd8712f5132
NA11840	NA11840	development_exposed	/mnt/d/projects/project_2008084/champhla_egcc_pilot/runs/sealed_holdout/development_subjects.tsv	73adf453a2163162132c8893b30615b40a5ff4fd6ba17dccbb4d5d86550088d0
NA11840	NA11840	manifest_exposed	/mnt/d/projects/project_2008084/champhla_refformer/inputs/public_input_manifest.tsv	230aaf6f34e43c19717d53d980ccd0e96e9f0ddd75f701b64cf9b39aa246c82a
NA11840	NA11840	development_exposed	/mnt/d/projects/project_2008084/champhla_refformer/inputs/real_training_folds.tsv	d5bd39e81d63c876ccf2d632443fb47f4669008806bd3311e119e42aeb59effc
NA11840	NA11840	development_exposed	/mnt/d/projects/project_2008084/champhla_refformer/inputs/real_training_labels.tsv	74b26a6a5f9b3799098e340128b68d27e5b6c30f10fa5d6a23d311fb1b916f1c
NA11843	NA11843	evaluation_exposed	/mnt/d/projects/project_2008084/champhla_cc_confirmation/discovery/joined.tsv	155701a7da12e6c54833a39cee45795291cd15e97540c04be52d8da07877f345
NA11843	NA11843	evaluation_exposed	/mnt/d/projects/project_2008084/champhla_cc_confirmation/discovery/predictions.tsv	0a54db8183a37ed5c02ab18927ecc7fdc7b8fffacdf60bfa2a042f2ce891293a
NA11843	NA11843	development_exposed	/mnt/d/projects/project_2008084/champhla_egcc_pilot/inputs/evaluation_labels.tsv	fe99b18ac272f29bbad16d91cdd07049ebc1c95e8b3efd70d2bf971aa41e642c
NA11843	NA11843	development_exposed	/mnt/d/projects/project_2008084/champhla_egcc_pilot/inputs/fold_assignments.tsv	9c7da1b8d16cadd198b97ec1c338a35db33ae4d2af7d21d5a2b9abd8712f5132
NA11843	NA11843	development_exposed	/mnt/d/projects/project_2008084/champhla_egcc_pilot/runs/sealed_holdout/development_subjects.tsv	73adf453a2163162132c8893b30615b40a5ff4fd6ba17dccbb4d5d86550088d0
NA11843	NA11843	manifest_exposed	/mnt/d/projects/project_2008084/champhla_refformer/inputs/public_input_manifest.tsv	230aaf6f34e43c19717d53d980ccd0e96e9f0ddd75f701b64cf9b39aa246c82a
NA11843	NA11843	development_exposed	/mnt/d/projects/project_2008084/champhla_refformer/inputs/real_training_folds.tsv	d5bd39e81d63c876ccf2d632443fb47f4669008806bd3311e119e42aeb59effc
NA11843	NA11843	development_exposed	/mnt/d/projects/project_2008084/champhla_refformer/inputs/real_training_labels.tsv	74b26a6a5f9b3799098e340128b68d27e5b6c30f10fa5d6a23d311fb1b916f1c
NA11894	NA11894	evaluation_exposed	/mnt/d/projects/project_2008084/champhla_cc_confirmation/discovery/joined.tsv	155701a7da12e6c54833a39cee45795291cd15e97540c04be52d8da07877f345
NA11894	NA11894	evaluation_exposed	/mnt/d/projects/project_2008084/champhla_cc_confirmation/discovery/predictions.tsv	0a54db8183a37ed5c02ab18927ecc7fdc7b8fffacdf60bfa2a042f2ce891293a
NA11894	NA11894	development_exposed	/mnt/d/projects/project_2008084/champhla_egcc_pilot/inputs/evaluation_labels.tsv	fe99b18ac272f29bbad16d91cdd07049ebc1c95e8b3efd70d2bf971aa41e642c
NA11894	NA11894	development_exposed	/mnt/d/projects/project_2008084/champhla_egcc_pilot/inputs/fold_assignments.tsv	9c7da1b8d16cadd198b97ec1c338a35db33ae4d2af7d21d5a2b9abd8712f5132
NA11894	NA11894	holdout_exposed	/mnt/d/projects/project_2008084/champhla_egcc_pilot/runs/sealed_holdout/holdout_subjects.tsv	49f804a052aa86156f1f410ca4b86dd11a8ffe1314f9feb440bd06c370adf540
NA11894	NA11894	manifest_exposed	/mnt/d/projects/project_2008084/champhla_refformer/inputs/public_input_manifest.tsv	230aaf6f34e43c19717d53d980ccd0e96e9f0ddd75f701b64cf9b39aa246c82a
NA11894	NA11894	development_exposed	/mnt/d/projects/project_2008084/champhla_refformer/inputs/real_training_folds.tsv	d5bd39e81d63c876ccf2d632443fb47f4669008806bd3311e119e42aeb59effc
NA11894	NA11894	development_exposed	/mnt/d/projects/project_2008084/champhla_refformer/inputs/real_training_labels.tsv	74b26a6a5f9b3799098e340128b68d27e5b6c30f10fa5d6a23d311fb1b916f1c
NA11920	NA11920	evaluation_exposed	/mnt/d/projects/project_2008084/champhla_cc_confirmation/discovery/joined.tsv	155701a7da12e6c54833a39cee45795291cd15e97540c04be52d8da07877f345
NA11920	NA11920	evaluation_exposed	/mnt/d/projects/project_2008084/champhla_cc_confirmation/discovery/predictions.tsv	0a54db8183a37ed5c02ab18927ecc7fdc7b8fffacdf60bfa2a042f2ce891293a
NA11920	NA11920	development_exposed	/mnt/d/projects/project_2008084/champhla_egcc_pilot/inputs/evaluation_labels.tsv	fe99b18ac272f29bbad16d91cdd07049ebc1c95e8b3efd70d2bf971aa41e642c
NA11920	NA11920	development_exposed	/mnt/d/projects/project_2008084/champhla_egcc_pilot/inputs/fold_assignments.tsv	9c7da1b8d16cadd198b97ec1c338a35db33ae4d2af7d21d5a2b9abd8712f5132
NA11920	NA11920	development_exposed	/mnt/d/projects/project_2008084/champhla_egcc_pilot/runs/sealed_holdout/development_subjects.tsv	73adf453a2163162132c8893b30615b40a5ff4fd6ba17dccbb4d5d86550088d0
NA11920	NA11920	manifest_exposed	/mnt/d/projects/project_2008084/champhla_refformer/inputs/public_input_manifest.tsv	230aaf6f34e43c19717d53d980ccd0e96e9f0ddd75f701b64cf9b39aa246c82a
NA11920	NA11920	development_exposed	/mnt/d/projects/project_2008084/champhla_refformer/inputs/real_training_folds.tsv	d5bd39e81d63c876ccf2d632443fb47f4669008806bd3311e119e42aeb59effc
NA11920	NA11920	development_exposed	/mnt/d/projects/project_2008084/champhla_refformer/inputs/real_training_labels.tsv	74b26a6a5f9b3799098e340128b68d27e5b6c30f10fa5d6a23d311fb1b916f1c
NA12004	NA12004	evaluation_exposed	/mnt/d/projects/project_2008084/champhla_cc_confirmation/discovery/joined.tsv	155701a7da12e6c54833a39cee45795291cd15e97540c04be52d8da07877f345
NA12004	NA12004	evaluation_exposed	/mnt/d/projects/project_2008084/champhla_cc_confirmation/discovery/predictions.tsv	0a54db8183a37ed5c02ab18927ecc7fdc7b8fffacdf60bfa2a042f2ce891293a
NA12004	NA12004	development_exposed	/mnt/d/projects/project_2008084/champhla_egcc_pilot/inputs/evaluation_labels.tsv	fe99b18ac272f29bbad16d91cdd07049ebc1c95e8b3efd70d2bf971aa41e642c
NA12004	NA12004	development_exposed	/mnt/d/projects/project_2008084/champhla_egcc_pilot/inputs/fold_assignments.tsv	9c7da1b8d16cadd198b97ec1c338a35db33ae4d2af7d21d5a2b9abd8712f5132
NA12004	NA12004	holdout_exposed	/mnt/d/projects/project_2008084/champhla_egcc_pilot/runs/sealed_holdout/holdout_subjects.tsv	49f804a052aa86156f1f410ca4b86dd11a8ffe1314f9feb440bd06c370adf540
NA12004	NA12004	manifest_exposed	/mnt/d/projects/project_2008084/champhla_refformer/inputs/public_input_manifest.tsv	230aaf6f34e43c19717d53d980ccd0e96e9f0ddd75f701b64cf9b39aa246c82a
NA12004	NA12004	development_exposed	/mnt/d/projects/project_2008084/champhla_refformer/inputs/real_training_folds.tsv	d5bd39e81d63c876ccf2d632443fb47f4669008806bd3311e119e42aeb59effc
NA12004	NA12004	development_exposed	/mnt/d/projects/project_2008084/champhla_refformer/inputs/real_training_labels.tsv	74b26a6a5f9b3799098e340128b68d27e5b6c30f10fa5d6a23d311fb1b916f1c
NA12044	NA12044	evaluation_exposed	/mnt/d/projects/project_2008084/champhla_cc_confirmation/discovery/joined.tsv	155701a7da12e6c54833a39cee45795291cd15e97540c04be52d8da07877f345
NA12044	NA12044	evaluation_exposed	/mnt/d/projects/project_2008084/champhla_cc_confirmation/discovery/predictions.tsv	0a54db8183a37ed5c02ab18927ecc7fdc7b8fffacdf60bfa2a042f2ce891293a
NA12044	NA12044	development_exposed	/mnt/d/projects/project_2008084/champhla_egcc_pilot/inputs/evaluation_labels.tsv	fe99b18ac272f29bbad16d91cdd07049ebc1c95e8b3efd70d2bf971aa41e642c
NA12044	NA12044	development_exposed	/mnt/d/projects/project_2008084/champhla_egcc_pilot/inputs/fold_assignments.tsv	9c7da1b8d16cadd198b97ec1c338a35db33ae4d2af7d21d5a2b9abd8712f5132
NA12044	NA12044	development_exposed	/mnt/d/projects/project_2008084/champhla_egcc_pilot/runs/sealed_holdout/development_subjects.tsv	73adf453a2163162132c8893b30615b40a5ff4fd6ba17dccbb4d5d86550088d0
NA12044	NA12044	manifest_exposed	/mnt/d/projects/project_2008084/champhla_refformer/inputs/public_input_manifest.tsv	230aaf6f34e43c19717d53d980ccd0e96e9f0ddd75f701b64cf9b39aa246c82a
NA12044	NA12044	development_exposed	/mnt/d/projects/project_2008084/champhla_refformer/inputs/real_training_folds.tsv	d5bd39e81d63c876ccf2d632443fb47f4669008806bd3311e119e42aeb59effc
NA12044	NA12044	development_exposed	/mnt/d/projects/project_2008084/champhla_refformer/inputs/real_training_labels.tsv	74b26a6a5f9b3799098e340128b68d27e5b6c30f10fa5d6a23d311fb1b916f1c
NA12154	NA12154	evaluation_exposed	/mnt/d/projects/project_2008084/champhla_cc_confirmation/discovery/joined.tsv	155701a7da12e6c54833a39cee45795291cd15e97540c04be52d8da07877f345
NA12154	NA12154	evaluation_exposed	/mnt/d/projects/project_2008084/champhla_cc_confirmation/discovery/predictions.tsv	0a54db8183a37ed5c02ab18927ecc7fdc7b8fffacdf60bfa2a042f2ce891293a
NA12154	NA12154	development_exposed	/mnt/d/projects/project_2008084/champhla_egcc_pilot/inputs/evaluation_labels.tsv	fe99b18ac272f29bbad16d91cdd07049ebc1c95e8b3efd70d2bf971aa41e642c
NA12154	NA12154	development_exposed	/mnt/d/projects/project_2008084/champhla_egcc_pilot/inputs/fold_assignments.tsv	9c7da1b8d16cadd198b97ec1c338a35db33ae4d2af7d21d5a2b9abd8712f5132
NA12154	NA12154	holdout_exposed	/mnt/d/projects/project_2008084/champhla_egcc_pilot/runs/sealed_holdout/holdout_subjects.tsv	49f804a052aa86156f1f410ca4b86dd11a8ffe1314f9feb440bd06c370adf540
NA12154	NA12154	manifest_exposed	/mnt/d/projects/project_2008084/champhla_refformer/inputs/public_input_manifest.tsv	230aaf6f34e43c19717d53d980ccd0e96e9f0ddd75f701b64cf9b39aa246c82a
NA12154	NA12154	development_exposed	/mnt/d/projects/project_2008084/champhla_refformer/inputs/real_training_folds.tsv	d5bd39e81d63c876ccf2d632443fb47f4669008806bd3311e119e42aeb59effc
NA12154	NA12154	development_exposed	/mnt/d/projects/project_2008084/champhla_refformer/inputs/real_training_labels.tsv	74b26a6a5f9b3799098e340128b68d27e5b6c30f10fa5d6a23d311fb1b916f1c
NA12234	NA12234	evaluation_exposed	/mnt/d/projects/project_2008084/champhla_cc_confirmation/discovery/joined.tsv	155701a7da12e6c54833a39cee45795291cd15e97540c04be52d8da07877f345
NA12234	NA12234	evaluation_exposed	/mnt/d/projects/project_2008084/champhla_cc_confirmation/discovery/predictions.tsv	0a54db8183a37ed5c02ab18927ecc7fdc7b8fffacdf60bfa2a042f2ce891293a
NA12234	NA12234	development_exposed	/mnt/d/projects/project_2008084/champhla_egcc_pilot/inputs/evaluation_labels.tsv	fe99b18ac272f29bbad16d91cdd07049ebc1c95e8b3efd70d2bf971aa41e642c
NA12234	NA12234	development_exposed	/mnt/d/projects/project_2008084/champhla_egcc_pilot/inputs/fold_assignments.tsv	9c7da1b8d16cadd198b97ec1c338a35db33ae4d2af7d21d5a2b9abd8712f5132
NA12234	NA12234	development_exposed	/mnt/d/projects/project_2008084/champhla_egcc_pilot/runs/sealed_holdout/development_subjects.tsv	73adf453a2163162132c8893b30615b40a5ff4fd6ba17dccbb4d5d86550088d0
NA12234	NA12234	manifest_exposed	/mnt/d/projects/project_2008084/champhla_refformer/inputs/public_input_manifest.tsv	230aaf6f34e43c19717d53d980ccd0e96e9f0ddd75f701b64cf9b39aa246c82a
NA12234	NA12234	development_exposed	/mnt/d/projects/project_2008084/champhla_refformer/inputs/real_training_folds.tsv	d5bd39e81d63c876ccf2d632443fb47f4669008806bd3311e119e42aeb59effc
NA12234	NA12234	development_exposed	/mnt/d/projects/project_2008084/champhla_refformer/inputs/real_training_labels.tsv	74b26a6a5f9b3799098e340128b68d27e5b6c30f10fa5d6a23d311fb1b916f1c
NA12489	NA12489	evaluation_exposed	/mnt/d/projects/project_2008084/champhla_cc_confirmation/discovery/joined.tsv	155701a7da12e6c54833a39cee45795291cd15e97540c04be52d8da07877f345
NA12489	NA12489	evaluation_exposed	/mnt/d/projects/project_2008084/champhla_cc_confirmation/discovery/predictions.tsv	0a54db8183a37ed5c02ab18927ecc7fdc7b8fffacdf60bfa2a042f2ce891293a
NA12489	NA12489	development_exposed	/mnt/d/projects/project_2008084/champhla_egcc_pilot/inputs/evaluation_labels.tsv	fe99b18ac272f29bbad16d91cdd07049ebc1c95e8b3efd70d2bf971aa41e642c
NA12489	NA12489	development_exposed	/mnt/d/projects/project_2008084/champhla_egcc_pilot/inputs/fold_assignments.tsv	9c7da1b8d16cadd198b97ec1c338a35db33ae4d2af7d21d5a2b9abd8712f5132
NA12489	NA12489	development_exposed	/mnt/d/projects/project_2008084/champhla_egcc_pilot/runs/sealed_holdout/development_subjects.tsv	73adf453a2163162132c8893b30615b40a5ff4fd6ba17dccbb4d5d86550088d0
NA12489	NA12489	manifest_exposed	/mnt/d/projects/project_2008084/champhla_refformer/inputs/public_input_manifest.tsv	230aaf6f34e43c19717d53d980ccd0e96e9f0ddd75f701b64cf9b39aa246c82a
NA12489	NA12489	development_exposed	/mnt/d/projects/project_2008084/champhla_refformer/inputs/real_training_folds.tsv	d5bd39e81d63c876ccf2d632443fb47f4669008806bd3311e119e42aeb59effc
NA12489	NA12489	development_exposed	/mnt/d/projects/project_2008084/champhla_refformer/inputs/real_training_labels.tsv	74b26a6a5f9b3799098e340128b68d27e5b6c30f10fa5d6a23d311fb1b916f1c
NA12751	NA12751	evaluation_exposed	/mnt/d/projects/project_2008084/champhla_cc_confirmation/discovery/joined.tsv	155701a7da12e6c54833a39cee45795291cd15e97540c04be52d8da07877f345
NA12751	NA12751	evaluation_exposed	/mnt/d/projects/project_2008084/champhla_cc_confirmation/discovery/predictions.tsv	0a54db8183a37ed5c02ab18927ecc7fdc7b8fffacdf60bfa2a042f2ce891293a
NA12751	NA12751	development_exposed	/mnt/d/projects/project_2008084/champhla_egcc_pilot/inputs/evaluation_labels.tsv	fe99b18ac272f29bbad16d91cdd07049ebc1c95e8b3efd70d2bf971aa41e642c
NA12751	NA12751	development_exposed	/mnt/d/projects/project_2008084/champhla_egcc_pilot/inputs/fold_assignments.tsv	9c7da1b8d16cadd198b97ec1c338a35db33ae4d2af7d21d5a2b9abd8712f5132
NA12751	NA12751	holdout_exposed	/mnt/d/projects/project_2008084/champhla_egcc_pilot/runs/sealed_holdout/holdout_subjects.tsv	49f804a052aa86156f1f410ca4b86dd11a8ffe1314f9feb440bd06c370adf540
NA12751	NA12751	manifest_exposed	/mnt/d/projects/project_2008084/champhla_refformer/inputs/public_input_manifest.tsv	230aaf6f34e43c19717d53d980ccd0e96e9f0ddd75f701b64cf9b39aa246c82a
NA12751	NA12751	development_exposed	/mnt/d/projects/project_2008084/champhla_refformer/inputs/real_training_folds.tsv	d5bd39e81d63c876ccf2d632443fb47f4669008806bd3311e119e42aeb59effc
NA12751	NA12751	development_exposed	/mnt/d/projects/project_2008084/champhla_refformer/inputs/real_training_labels.tsv	74b26a6a5f9b3799098e340128b68d27e5b6c30f10fa5d6a23d311fb1b916f1c
NA12763	NA12763	evaluation_exposed	/mnt/d/projects/project_2008084/champhla_cc_confirmation/discovery/joined.tsv	155701a7da12e6c54833a39cee45795291cd15e97540c04be52d8da07877f345
NA12763	NA12763	evaluation_exposed	/mnt/d/projects/project_2008084/champhla_cc_confirmation/discovery/predictions.tsv	0a54db8183a37ed5c02ab18927ecc7fdc7b8fffacdf60bfa2a042f2ce891293a
NA12763	NA12763	development_exposed	/mnt/d/projects/project_2008084/champhla_egcc_pilot/inputs/evaluation_labels.tsv	fe99b18ac272f29bbad16d91cdd07049ebc1c95e8b3efd70d2bf971aa41e642c
NA12763	NA12763	development_exposed	/mnt/d/projects/project_2008084/champhla_egcc_pilot/inputs/fold_assignments.tsv	9c7da1b8d16cadd198b97ec1c338a35db33ae4d2af7d21d5a2b9abd8712f5132
NA12763	NA12763	holdout_exposed	/mnt/d/projects/project_2008084/champhla_egcc_pilot/runs/sealed_holdout/holdout_subjects.tsv	49f804a052aa86156f1f410ca4b86dd11a8ffe1314f9feb440bd06c370adf540
NA12763	NA12763	manifest_exposed	/mnt/d/projects/project_2008084/champhla_refformer/inputs/public_input_manifest.tsv	230aaf6f34e43c19717d53d980ccd0e96e9f0ddd75f701b64cf9b39aa246c82a
NA12763	NA12763	development_exposed	/mnt/d/projects/project_2008084/champhla_refformer/inputs/real_training_folds.tsv	d5bd39e81d63c876ccf2d632443fb47f4669008806bd3311e119e42aeb59effc
NA12763	NA12763	development_exposed	/mnt/d/projects/project_2008084/champhla_refformer/inputs/real_training_labels.tsv	74b26a6a5f9b3799098e340128b68d27e5b6c30f10fa5d6a23d311fb1b916f1c
NA12775	NA12775	evaluation_exposed	/mnt/d/projects/project_2008084/champhla_cc_confirmation/discovery/joined.tsv	155701a7da12e6c54833a39cee45795291cd15e97540c04be52d8da07877f345
NA12775	NA12775	evaluation_exposed	/mnt/d/projects/project_2008084/champhla_cc_confirmation/discovery/predictions.tsv	0a54db8183a37ed5c02ab18927ecc7fdc7b8fffacdf60bfa2a042f2ce891293a
NA12775	NA12775	development_exposed	/mnt/d/projects/project_2008084/champhla_egcc_pilot/inputs/evaluation_labels.tsv	fe99b18ac272f29bbad16d91cdd07049ebc1c95e8b3efd70d2bf971aa41e642c
NA12775	NA12775	development_exposed	/mnt/d/projects/project_2008084/champhla_egcc_pilot/inputs/fold_assignments.tsv	9c7da1b8d16cadd198b97ec1c338a35db33ae4d2af7d21d5a2b9abd8712f5132
NA12775	NA12775	holdout_exposed	/mnt/d/projects/project_2008084/champhla_egcc_pilot/runs/sealed_holdout/holdout_subjects.tsv	49f804a052aa86156f1f410ca4b86dd11a8ffe1314f9feb440bd06c370adf540
NA12775	NA12775	manifest_exposed	/mnt/d/projects/project_2008084/champhla_refformer/inputs/public_input_manifest.tsv	230aaf6f34e43c19717d53d980ccd0e96e9f0ddd75f701b64cf9b39aa246c82a
NA12775	NA12775	development_exposed	/mnt/d/projects/project_2008084/champhla_refformer/inputs/real_training_folds.tsv	d5bd39e81d63c876ccf2d632443fb47f4669008806bd3311e119e42aeb59effc
NA12775	NA12775	development_exposed	/mnt/d/projects/project_2008084/champhla_refformer/inputs/real_training_labels.tsv	74b26a6a5f9b3799098e340128b68d27e5b6c30f10fa5d6a23d311fb1b916f1c
NA12812	NA12812	evaluation_exposed	/mnt/d/projects/project_2008084/champhla_cc_confirmation/discovery/joined.tsv	155701a7da12e6c54833a39cee45795291cd15e97540c04be52d8da07877f345
NA12812	NA12812	evaluation_exposed	/mnt/d/projects/project_2008084/champhla_cc_confirmation/discovery/predictions.tsv	0a54db8183a37ed5c02ab18927ecc7fdc7b8fffacdf60bfa2a042f2ce891293a
NA12812	NA12812	development_exposed	/mnt/d/projects/project_2008084/champhla_egcc_pilot/inputs/evaluation_labels.tsv	fe99b18ac272f29bbad16d91cdd07049ebc1c95e8b3efd70d2bf971aa41e642c
NA12812	NA12812	development_exposed	/mnt/d/projects/project_2008084/champhla_egcc_pilot/inputs/fold_assignments.tsv	9c7da1b8d16cadd198b97ec1c338a35db33ae4d2af7d21d5a2b9abd8712f5132
NA12812	NA12812	development_exposed	/mnt/d/projects/project_2008084/champhla_egcc_pilot/runs/sealed_holdout/development_subjects.tsv	73adf453a2163162132c8893b30615b40a5ff4fd6ba17dccbb4d5d86550088d0
NA12812	NA12812	manifest_exposed	/mnt/d/projects/project_2008084/champhla_refformer/inputs/public_input_manifest.tsv	230aaf6f34e43c19717d53d980ccd0e96e9f0ddd75f701b64cf9b39aa246c82a
NA12812	NA12812	development_exposed	/mnt/d/projects/project_2008084/champhla_refformer/inputs/real_training_folds.tsv	d5bd39e81d63c876ccf2d632443fb47f4669008806bd3311e119e42aeb59effc
NA12812	NA12812	development_exposed	/mnt/d/projects/project_2008084/champhla_refformer/inputs/real_training_labels.tsv	74b26a6a5f9b3799098e340128b68d27e5b6c30f10fa5d6a23d311fb1b916f1c
NA18486	NA18486	evaluation_exposed	/mnt/d/projects/project_2008084/champhla_cc_confirmation/discovery/joined.tsv	155701a7da12e6c54833a39cee45795291cd15e97540c04be52d8da07877f345
NA18486	NA18486	evaluation_exposed	/mnt/d/projects/project_2008084/champhla_cc_confirmation/discovery/predictions.tsv	0a54db8183a37ed5c02ab18927ecc7fdc7b8fffacdf60bfa2a042f2ce891293a
NA18486	NA18486	development_exposed	/mnt/d/projects/project_2008084/champhla_egcc_pilot/inputs/evaluation_labels.tsv	fe99b18ac272f29bbad16d91cdd07049ebc1c95e8b3efd70d2bf971aa41e642c
NA18486	NA18486	development_exposed	/mnt/d/projects/project_2008084/champhla_egcc_pilot/inputs/fold_assignments.tsv	9c7da1b8d16cadd198b97ec1c338a35db33ae4d2af7d21d5a2b9abd8712f5132
NA18486	NA18486	development_exposed	/mnt/d/projects/project_2008084/champhla_egcc_pilot/runs/sealed_holdout/development_subjects.tsv	73adf453a2163162132c8893b30615b40a5ff4fd6ba17dccbb4d5d86550088d0
NA18486	NA18486	manifest_exposed	/mnt/d/projects/project_2008084/champhla_refformer/inputs/public_input_manifest.tsv	230aaf6f34e43c19717d53d980ccd0e96e9f0ddd75f701b64cf9b39aa246c82a
NA18486	NA18486	development_exposed	/mnt/d/projects/project_2008084/champhla_refformer/inputs/real_training_folds.tsv	d5bd39e81d63c876ccf2d632443fb47f4669008806bd3311e119e42aeb59effc
NA18486	NA18486	development_exposed	/mnt/d/projects/project_2008084/champhla_refformer/inputs/real_training_labels.tsv	74b26a6a5f9b3799098e340128b68d27e5b6c30f10fa5d6a23d311fb1b916f1c
NA18488	NA18488	evaluation_exposed	/mnt/d/projects/project_2008084/champhla_cc_confirmation/discovery/joined.tsv	155701a7da12e6c54833a39cee45795291cd15e97540c04be52d8da07877f345
NA18488	NA18488	evaluation_exposed	/mnt/d/projects/project_2008084/champhla_cc_confirmation/discovery/predictions.tsv	0a54db8183a37ed5c02ab18927ecc7fdc7b8fffacdf60bfa2a042f2ce891293a
NA18488	NA18488	development_exposed	/mnt/d/projects/project_2008084/champhla_egcc_pilot/inputs/evaluation_labels.tsv	fe99b18ac272f29bbad16d91cdd07049ebc1c95e8b3efd70d2bf971aa41e642c
NA18488	NA18488	development_exposed	/mnt/d/projects/project_2008084/champhla_egcc_pilot/inputs/fold_assignments.tsv	9c7da1b8d16cadd198b97ec1c338a35db33ae4d2af7d21d5a2b9abd8712f5132
NA18488	NA18488	development_exposed	/mnt/d/projects/project_2008084/champhla_egcc_pilot/runs/sealed_holdout/development_subjects.tsv	73adf453a2163162132c8893b30615b40a5ff4fd6ba17dccbb4d5d86550088d0
NA18488	NA18488	manifest_exposed	/mnt/d/projects/project_2008084/champhla_refformer/inputs/public_input_manifest.tsv	230aaf6f34e43c19717d53d980ccd0e96e9f0ddd75f701b64cf9b39aa246c82a
NA18488	NA18488	development_exposed	/mnt/d/projects/project_2008084/champhla_refformer/inputs/real_training_folds.tsv	d5bd39e81d63c876ccf2d632443fb47f4669008806bd3311e119e42aeb59effc
NA18488	NA18488	development_exposed	/mnt/d/projects/project_2008084/champhla_refformer/inputs/real_training_labels.tsv	74b26a6a5f9b3799098e340128b68d27e5b6c30f10fa5d6a23d311fb1b916f1c
NA18489	NA18489	evaluation_exposed	/mnt/d/projects/project_2008084/champhla_cc_confirmation/discovery/joined.tsv	155701a7da12e6c54833a39cee45795291cd15e97540c04be52d8da07877f345
NA18489	NA18489	evaluation_exposed	/mnt/d/projects/project_2008084/champhla_cc_confirmation/discovery/predictions.tsv	0a54db8183a37ed5c02ab18927ecc7fdc7b8fffacdf60bfa2a042f2ce891293a
NA18489	NA18489	development_exposed	/mnt/d/projects/project_2008084/champhla_egcc_pilot/inputs/evaluation_labels.tsv	fe99b18ac272f29bbad16d91cdd07049ebc1c95e8b3efd70d2bf971aa41e642c
NA18489	NA18489	development_exposed	/mnt/d/projects/project_2008084/champhla_egcc_pilot/inputs/fold_assignments.tsv	9c7da1b8d16cadd198b97ec1c338a35db33ae4d2af7d21d5a2b9abd8712f5132
NA18489	NA18489	development_exposed	/mnt/d/projects/project_2008084/champhla_egcc_pilot/runs/sealed_holdout/development_subjects.tsv	73adf453a2163162132c8893b30615b40a5ff4fd6ba17dccbb4d5d86550088d0
NA18489	NA18489	manifest_exposed	/mnt/d/projects/project_2008084/champhla_refformer/inputs/public_input_manifest.tsv	230aaf6f34e43c19717d53d980ccd0e96e9f0ddd75f701b64cf9b39aa246c82a
NA18489	NA18489	development_exposed	/mnt/d/projects/project_2008084/champhla_refformer/inputs/real_training_folds.tsv	d5bd39e81d63c876ccf2d632443fb47f4669008806bd3311e119e42aeb59effc
NA18489	NA18489	development_exposed	/mnt/d/projects/project_2008084/champhla_refformer/inputs/real_training_labels.tsv	74b26a6a5f9b3799098e340128b68d27e5b6c30f10fa5d6a23d311fb1b916f1c
NA18498	NA18498	evaluation_exposed	/mnt/d/projects/project_2008084/champhla_cc_confirmation/discovery/joined.tsv	155701a7da12e6c54833a39cee45795291cd15e97540c04be52d8da07877f345
NA18498	NA18498	evaluation_exposed	/mnt/d/projects/project_2008084/champhla_cc_confirmation/discovery/predictions.tsv	0a54db8183a37ed5c02ab18927ecc7fdc7b8fffacdf60bfa2a042f2ce891293a
NA18498	NA18498	development_exposed	/mnt/d/projects/project_2008084/champhla_egcc_pilot/inputs/evaluation_labels.tsv	fe99b18ac272f29bbad16d91cdd07049ebc1c95e8b3efd70d2bf971aa41e642c
NA18498	NA18498	development_exposed	/mnt/d/projects/project_2008084/champhla_egcc_pilot/inputs/fold_assignments.tsv	9c7da1b8d16cadd198b97ec1c338a35db33ae4d2af7d21d5a2b9abd8712f5132
NA18498	NA18498	development_exposed	/mnt/d/projects/project_2008084/champhla_egcc_pilot/runs/sealed_holdout/development_subjects.tsv	73adf453a2163162132c8893b30615b40a5ff4fd6ba17dccbb4d5d86550088d0
NA18498	NA18498	manifest_exposed	/mnt/d/projects/project_2008084/champhla_refformer/inputs/public_input_manifest.tsv	230aaf6f34e43c19717d53d980ccd0e96e9f0ddd75f701b64cf9b39aa246c82a
NA18498	NA18498	development_exposed	/mnt/d/projects/project_2008084/champhla_refformer/inputs/real_training_folds.tsv	d5bd39e81d63c876ccf2d632443fb47f4669008806bd3311e119e42aeb59effc
NA18498	NA18498	development_exposed	/mnt/d/projects/project_2008084/champhla_refformer/inputs/real_training_labels.tsv	74b26a6a5f9b3799098e340128b68d27e5b6c30f10fa5d6a23d311fb1b916f1c
NA18499	NA18499	evaluation_exposed	/mnt/d/projects/project_2008084/champhla_cc_confirmation/discovery/joined.tsv	155701a7da12e6c54833a39cee45795291cd15e97540c04be52d8da07877f345
NA18499	NA18499	evaluation_exposed	/mnt/d/projects/project_2008084/champhla_cc_confirmation/discovery/predictions.tsv	0a54db8183a37ed5c02ab18927ecc7fdc7b8fffacdf60bfa2a042f2ce891293a
NA18499	NA18499	development_exposed	/mnt/d/projects/project_2008084/champhla_egcc_pilot/inputs/evaluation_labels.tsv	fe99b18ac272f29bbad16d91cdd07049ebc1c95e8b3efd70d2bf971aa41e642c
NA18499	NA18499	development_exposed	/mnt/d/projects/project_2008084/champhla_egcc_pilot/inputs/fold_assignments.tsv	9c7da1b8d16cadd198b97ec1c338a35db33ae4d2af7d21d5a2b9abd8712f5132
NA18499	NA18499	holdout_exposed	/mnt/d/projects/project_2008084/champhla_egcc_pilot/runs/sealed_holdout/holdout_subjects.tsv	49f804a052aa86156f1f410ca4b86dd11a8ffe1314f9feb440bd06c370adf540
NA18499	NA18499	manifest_exposed	/mnt/d/projects/project_2008084/champhla_refformer/inputs/public_input_manifest.tsv	230aaf6f34e43c19717d53d980ccd0e96e9f0ddd75f701b64cf9b39aa246c82a
NA18499	NA18499	development_exposed	/mnt/d/projects/project_2008084/champhla_refformer/inputs/real_training_folds.tsv	d5bd39e81d63c876ccf2d632443fb47f4669008806bd3311e119e42aeb59effc
NA18499	NA18499	development_exposed	/mnt/d/projects/project_2008084/champhla_refformer/inputs/real_training_labels.tsv	74b26a6a5f9b3799098e340128b68d27e5b6c30f10fa5d6a23d311fb1b916f1c
NA18501	NA18501	evaluation_exposed	/mnt/d/projects/project_2008084/champhla_cc_confirmation/discovery/joined.tsv	155701a7da12e6c54833a39cee45795291cd15e97540c04be52d8da07877f345
NA18501	NA18501	evaluation_exposed	/mnt/d/projects/project_2008084/champhla_cc_confirmation/discovery/predictions.tsv	0a54db8183a37ed5c02ab18927ecc7fdc7b8fffacdf60bfa2a042f2ce891293a
NA18501	NA18501	development_exposed	/mnt/d/projects/project_2008084/champhla_egcc_pilot/inputs/evaluation_labels.tsv	fe99b18ac272f29bbad16d91cdd07049ebc1c95e8b3efd70d2bf971aa41e642c
NA18501	NA18501	development_exposed	/mnt/d/projects/project_2008084/champhla_egcc_pilot/inputs/fold_assignments.tsv	9c7da1b8d16cadd198b97ec1c338a35db33ae4d2af7d21d5a2b9abd8712f5132
NA18501	NA18501	holdout_exposed	/mnt/d/projects/project_2008084/champhla_egcc_pilot/runs/sealed_holdout/holdout_subjects.tsv	49f804a052aa86156f1f410ca4b86dd11a8ffe1314f9feb440bd06c370adf540
NA18501	NA18501	manifest_exposed	/mnt/d/projects/project_2008084/champhla_refformer/inputs/public_input_manifest.tsv	230aaf6f34e43c19717d53d980ccd0e96e9f0ddd75f701b64cf9b39aa246c82a
NA18501	NA18501	development_exposed	/mnt/d/projects/project_2008084/champhla_refformer/inputs/real_training_folds.tsv	d5bd39e81d63c876ccf2d632443fb47f4669008806bd3311e119e42aeb59effc
NA18501	NA18501	development_exposed	/mnt/d/projects/project_2008084/champhla_refformer/inputs/real_training_labels.tsv	74b26a6a5f9b3799098e340128b68d27e5b6c30f10fa5d6a23d311fb1b916f1c
NA18502	NA18502	evaluation_exposed	/mnt/d/projects/project_2008084/champhla_cc_confirmation/discovery/joined.tsv	155701a7da12e6c54833a39cee45795291cd15e97540c04be52d8da07877f345
NA18502	NA18502	evaluation_exposed	/mnt/d/projects/project_2008084/champhla_cc_confirmation/discovery/predictions.tsv	0a54db8183a37ed5c02ab18927ecc7fdc7b8fffacdf60bfa2a042f2ce891293a
NA18502	NA18502	development_exposed	/mnt/d/projects/project_2008084/champhla_egcc_pilot/inputs/evaluation_labels.tsv	fe99b18ac272f29bbad16d91cdd07049ebc1c95e8b3efd70d2bf971aa41e642c
NA18502	NA18502	development_exposed	/mnt/d/projects/project_2008084/champhla_egcc_pilot/inputs/fold_assignments.tsv	9c7da1b8d16cadd198b97ec1c338a35db33ae4d2af7d21d5a2b9abd8712f5132
NA18502	NA18502	development_exposed	/mnt/d/projects/project_2008084/champhla_egcc_pilot/runs/sealed_holdout/development_subjects.tsv	73adf453a2163162132c8893b30615b40a5ff4fd6ba17dccbb4d5d86550088d0
NA18502	NA18502	manifest_exposed	/mnt/d/projects/project_2008084/champhla_refformer/inputs/public_input_manifest.tsv	230aaf6f34e43c19717d53d980ccd0e96e9f0ddd75f701b64cf9b39aa246c82a
NA18502	NA18502	development_exposed	/mnt/d/projects/project_2008084/champhla_refformer/inputs/real_training_folds.tsv	d5bd39e81d63c876ccf2d632443fb47f4669008806bd3311e119e42aeb59effc
NA18502	NA18502	development_exposed	/mnt/d/projects/project_2008084/champhla_refformer/inputs/real_training_labels.tsv	74b26a6a5f9b3799098e340128b68d27e5b6c30f10fa5d6a23d311fb1b916f1c
NA18504	NA18504	evaluation_exposed	/mnt/d/projects/project_2008084/champhla_cc_confirmation/discovery/joined.tsv	155701a7da12e6c54833a39cee45795291cd15e97540c04be52d8da07877f345
NA18504	NA18504	evaluation_exposed	/mnt/d/projects/project_2008084/champhla_cc_confirmation/discovery/predictions.tsv	0a54db8183a37ed5c02ab18927ecc7fdc7b8fffacdf60bfa2a042f2ce891293a
NA18504	NA18504	development_exposed	/mnt/d/projects/project_2008084/champhla_egcc_pilot/inputs/evaluation_labels.tsv	fe99b18ac272f29bbad16d91cdd07049ebc1c95e8b3efd70d2bf971aa41e642c
NA18504	NA18504	development_exposed	/mnt/d/projects/project_2008084/champhla_egcc_pilot/inputs/fold_assignments.tsv	9c7da1b8d16cadd198b97ec1c338a35db33ae4d2af7d21d5a2b9abd8712f5132
NA18504	NA18504	development_exposed	/mnt/d/projects/project_2008084/champhla_egcc_pilot/runs/sealed_holdout/development_subjects.tsv	73adf453a2163162132c8893b30615b40a5ff4fd6ba17dccbb4d5d86550088d0
NA18504	NA18504	manifest_exposed	/mnt/d/projects/project_2008084/champhla_refformer/inputs/public_input_manifest.tsv	230aaf6f34e43c19717d53d980ccd0e96e9f0ddd75f701b64cf9b39aa246c82a
NA18504	NA18504	development_exposed	/mnt/d/projects/project_2008084/champhla_refformer/inputs/real_training_folds.tsv	d5bd39e81d63c876ccf2d632443fb47f4669008806bd3311e119e42aeb59effc
NA18504	NA18504	development_exposed	/mnt/d/projects/project_2008084/champhla_refformer/inputs/real_training_labels.tsv	74b26a6a5f9b3799098e340128b68d27e5b6c30f10fa5d6a23d311fb1b916f1c
NA18505	NA18505	evaluation_exposed	/mnt/d/projects/project_2008084/champhla_cc_confirmation/discovery/joined.tsv	155701a7da12e6c54833a39cee45795291cd15e97540c04be52d8da07877f345
NA18505	NA18505	evaluation_exposed	/mnt/d/projects/project_2008084/champhla_cc_confirmation/discovery/predictions.tsv	0a54db8183a37ed5c02ab18927ecc7fdc7b8fffacdf60bfa2a042f2ce891293a
NA18505	NA18505	development_exposed	/mnt/d/projects/project_2008084/champhla_egcc_pilot/inputs/evaluation_labels.tsv	fe99b18ac272f29bbad16d91cdd07049ebc1c95e8b3efd70d2bf971aa41e642c
NA18505	NA18505	development_exposed	/mnt/d/projects/project_2008084/champhla_egcc_pilot/inputs/fold_assignments.tsv	9c7da1b8d16cadd198b97ec1c338a35db33ae4d2af7d21d5a2b9abd8712f5132
NA18505	NA18505	development_exposed	/mnt/d/projects/project_2008084/champhla_egcc_pilot/runs/sealed_holdout/development_subjects.tsv	73adf453a2163162132c8893b30615b40a5ff4fd6ba17dccbb4d5d86550088d0
NA18505	NA18505	manifest_exposed	/mnt/d/projects/project_2008084/champhla_refformer/inputs/public_input_manifest.tsv	230aaf6f34e43c19717d53d980ccd0e96e9f0ddd75f701b64cf9b39aa246c82a
NA18505	NA18505	development_exposed	/mnt/d/projects/project_2008084/champhla_refformer/inputs/real_training_folds.tsv	d5bd39e81d63c876ccf2d632443fb47f4669008806bd3311e119e42aeb59effc
NA18505	NA18505	development_exposed	/mnt/d/projects/project_2008084/champhla_refformer/inputs/real_training_labels.tsv	74b26a6a5f9b3799098e340128b68d27e5b6c30f10fa5d6a23d311fb1b916f1c
NA18507	NA18507	evaluation_exposed	/mnt/d/projects/project_2008084/champhla_cc_confirmation/discovery/joined.tsv	155701a7da12e6c54833a39cee45795291cd15e97540c04be52d8da07877f345
NA18507	NA18507	evaluation_exposed	/mnt/d/projects/project_2008084/champhla_cc_confirmation/discovery/predictions.tsv	0a54db8183a37ed5c02ab18927ecc7fdc7b8fffacdf60bfa2a042f2ce891293a
NA18507	NA18507	development_exposed	/mnt/d/projects/project_2008084/champhla_egcc_pilot/inputs/evaluation_labels.tsv	fe99b18ac272f29bbad16d91cdd07049ebc1c95e8b3efd70d2bf971aa41e642c
NA18507	NA18507	development_exposed	/mnt/d/projects/project_2008084/champhla_egcc_pilot/inputs/fold_assignments.tsv	9c7da1b8d16cadd198b97ec1c338a35db33ae4d2af7d21d5a2b9abd8712f5132
NA18507	NA18507	development_exposed	/mnt/d/projects/project_2008084/champhla_egcc_pilot/runs/sealed_holdout/development_subjects.tsv	73adf453a2163162132c8893b30615b40a5ff4fd6ba17dccbb4d5d86550088d0
NA18507	NA18507	manifest_exposed	/mnt/d/projects/project_2008084/champhla_refformer/inputs/public_input_manifest.tsv	230aaf6f34e43c19717d53d980ccd0e96e9f0ddd75f701b64cf9b39aa246c82a
NA18507	NA18507	development_exposed	/mnt/d/projects/project_2008084/champhla_refformer/inputs/real_training_folds.tsv	d5bd39e81d63c876ccf2d632443fb47f4669008806bd3311e119e42aeb59effc
NA18507	NA18507	development_exposed	/mnt/d/projects/project_2008084/champhla_refformer/inputs/real_training_labels.tsv	74b26a6a5f9b3799098e340128b68d27e5b6c30f10fa5d6a23d311fb1b916f1c
NA18508	NA18508	evaluation_exposed	/mnt/d/projects/project_2008084/champhla_cc_confirmation/discovery/joined.tsv	155701a7da12e6c54833a39cee45795291cd15e97540c04be52d8da07877f345
NA18508	NA18508	evaluation_exposed	/mnt/d/projects/project_2008084/champhla_cc_confirmation/discovery/predictions.tsv	0a54db8183a37ed5c02ab18927ecc7fdc7b8fffacdf60bfa2a042f2ce891293a
NA18508	NA18508	development_exposed	/mnt/d/projects/project_2008084/champhla_egcc_pilot/inputs/evaluation_labels.tsv	fe99b18ac272f29bbad16d91cdd07049ebc1c95e8b3efd70d2bf971aa41e642c
NA18508	NA18508	development_exposed	/mnt/d/projects/project_2008084/champhla_egcc_pilot/inputs/fold_assignments.tsv	9c7da1b8d16cadd198b97ec1c338a35db33ae4d2af7d21d5a2b9abd8712f5132
NA18508	NA18508	development_exposed	/mnt/d/projects/project_2008084/champhla_egcc_pilot/runs/sealed_holdout/development_subjects.tsv	73adf453a2163162132c8893b30615b40a5ff4fd6ba17dccbb4d5d86550088d0
NA18508	NA18508	manifest_exposed	/mnt/d/projects/project_2008084/champhla_refformer/inputs/public_input_manifest.tsv	230aaf6f34e43c19717d53d980ccd0e96e9f0ddd75f701b64cf9b39aa246c82a
NA18508	NA18508	development_exposed	/mnt/d/projects/project_2008084/champhla_refformer/inputs/real_training_folds.tsv	d5bd39e81d63c876ccf2d632443fb47f4669008806bd3311e119e42aeb59effc
NA18508	NA18508	development_exposed	/mnt/d/projects/project_2008084/champhla_refformer/inputs/real_training_labels.tsv	74b26a6a5f9b3799098e340128b68d27e5b6c30f10fa5d6a23d311fb1b916f1c
NA18510	NA18510	evaluation_exposed	/mnt/d/projects/project_2008084/champhla_cc_confirmation/discovery/joined.tsv	155701a7da12e6c54833a39cee45795291cd15e97540c04be52d8da07877f345
NA18510	NA18510	evaluation_exposed	/mnt/d/projects/project_2008084/champhla_cc_confirmation/discovery/predictions.tsv	0a54db8183a37ed5c02ab18927ecc7fdc7b8fffacdf60bfa2a042f2ce891293a
NA18510	NA18510	development_exposed	/mnt/d/projects/project_2008084/champhla_egcc_pilot/inputs/evaluation_labels.tsv	fe99b18ac272f29bbad16d91cdd07049ebc1c95e8b3efd70d2bf971aa41e642c
NA18510	NA18510	development_exposed	/mnt/d/projects/project_2008084/champhla_egcc_pilot/inputs/fold_assignments.tsv	9c7da1b8d16cadd198b97ec1c338a35db33ae4d2af7d21d5a2b9abd8712f5132
NA18510	NA18510	holdout_exposed	/mnt/d/projects/project_2008084/champhla_egcc_pilot/runs/sealed_holdout/holdout_subjects.tsv	49f804a052aa86156f1f410ca4b86dd11a8ffe1314f9feb440bd06c370adf540
NA18510	NA18510	manifest_exposed	/mnt/d/projects/project_2008084/champhla_refformer/inputs/public_input_manifest.tsv	230aaf6f34e43c19717d53d980ccd0e96e9f0ddd75f701b64cf9b39aa246c82a
NA18510	NA18510	development_exposed	/mnt/d/projects/project_2008084/champhla_refformer/inputs/real_training_folds.tsv	d5bd39e81d63c876ccf2d632443fb47f4669008806bd3311e119e42aeb59effc
NA18510	NA18510	development_exposed	/mnt/d/projects/project_2008084/champhla_refformer/inputs/real_training_labels.tsv	74b26a6a5f9b3799098e340128b68d27e5b6c30f10fa5d6a23d311fb1b916f1c
NA18511	NA18511	evaluation_exposed	/mnt/d/projects/project_2008084/champhla_cc_confirmation/discovery/joined.tsv	155701a7da12e6c54833a39cee45795291cd15e97540c04be52d8da07877f345
NA18511	NA18511	evaluation_exposed	/mnt/d/projects/project_2008084/champhla_cc_confirmation/discovery/predictions.tsv	0a54db8183a37ed5c02ab18927ecc7fdc7b8fffacdf60bfa2a042f2ce891293a
NA18511	NA18511	development_exposed	/mnt/d/projects/project_2008084/champhla_egcc_pilot/inputs/evaluation_labels.tsv	fe99b18ac272f29bbad16d91cdd07049ebc1c95e8b3efd70d2bf971aa41e642c
NA18511	NA18511	development_exposed	/mnt/d/projects/project_2008084/champhla_egcc_pilot/inputs/fold_assignments.tsv	9c7da1b8d16cadd198b97ec1c338a35db33ae4d2af7d21d5a2b9abd8712f5132
NA18511	NA18511	development_exposed	/mnt/d/projects/project_2008084/champhla_egcc_pilot/runs/sealed_holdout/development_subjects.tsv	73adf453a2163162132c8893b30615b40a5ff4fd6ba17dccbb4d5d86550088d0
NA18511	NA18511	manifest_exposed	/mnt/d/projects/project_2008084/champhla_refformer/inputs/public_input_manifest.tsv	230aaf6f34e43c19717d53d980ccd0e96e9f0ddd75f701b64cf9b39aa246c82a
NA18511	NA18511	development_exposed	/mnt/d/projects/project_2008084/champhla_refformer/inputs/real_training_folds.tsv	d5bd39e81d63c876ccf2d632443fb47f4669008806bd3311e119e42aeb59effc
NA18511	NA18511	development_exposed	/mnt/d/projects/project_2008084/champhla_refformer/inputs/real_training_labels.tsv	74b26a6a5f9b3799098e340128b68d27e5b6c30f10fa5d6a23d311fb1b916f1c
NA18516	NA18516	evaluation_exposed	/mnt/d/projects/project_2008084/champhla_cc_confirmation/discovery/joined.tsv	155701a7da12e6c54833a39cee45795291cd15e97540c04be52d8da07877f345
NA18516	NA18516	evaluation_exposed	/mnt/d/projects/project_2008084/champhla_cc_confirmation/discovery/predictions.tsv	0a54db8183a37ed5c02ab18927ecc7fdc7b8fffacdf60bfa2a042f2ce891293a
NA18516	NA18516	development_exposed	/mnt/d/projects/project_2008084/champhla_egcc_pilot/inputs/evaluation_labels.tsv	fe99b18ac272f29bbad16d91cdd07049ebc1c95e8b3efd70d2bf971aa41e642c
NA18516	NA18516	development_exposed	/mnt/d/projects/project_2008084/champhla_egcc_pilot/inputs/fold_assignments.tsv	9c7da1b8d16cadd198b97ec1c338a35db33ae4d2af7d21d5a2b9abd8712f5132
NA18516	NA18516	holdout_exposed	/mnt/d/projects/project_2008084/champhla_egcc_pilot/runs/sealed_holdout/holdout_subjects.tsv	49f804a052aa86156f1f410ca4b86dd11a8ffe1314f9feb440bd06c370adf540
NA18516	NA18516	manifest_exposed	/mnt/d/projects/project_2008084/champhla_refformer/inputs/public_input_manifest.tsv	230aaf6f34e43c19717d53d980ccd0e96e9f0ddd75f701b64cf9b39aa246c82a
NA18516	NA18516	development_exposed	/mnt/d/projects/project_2008084/champhla_refformer/inputs/real_training_folds.tsv	d5bd39e81d63c876ccf2d632443fb47f4669008806bd3311e119e42aeb59effc
NA18516	NA18516	development_exposed	/mnt/d/projects/project_2008084/champhla_refformer/inputs/real_training_labels.tsv	74b26a6a5f9b3799098e340128b68d27e5b6c30f10fa5d6a23d311fb1b916f1c
NA18517	NA18517	evaluation_exposed	/mnt/d/projects/project_2008084/champhla_cc_confirmation/discovery/joined.tsv	155701a7da12e6c54833a39cee45795291cd15e97540c04be52d8da07877f345
NA18517	NA18517	evaluation_exposed	/mnt/d/projects/project_2008084/champhla_cc_confirmation/discovery/predictions.tsv	0a54db8183a37ed5c02ab18927ecc7fdc7b8fffacdf60bfa2a042f2ce891293a
NA18517	NA18517	development_exposed	/mnt/d/projects/project_2008084/champhla_egcc_pilot/inputs/evaluation_labels.tsv	fe99b18ac272f29bbad16d91cdd07049ebc1c95e8b3efd70d2bf971aa41e642c
NA18517	NA18517	development_exposed	/mnt/d/projects/project_2008084/champhla_egcc_pilot/inputs/fold_assignments.tsv	9c7da1b8d16cadd198b97ec1c338a35db33ae4d2af7d21d5a2b9abd8712f5132
NA18517	NA18517	development_exposed	/mnt/d/projects/project_2008084/champhla_egcc_pilot/runs/sealed_holdout/development_subjects.tsv	73adf453a2163162132c8893b30615b40a5ff4fd6ba17dccbb4d5d86550088d0
NA18517	NA18517	manifest_exposed	/mnt/d/projects/project_2008084/champhla_refformer/inputs/public_input_manifest.tsv	230aaf6f34e43c19717d53d980ccd0e96e9f0ddd75f701b64cf9b39aa246c82a
NA18517	NA18517	development_exposed	/mnt/d/projects/project_2008084/champhla_refformer/inputs/real_training_folds.tsv	d5bd39e81d63c876ccf2d632443fb47f4669008806bd3311e119e42aeb59effc
NA18517	NA18517	development_exposed	/mnt/d/projects/project_2008084/champhla_refformer/inputs/real_training_labels.tsv	74b26a6a5f9b3799098e340128b68d27e5b6c30f10fa5d6a23d311fb1b916f1c
NA18522	NA18522	evaluation_exposed	/mnt/d/projects/project_2008084/champhla_cc_confirmation/discovery/joined.tsv	155701a7da12e6c54833a39cee45795291cd15e97540c04be52d8da07877f345
NA18522	NA18522	evaluation_exposed	/mnt/d/projects/project_2008084/champhla_cc_confirmation/discovery/predictions.tsv	0a54db8183a37ed5c02ab18927ecc7fdc7b8fffacdf60bfa2a042f2ce891293a
NA18522	NA18522	development_exposed	/mnt/d/projects/project_2008084/champhla_egcc_pilot/inputs/evaluation_labels.tsv	fe99b18ac272f29bbad16d91cdd07049ebc1c95e8b3efd70d2bf971aa41e642c
NA18522	NA18522	development_exposed	/mnt/d/projects/project_2008084/champhla_egcc_pilot/inputs/fold_assignments.tsv	9c7da1b8d16cadd198b97ec1c338a35db33ae4d2af7d21d5a2b9abd8712f5132
NA18522	NA18522	development_exposed	/mnt/d/projects/project_2008084/champhla_egcc_pilot/runs/sealed_holdout/development_subjects.tsv	73adf453a2163162132c8893b30615b40a5ff4fd6ba17dccbb4d5d86550088d0
NA18522	NA18522	manifest_exposed	/mnt/d/projects/project_2008084/champhla_refformer/inputs/public_input_manifest.tsv	230aaf6f34e43c19717d53d980ccd0e96e9f0ddd75f701b64cf9b39aa246c82a
NA18522	NA18522	development_exposed	/mnt/d/projects/project_2008084/champhla_refformer/inputs/real_training_folds.tsv	d5bd39e81d63c876ccf2d632443fb47f4669008806bd3311e119e42aeb59effc
NA18522	NA18522	development_exposed	/mnt/d/projects/project_2008084/champhla_refformer/inputs/real_training_labels.tsv	74b26a6a5f9b3799098e340128b68d27e5b6c30f10fa5d6a23d311fb1b916f1c
NA18523	NA18523	evaluation_exposed	/mnt/d/projects/project_2008084/champhla_cc_confirmation/discovery/joined.tsv	155701a7da12e6c54833a39cee45795291cd15e97540c04be52d8da07877f345
NA18523	NA18523	evaluation_exposed	/mnt/d/projects/project_2008084/champhla_cc_confirmation/discovery/predictions.tsv	0a54db8183a37ed5c02ab18927ecc7fdc7b8fffacdf60bfa2a042f2ce891293a
NA18523	NA18523	development_exposed	/mnt/d/projects/project_2008084/champhla_egcc_pilot/inputs/evaluation_labels.tsv	fe99b18ac272f29bbad16d91cdd07049ebc1c95e8b3efd70d2bf971aa41e642c
NA18523	NA18523	development_exposed	/mnt/d/projects/project_2008084/champhla_egcc_pilot/inputs/fold_assignments.tsv	9c7da1b8d16cadd198b97ec1c338a35db33ae4d2af7d21d5a2b9abd8712f5132
NA18523	NA18523	holdout_exposed	/mnt/d/projects/project_2008084/champhla_egcc_pilot/runs/sealed_holdout/holdout_subjects.tsv	49f804a052aa86156f1f410ca4b86dd11a8ffe1314f9feb440bd06c370adf540
NA18523	NA18523	manifest_exposed	/mnt/d/projects/project_2008084/champhla_refformer/inputs/public_input_manifest.tsv	230aaf6f34e43c19717d53d980ccd0e96e9f0ddd75f701b64cf9b39aa246c82a
NA18523	NA18523	development_exposed	/mnt/d/projects/project_2008084/champhla_refformer/inputs/real_training_folds.tsv	d5bd39e81d63c876ccf2d632443fb47f4669008806bd3311e119e42aeb59effc
NA18523	NA18523	development_exposed	/mnt/d/projects/project_2008084/champhla_refformer/inputs/real_training_labels.tsv	74b26a6a5f9b3799098e340128b68d27e5b6c30f10fa5d6a23d311fb1b916f1c
NA18526	NA18526	evaluation_exposed	/mnt/d/projects/project_2008084/champhla_cc_confirmation/discovery/joined.tsv	155701a7da12e6c54833a39cee45795291cd15e97540c04be52d8da07877f345
NA18526	NA18526	evaluation_exposed	/mnt/d/projects/project_2008084/champhla_cc_confirmation/discovery/predictions.tsv	0a54db8183a37ed5c02ab18927ecc7fdc7b8fffacdf60bfa2a042f2ce891293a
NA18526	NA18526	development_exposed	/mnt/d/projects/project_2008084/champhla_egcc_pilot/inputs/evaluation_labels.tsv	fe99b18ac272f29bbad16d91cdd07049ebc1c95e8b3efd70d2bf971aa41e642c
NA18526	NA18526	development_exposed	/mnt/d/projects/project_2008084/champhla_egcc_pilot/inputs/fold_assignments.tsv	9c7da1b8d16cadd198b97ec1c338a35db33ae4d2af7d21d5a2b9abd8712f5132
NA18526	NA18526	holdout_exposed	/mnt/d/projects/project_2008084/champhla_egcc_pilot/runs/sealed_holdout/holdout_subjects.tsv	49f804a052aa86156f1f410ca4b86dd11a8ffe1314f9feb440bd06c370adf540
NA18526	NA18526	manifest_exposed	/mnt/d/projects/project_2008084/champhla_refformer/inputs/public_input_manifest.tsv	230aaf6f34e43c19717d53d980ccd0e96e9f0ddd75f701b64cf9b39aa246c82a
NA18526	NA18526	development_exposed	/mnt/d/projects/project_2008084/champhla_refformer/inputs/real_training_folds.tsv	d5bd39e81d63c876ccf2d632443fb47f4669008806bd3311e119e42aeb59effc
NA18526	NA18526	development_exposed	/mnt/d/projects/project_2008084/champhla_refformer/inputs/real_training_labels.tsv	74b26a6a5f9b3799098e340128b68d27e5b6c30f10fa5d6a23d311fb1b916f1c
NA18530	NA18530	evaluation_exposed	/mnt/d/projects/project_2008084/champhla_cc_confirmation/discovery/joined.tsv	155701a7da12e6c54833a39cee45795291cd15e97540c04be52d8da07877f345
NA18530	NA18530	evaluation_exposed	/mnt/d/projects/project_2008084/champhla_cc_confirmation/discovery/predictions.tsv	0a54db8183a37ed5c02ab18927ecc7fdc7b8fffacdf60bfa2a042f2ce891293a
NA18530	NA18530	development_exposed	/mnt/d/projects/project_2008084/champhla_egcc_pilot/inputs/evaluation_labels.tsv	fe99b18ac272f29bbad16d91cdd07049ebc1c95e8b3efd70d2bf971aa41e642c
NA18530	NA18530	development_exposed	/mnt/d/projects/project_2008084/champhla_egcc_pilot/inputs/fold_assignments.tsv	9c7da1b8d16cadd198b97ec1c338a35db33ae4d2af7d21d5a2b9abd8712f5132
NA18530	NA18530	development_exposed	/mnt/d/projects/project_2008084/champhla_egcc_pilot/runs/sealed_holdout/development_subjects.tsv	73adf453a2163162132c8893b30615b40a5ff4fd6ba17dccbb4d5d86550088d0
NA18530	NA18530	manifest_exposed	/mnt/d/projects/project_2008084/champhla_refformer/inputs/public_input_manifest.tsv	230aaf6f34e43c19717d53d980ccd0e96e9f0ddd75f701b64cf9b39aa246c82a
NA18530	NA18530	development_exposed	/mnt/d/projects/project_2008084/champhla_refformer/inputs/real_training_folds.tsv	d5bd39e81d63c876ccf2d632443fb47f4669008806bd3311e119e42aeb59effc
NA18530	NA18530	development_exposed	/mnt/d/projects/project_2008084/champhla_refformer/inputs/real_training_labels.tsv	74b26a6a5f9b3799098e340128b68d27e5b6c30f10fa5d6a23d311fb1b916f1c
NA18532	NA18532	evaluation_exposed	/mnt/d/projects/project_2008084/champhla_cc_confirmation/discovery/joined.tsv	155701a7da12e6c54833a39cee45795291cd15e97540c04be52d8da07877f345
NA18532	NA18532	evaluation_exposed	/mnt/d/projects/project_2008084/champhla_cc_confirmation/discovery/predictions.tsv	0a54db8183a37ed5c02ab18927ecc7fdc7b8fffacdf60bfa2a042f2ce891293a
NA18532	NA18532	development_exposed	/mnt/d/projects/project_2008084/champhla_egcc_pilot/inputs/evaluation_labels.tsv	fe99b18ac272f29bbad16d91cdd07049ebc1c95e8b3efd70d2bf971aa41e642c
NA18532	NA18532	development_exposed	/mnt/d/projects/project_2008084/champhla_egcc_pilot/inputs/fold_assignments.tsv	9c7da1b8d16cadd198b97ec1c338a35db33ae4d2af7d21d5a2b9abd8712f5132
NA18532	NA18532	development_exposed	/mnt/d/projects/project_2008084/champhla_egcc_pilot/runs/sealed_holdout/development_subjects.tsv	73adf453a2163162132c8893b30615b40a5ff4fd6ba17dccbb4d5d86550088d0
NA18532	NA18532	manifest_exposed	/mnt/d/projects/project_2008084/champhla_refformer/inputs/public_input_manifest.tsv	230aaf6f34e43c19717d53d980ccd0e96e9f0ddd75f701b64cf9b39aa246c82a
NA18532	NA18532	development_exposed	/mnt/d/projects/project_2008084/champhla_refformer/inputs/real_training_folds.tsv	d5bd39e81d63c876ccf2d632443fb47f4669008806bd3311e119e42aeb59effc
NA18532	NA18532	development_exposed	/mnt/d/projects/project_2008084/champhla_refformer/inputs/real_training_labels.tsv	74b26a6a5f9b3799098e340128b68d27e5b6c30f10fa5d6a23d311fb1b916f1c
NA18534	NA18534	evaluation_exposed	/mnt/d/projects/project_2008084/champhla_cc_confirmation/discovery/joined.tsv	155701a7da12e6c54833a39cee45795291cd15e97540c04be52d8da07877f345
NA18534	NA18534	evaluation_exposed	/mnt/d/projects/project_2008084/champhla_cc_confirmation/discovery/predictions.tsv	0a54db8183a37ed5c02ab18927ecc7fdc7b8fffacdf60bfa2a042f2ce891293a
NA18534	NA18534	development_exposed	/mnt/d/projects/project_2008084/champhla_egcc_pilot/inputs/evaluation_labels.tsv	fe99b18ac272f29bbad16d91cdd07049ebc1c95e8b3efd70d2bf971aa41e642c
NA18534	NA18534	development_exposed	/mnt/d/projects/project_2008084/champhla_egcc_pilot/inputs/fold_assignments.tsv	9c7da1b8d16cadd198b97ec1c338a35db33ae4d2af7d21d5a2b9abd8712f5132
NA18534	NA18534	development_exposed	/mnt/d/projects/project_2008084/champhla_egcc_pilot/runs/sealed_holdout/development_subjects.tsv	73adf453a2163162132c8893b30615b40a5ff4fd6ba17dccbb4d5d86550088d0
NA18534	NA18534	manifest_exposed	/mnt/d/projects/project_2008084/champhla_refformer/inputs/public_input_manifest.tsv	230aaf6f34e43c19717d53d980ccd0e96e9f0ddd75f701b64cf9b39aa246c82a
NA18534	NA18534	development_exposed	/mnt/d/projects/project_2008084/champhla_refformer/inputs/real_training_folds.tsv	d5bd39e81d63c876ccf2d632443fb47f4669008806bd3311e119e42aeb59effc
NA18534	NA18534	development_exposed	/mnt/d/projects/project_2008084/champhla_refformer/inputs/real_training_labels.tsv	74b26a6a5f9b3799098e340128b68d27e5b6c30f10fa5d6a23d311fb1b916f1c
NA18536	NA18536	evaluation_exposed	/mnt/d/projects/project_2008084/champhla_cc_confirmation/discovery/joined.tsv	155701a7da12e6c54833a39cee45795291cd15e97540c04be52d8da07877f345
NA18536	NA18536	evaluation_exposed	/mnt/d/projects/project_2008084/champhla_cc_confirmation/discovery/predictions.tsv	0a54db8183a37ed5c02ab18927ecc7fdc7b8fffacdf60bfa2a042f2ce891293a
NA18536	NA18536	development_exposed	/mnt/d/projects/project_2008084/champhla_egcc_pilot/inputs/evaluation_labels.tsv	fe99b18ac272f29bbad16d91cdd07049ebc1c95e8b3efd70d2bf971aa41e642c
NA18536	NA18536	development_exposed	/mnt/d/projects/project_2008084/champhla_egcc_pilot/inputs/fold_assignments.tsv	9c7da1b8d16cadd198b97ec1c338a35db33ae4d2af7d21d5a2b9abd8712f5132
NA18536	NA18536	development_exposed	/mnt/d/projects/project_2008084/champhla_egcc_pilot/runs/sealed_holdout/development_subjects.tsv	73adf453a2163162132c8893b30615b40a5ff4fd6ba17dccbb4d5d86550088d0
NA18536	NA18536	manifest_exposed	/mnt/d/projects/project_2008084/champhla_refformer/inputs/public_input_manifest.tsv	230aaf6f34e43c19717d53d980ccd0e96e9f0ddd75f701b64cf9b39aa246c82a
NA18536	NA18536	development_exposed	/mnt/d/projects/project_2008084/champhla_refformer/inputs/real_training_folds.tsv	d5bd39e81d63c876ccf2d632443fb47f4669008806bd3311e119e42aeb59effc
NA18536	NA18536	development_exposed	/mnt/d/projects/project_2008084/champhla_refformer/inputs/real_training_labels.tsv	74b26a6a5f9b3799098e340128b68d27e5b6c30f10fa5d6a23d311fb1b916f1c
NA18537	NA18537	evaluation_exposed	/mnt/d/projects/project_2008084/champhla_cc_confirmation/discovery/joined.tsv	155701a7da12e6c54833a39cee45795291cd15e97540c04be52d8da07877f345
NA18537	NA18537	evaluation_exposed	/mnt/d/projects/project_2008084/champhla_cc_confirmation/discovery/predictions.tsv	0a54db8183a37ed5c02ab18927ecc7fdc7b8fffacdf60bfa2a042f2ce891293a
NA18537	NA18537	development_exposed	/mnt/d/projects/project_2008084/champhla_egcc_pilot/inputs/evaluation_labels.tsv	fe99b18ac272f29bbad16d91cdd07049ebc1c95e8b3efd70d2bf971aa41e642c
NA18537	NA18537	development_exposed	/mnt/d/projects/project_2008084/champhla_egcc_pilot/inputs/fold_assignments.tsv	9c7da1b8d16cadd198b97ec1c338a35db33ae4d2af7d21d5a2b9abd8712f5132
NA18537	NA18537	development_exposed	/mnt/d/projects/project_2008084/champhla_egcc_pilot/runs/sealed_holdout/development_subjects.tsv	73adf453a2163162132c8893b30615b40a5ff4fd6ba17dccbb4d5d86550088d0
NA18537	NA18537	manifest_exposed	/mnt/d/projects/project_2008084/champhla_refformer/inputs/public_input_manifest.tsv	230aaf6f34e43c19717d53d980ccd0e96e9f0ddd75f701b64cf9b39aa246c82a
NA18537	NA18537	development_exposed	/mnt/d/projects/project_2008084/champhla_refformer/inputs/real_training_folds.tsv	d5bd39e81d63c876ccf2d632443fb47f4669008806bd3311e119e42aeb59effc
NA18537	NA18537	development_exposed	/mnt/d/projects/project_2008084/champhla_refformer/inputs/real_training_labels.tsv	74b26a6a5f9b3799098e340128b68d27e5b6c30f10fa5d6a23d311fb1b916f1c
NA18542	NA18542	evaluation_exposed	/mnt/d/projects/project_2008084/champhla_cc_confirmation/discovery/joined.tsv	155701a7da12e6c54833a39cee45795291cd15e97540c04be52d8da07877f345
NA18542	NA18542	evaluation_exposed	/mnt/d/projects/project_2008084/champhla_cc_confirmation/discovery/predictions.tsv	0a54db8183a37ed5c02ab18927ecc7fdc7b8fffacdf60bfa2a042f2ce891293a
NA18542	NA18542	development_exposed	/mnt/d/projects/project_2008084/champhla_egcc_pilot/inputs/evaluation_labels.tsv	fe99b18ac272f29bbad16d91cdd07049ebc1c95e8b3efd70d2bf971aa41e642c
NA18542	NA18542	development_exposed	/mnt/d/projects/project_2008084/champhla_egcc_pilot/inputs/fold_assignments.tsv	9c7da1b8d16cadd198b97ec1c338a35db33ae4d2af7d21d5a2b9abd8712f5132
NA18542	NA18542	development_exposed	/mnt/d/projects/project_2008084/champhla_egcc_pilot/runs/sealed_holdout/development_subjects.tsv	73adf453a2163162132c8893b30615b40a5ff4fd6ba17dccbb4d5d86550088d0
NA18542	NA18542	manifest_exposed	/mnt/d/projects/project_2008084/champhla_refformer/inputs/public_input_manifest.tsv	230aaf6f34e43c19717d53d980ccd0e96e9f0ddd75f701b64cf9b39aa246c82a
NA18542	NA18542	development_exposed	/mnt/d/projects/project_2008084/champhla_refformer/inputs/real_training_folds.tsv	d5bd39e81d63c876ccf2d632443fb47f4669008806bd3311e119e42aeb59effc
NA18542	NA18542	development_exposed	/mnt/d/projects/project_2008084/champhla_refformer/inputs/real_training_labels.tsv	74b26a6a5f9b3799098e340128b68d27e5b6c30f10fa5d6a23d311fb1b916f1c
NA18543	NA18543	evaluation_exposed	/mnt/d/projects/project_2008084/champhla_cc_confirmation/discovery/joined.tsv	155701a7da12e6c54833a39cee45795291cd15e97540c04be52d8da07877f345
NA18543	NA18543	evaluation_exposed	/mnt/d/projects/project_2008084/champhla_cc_confirmation/discovery/predictions.tsv	0a54db8183a37ed5c02ab18927ecc7fdc7b8fffacdf60bfa2a042f2ce891293a
NA18543	NA18543	development_exposed	/mnt/d/projects/project_2008084/champhla_egcc_pilot/inputs/evaluation_labels.tsv	fe99b18ac272f29bbad16d91cdd07049ebc1c95e8b3efd70d2bf971aa41e642c
NA18543	NA18543	development_exposed	/mnt/d/projects/project_2008084/champhla_egcc_pilot/inputs/fold_assignments.tsv	9c7da1b8d16cadd198b97ec1c338a35db33ae4d2af7d21d5a2b9abd8712f5132
NA18543	NA18543	development_exposed	/mnt/d/projects/project_2008084/champhla_egcc_pilot/runs/sealed_holdout/development_subjects.tsv	73adf453a2163162132c8893b30615b40a5ff4fd6ba17dccbb4d5d86550088d0
NA18543	NA18543	manifest_exposed	/mnt/d/projects/project_2008084/champhla_refformer/inputs/public_input_manifest.tsv	230aaf6f34e43c19717d53d980ccd0e96e9f0ddd75f701b64cf9b39aa246c82a
NA18543	NA18543	development_exposed	/mnt/d/projects/project_2008084/champhla_refformer/inputs/real_training_folds.tsv	d5bd39e81d63c876ccf2d632443fb47f4669008806bd3311e119e42aeb59effc
NA18543	NA18543	development_exposed	/mnt/d/projects/project_2008084/champhla_refformer/inputs/real_training_labels.tsv	74b26a6a5f9b3799098e340128b68d27e5b6c30f10fa5d6a23d311fb1b916f1c
NA18544	NA18544	evaluation_exposed	/mnt/d/projects/project_2008084/champhla_cc_confirmation/discovery/joined.tsv	155701a7da12e6c54833a39cee45795291cd15e97540c04be52d8da07877f345
NA18544	NA18544	evaluation_exposed	/mnt/d/projects/project_2008084/champhla_cc_confirmation/discovery/predictions.tsv	0a54db8183a37ed5c02ab18927ecc7fdc7b8fffacdf60bfa2a042f2ce891293a
NA18544	NA18544	development_exposed	/mnt/d/projects/project_2008084/champhla_egcc_pilot/inputs/evaluation_labels.tsv	fe99b18ac272f29bbad16d91cdd07049ebc1c95e8b3efd70d2bf971aa41e642c
NA18544	NA18544	development_exposed	/mnt/d/projects/project_2008084/champhla_egcc_pilot/inputs/fold_assignments.tsv	9c7da1b8d16cadd198b97ec1c338a35db33ae4d2af7d21d5a2b9abd8712f5132
NA18544	NA18544	holdout_exposed	/mnt/d/projects/project_2008084/champhla_egcc_pilot/runs/sealed_holdout/holdout_subjects.tsv	49f804a052aa86156f1f410ca4b86dd11a8ffe1314f9feb440bd06c370adf540
NA18544	NA18544	manifest_exposed	/mnt/d/projects/project_2008084/champhla_refformer/inputs/public_input_manifest.tsv	230aaf6f34e43c19717d53d980ccd0e96e9f0ddd75f701b64cf9b39aa246c82a
NA18544	NA18544	development_exposed	/mnt/d/projects/project_2008084/champhla_refformer/inputs/real_training_folds.tsv	d5bd39e81d63c876ccf2d632443fb47f4669008806bd3311e119e42aeb59effc
NA18544	NA18544	development_exposed	/mnt/d/projects/project_2008084/champhla_refformer/inputs/real_training_labels.tsv	74b26a6a5f9b3799098e340128b68d27e5b6c30f10fa5d6a23d311fb1b916f1c
NA18545	NA18545	evaluation_exposed	/mnt/d/projects/project_2008084/champhla_cc_confirmation/discovery/joined.tsv	155701a7da12e6c54833a39cee45795291cd15e97540c04be52d8da07877f345
NA18545	NA18545	evaluation_exposed	/mnt/d/projects/project_2008084/champhla_cc_confirmation/discovery/predictions.tsv	0a54db8183a37ed5c02ab18927ecc7fdc7b8fffacdf60bfa2a042f2ce891293a
NA18545	NA18545	development_exposed	/mnt/d/projects/project_2008084/champhla_egcc_pilot/inputs/evaluation_labels.tsv	fe99b18ac272f29bbad16d91cdd07049ebc1c95e8b3efd70d2bf971aa41e642c
NA18545	NA18545	development_exposed	/mnt/d/projects/project_2008084/champhla_egcc_pilot/inputs/fold_assignments.tsv	9c7da1b8d16cadd198b97ec1c338a35db33ae4d2af7d21d5a2b9abd8712f5132
NA18545	NA18545	holdout_exposed	/mnt/d/projects/project_2008084/champhla_egcc_pilot/runs/sealed_holdout/holdout_subjects.tsv	49f804a052aa86156f1f410ca4b86dd11a8ffe1314f9feb440bd06c370adf540
NA18545	NA18545	manifest_exposed	/mnt/d/projects/project_2008084/champhla_refformer/inputs/public_input_manifest.tsv	230aaf6f34e43c19717d53d980ccd0e96e9f0ddd75f701b64cf9b39aa246c82a
NA18545	NA18545	development_exposed	/mnt/d/projects/project_2008084/champhla_refformer/inputs/real_training_folds.tsv	d5bd39e81d63c876ccf2d632443fb47f4669008806bd3311e119e42aeb59effc
NA18545	NA18545	development_exposed	/mnt/d/projects/project_2008084/champhla_refformer/inputs/real_training_labels.tsv	74b26a6a5f9b3799098e340128b68d27e5b6c30f10fa5d6a23d311fb1b916f1c
NA18561	NA18561	evaluation_exposed	/mnt/d/projects/project_2008084/champhla_cc_confirmation/discovery/joined.tsv	155701a7da12e6c54833a39cee45795291cd15e97540c04be52d8da07877f345
NA18561	NA18561	evaluation_exposed	/mnt/d/projects/project_2008084/champhla_cc_confirmation/discovery/predictions.tsv	0a54db8183a37ed5c02ab18927ecc7fdc7b8fffacdf60bfa2a042f2ce891293a
NA18561	NA18561	development_exposed	/mnt/d/projects/project_2008084/champhla_egcc_pilot/inputs/fold_assignments.tsv	9c7da1b8d16cadd198b97ec1c338a35db33ae4d2af7d21d5a2b9abd8712f5132
NA18561	NA18561	manifest_exposed	/mnt/d/projects/project_2008084/champhla_refformer/inputs/public_input_manifest.tsv	230aaf6f34e43c19717d53d980ccd0e96e9f0ddd75f701b64cf9b39aa246c82a
NA18561	NA18561	development_exposed	/mnt/d/projects/project_2008084/champhla_refformer/inputs/real_training_folds.tsv	d5bd39e81d63c876ccf2d632443fb47f4669008806bd3311e119e42aeb59effc
NA18561	NA18561	development_exposed	/mnt/d/projects/project_2008084/champhla_refformer/inputs/real_training_labels.tsv	74b26a6a5f9b3799098e340128b68d27e5b6c30f10fa5d6a23d311fb1b916f1c
NA18562	NA18562	evaluation_exposed	/mnt/d/projects/project_2008084/champhla_cc_confirmation/discovery/joined.tsv	155701a7da12e6c54833a39cee45795291cd15e97540c04be52d8da07877f345
NA18562	NA18562	evaluation_exposed	/mnt/d/projects/project_2008084/champhla_cc_confirmation/discovery/predictions.tsv	0a54db8183a37ed5c02ab18927ecc7fdc7b8fffacdf60bfa2a042f2ce891293a
NA18562	NA18562	development_exposed	/mnt/d/projects/project_2008084/champhla_egcc_pilot/inputs/fold_assignments.tsv	9c7da1b8d16cadd198b97ec1c338a35db33ae4d2af7d21d5a2b9abd8712f5132
NA18562	NA18562	manifest_exposed	/mnt/d/projects/project_2008084/champhla_refformer/inputs/public_input_manifest.tsv	230aaf6f34e43c19717d53d980ccd0e96e9f0ddd75f701b64cf9b39aa246c82a
NA18562	NA18562	development_exposed	/mnt/d/projects/project_2008084/champhla_refformer/inputs/real_training_folds.tsv	d5bd39e81d63c876ccf2d632443fb47f4669008806bd3311e119e42aeb59effc
NA18562	NA18562	development_exposed	/mnt/d/projects/project_2008084/champhla_refformer/inputs/real_training_labels.tsv	74b26a6a5f9b3799098e340128b68d27e5b6c30f10fa5d6a23d311fb1b916f1c
NA18563	NA18563	evaluation_exposed	/mnt/d/projects/project_2008084/champhla_cc_confirmation/discovery/joined.tsv	155701a7da12e6c54833a39cee45795291cd15e97540c04be52d8da07877f345
NA18563	NA18563	evaluation_exposed	/mnt/d/projects/project_2008084/champhla_cc_confirmation/discovery/predictions.tsv	0a54db8183a37ed5c02ab18927ecc7fdc7b8fffacdf60bfa2a042f2ce891293a
NA18563	NA18563	development_exposed	/mnt/d/projects/project_2008084/champhla_egcc_pilot/inputs/fold_assignments.tsv	9c7da1b8d16cadd198b97ec1c338a35db33ae4d2af7d21d5a2b9abd8712f5132
NA18563	NA18563	manifest_exposed	/mnt/d/projects/project_2008084/champhla_refformer/inputs/public_input_manifest.tsv	230aaf6f34e43c19717d53d980ccd0e96e9f0ddd75f701b64cf9b39aa246c82a
NA18563	NA18563	development_exposed	/mnt/d/projects/project_2008084/champhla_refformer/inputs/real_training_folds.tsv	d5bd39e81d63c876ccf2d632443fb47f4669008806bd3311e119e42aeb59effc
NA18563	NA18563	development_exposed	/mnt/d/projects/project_2008084/champhla_refformer/inputs/real_training_labels.tsv	74b26a6a5f9b3799098e340128b68d27e5b6c30f10fa5d6a23d311fb1b916f1c
NA18564	NA18564	evaluation_exposed	/mnt/d/projects/project_2008084/champhla_cc_confirmation/discovery/joined.tsv	155701a7da12e6c54833a39cee45795291cd15e97540c04be52d8da07877f345
NA18564	NA18564	evaluation_exposed	/mnt/d/projects/project_2008084/champhla_cc_confirmation/discovery/predictions.tsv	0a54db8183a37ed5c02ab18927ecc7fdc7b8fffacdf60bfa2a042f2ce891293a
NA18564	NA18564	development_exposed	/mnt/d/projects/project_2008084/champhla_egcc_pilot/inputs/fold_assignments.tsv	9c7da1b8d16cadd198b97ec1c338a35db33ae4d2af7d21d5a2b9abd8712f5132
NA18564	NA18564	manifest_exposed	/mnt/d/projects/project_2008084/champhla_refformer/inputs/public_input_manifest.tsv	230aaf6f34e43c19717d53d980ccd0e96e9f0ddd75f701b64cf9b39aa246c82a
NA18564	NA18564	development_exposed	/mnt/d/projects/project_2008084/champhla_refformer/inputs/real_training_folds.tsv	d5bd39e81d63c876ccf2d632443fb47f4669008806bd3311e119e42aeb59effc
NA18564	NA18564	development_exposed	/mnt/d/projects/project_2008084/champhla_refformer/inputs/real_training_labels.tsv	74b26a6a5f9b3799098e340128b68d27e5b6c30f10fa5d6a23d311fb1b916f1c
NA18858	NA18858	evaluation_exposed	/mnt/d/projects/project_2008084/champhla_cc_confirmation/discovery/joined.tsv	155701a7da12e6c54833a39cee45795291cd15e97540c04be52d8da07877f345
NA18858	NA18858	evaluation_exposed	/mnt/d/projects/project_2008084/champhla_cc_confirmation/discovery/predictions.tsv	0a54db8183a37ed5c02ab18927ecc7fdc7b8fffacdf60bfa2a042f2ce891293a
NA18858	NA18858	development_exposed	/mnt/d/projects/project_2008084/champhla_egcc_pilot/inputs/evaluation_labels.tsv	fe99b18ac272f29bbad16d91cdd07049ebc1c95e8b3efd70d2bf971aa41e642c
NA18858	NA18858	development_exposed	/mnt/d/projects/project_2008084/champhla_egcc_pilot/inputs/fold_assignments.tsv	9c7da1b8d16cadd198b97ec1c338a35db33ae4d2af7d21d5a2b9abd8712f5132
NA18858	NA18858	holdout_exposed	/mnt/d/projects/project_2008084/champhla_egcc_pilot/runs/sealed_holdout/holdout_subjects.tsv	49f804a052aa86156f1f410ca4b86dd11a8ffe1314f9feb440bd06c370adf540
NA18858	NA18858	manifest_exposed	/mnt/d/projects/project_2008084/champhla_refformer/inputs/public_input_manifest.tsv	230aaf6f34e43c19717d53d980ccd0e96e9f0ddd75f701b64cf9b39aa246c82a
NA18858	NA18858	development_exposed	/mnt/d/projects/project_2008084/champhla_refformer/inputs/real_training_folds.tsv	d5bd39e81d63c876ccf2d632443fb47f4669008806bd3311e119e42aeb59effc
NA18858	NA18858	development_exposed	/mnt/d/projects/project_2008084/champhla_refformer/inputs/real_training_labels.tsv	74b26a6a5f9b3799098e340128b68d27e5b6c30f10fa5d6a23d311fb1b916f1c
NA18861	NA18861	evaluation_exposed	/mnt/d/projects/project_2008084/champhla_cc_confirmation/discovery/joined.tsv	155701a7da12e6c54833a39cee45795291cd15e97540c04be52d8da07877f345
NA18861	NA18861	evaluation_exposed	/mnt/d/projects/project_2008084/champhla_cc_confirmation/discovery/predictions.tsv	0a54db8183a37ed5c02ab18927ecc7fdc7b8fffacdf60bfa2a042f2ce891293a
NA18861	NA18861	development_exposed	/mnt/d/projects/project_2008084/champhla_egcc_pilot/inputs/evaluation_labels.tsv	fe99b18ac272f29bbad16d91cdd07049ebc1c95e8b3efd70d2bf971aa41e642c
NA18861	NA18861	development_exposed	/mnt/d/projects/project_2008084/champhla_egcc_pilot/inputs/fold_assignments.tsv	9c7da1b8d16cadd198b97ec1c338a35db33ae4d2af7d21d5a2b9abd8712f5132
NA18861	NA18861	development_exposed	/mnt/d/projects/project_2008084/champhla_egcc_pilot/runs/sealed_holdout/development_subjects.tsv	73adf453a2163162132c8893b30615b40a5ff4fd6ba17dccbb4d5d86550088d0
NA18861	NA18861	manifest_exposed	/mnt/d/projects/project_2008084/champhla_refformer/inputs/public_input_manifest.tsv	230aaf6f34e43c19717d53d980ccd0e96e9f0ddd75f701b64cf9b39aa246c82a
NA18861	NA18861	development_exposed	/mnt/d/projects/project_2008084/champhla_refformer/inputs/real_training_folds.tsv	d5bd39e81d63c876ccf2d632443fb47f4669008806bd3311e119e42aeb59effc
NA18861	NA18861	development_exposed	/mnt/d/projects/project_2008084/champhla_refformer/inputs/real_training_labels.tsv	74b26a6a5f9b3799098e340128b68d27e5b6c30f10fa5d6a23d311fb1b916f1c
NA19093	NA19093	evaluation_exposed	/mnt/d/projects/project_2008084/champhla_cc_confirmation/discovery/joined.tsv	155701a7da12e6c54833a39cee45795291cd15e97540c04be52d8da07877f345
NA19093	NA19093	evaluation_exposed	/mnt/d/projects/project_2008084/champhla_cc_confirmation/discovery/predictions.tsv	0a54db8183a37ed5c02ab18927ecc7fdc7b8fffacdf60bfa2a042f2ce891293a
NA19093	NA19093	development_exposed	/mnt/d/projects/project_2008084/champhla_egcc_pilot/inputs/evaluation_labels.tsv	fe99b18ac272f29bbad16d91cdd07049ebc1c95e8b3efd70d2bf971aa41e642c
NA19093	NA19093	development_exposed	/mnt/d/projects/project_2008084/champhla_egcc_pilot/inputs/fold_assignments.tsv	9c7da1b8d16cadd198b97ec1c338a35db33ae4d2af7d21d5a2b9abd8712f5132
NA19093	NA19093	development_exposed	/mnt/d/projects/project_2008084/champhla_egcc_pilot/runs/sealed_holdout/development_subjects.tsv	73adf453a2163162132c8893b30615b40a5ff4fd6ba17dccbb4d5d86550088d0
NA19093	NA19093	manifest_exposed	/mnt/d/projects/project_2008084/champhla_refformer/inputs/public_input_manifest.tsv	230aaf6f34e43c19717d53d980ccd0e96e9f0ddd75f701b64cf9b39aa246c82a
NA19093	NA19093	development_exposed	/mnt/d/projects/project_2008084/champhla_refformer/inputs/real_training_folds.tsv	d5bd39e81d63c876ccf2d632443fb47f4669008806bd3311e119e42aeb59effc
NA19093	NA19093	development_exposed	/mnt/d/projects/project_2008084/champhla_refformer/inputs/real_training_labels.tsv	74b26a6a5f9b3799098e340128b68d27e5b6c30f10fa5d6a23d311fb1b916f1c
NA19099	NA19099	evaluation_exposed	/mnt/d/projects/project_2008084/champhla_cc_confirmation/discovery/joined.tsv	155701a7da12e6c54833a39cee45795291cd15e97540c04be52d8da07877f345
NA19099	NA19099	evaluation_exposed	/mnt/d/projects/project_2008084/champhla_cc_confirmation/discovery/predictions.tsv	0a54db8183a37ed5c02ab18927ecc7fdc7b8fffacdf60bfa2a042f2ce891293a
NA19099	NA19099	development_exposed	/mnt/d/projects/project_2008084/champhla_egcc_pilot/inputs/evaluation_labels.tsv	fe99b18ac272f29bbad16d91cdd07049ebc1c95e8b3efd70d2bf971aa41e642c
NA19099	NA19099	development_exposed	/mnt/d/projects/project_2008084/champhla_egcc_pilot/inputs/fold_assignments.tsv	9c7da1b8d16cadd198b97ec1c338a35db33ae4d2af7d21d5a2b9abd8712f5132
NA19099	NA19099	holdout_exposed	/mnt/d/projects/project_2008084/champhla_egcc_pilot/runs/sealed_holdout/holdout_subjects.tsv	49f804a052aa86156f1f410ca4b86dd11a8ffe1314f9feb440bd06c370adf540
NA19099	NA19099	manifest_exposed	/mnt/d/projects/project_2008084/champhla_refformer/inputs/public_input_manifest.tsv	230aaf6f34e43c19717d53d980ccd0e96e9f0ddd75f701b64cf9b39aa246c82a
NA19099	NA19099	development_exposed	/mnt/d/projects/project_2008084/champhla_refformer/inputs/real_training_folds.tsv	d5bd39e81d63c876ccf2d632443fb47f4669008806bd3311e119e42aeb59effc
NA19099	NA19099	development_exposed	/mnt/d/projects/project_2008084/champhla_refformer/inputs/real_training_labels.tsv	74b26a6a5f9b3799098e340128b68d27e5b6c30f10fa5d6a23d311fb1b916f1c
NA19116	NA19116	evaluation_exposed	/mnt/d/projects/project_2008084/champhla_cc_confirmation/discovery/joined.tsv	155701a7da12e6c54833a39cee45795291cd15e97540c04be52d8da07877f345
NA19116	NA19116	evaluation_exposed	/mnt/d/projects/project_2008084/champhla_cc_confirmation/discovery/predictions.tsv	0a54db8183a37ed5c02ab18927ecc7fdc7b8fffacdf60bfa2a042f2ce891293a
NA19116	NA19116	development_exposed	/mnt/d/projects/project_2008084/champhla_egcc_pilot/inputs/evaluation_labels.tsv	fe99b18ac272f29bbad16d91cdd07049ebc1c95e8b3efd70d2bf971aa41e642c
NA19116	NA19116	development_exposed	/mnt/d/projects/project_2008084/champhla_egcc_pilot/inputs/fold_assignments.tsv	9c7da1b8d16cadd198b97ec1c338a35db33ae4d2af7d21d5a2b9abd8712f5132
NA19116	NA19116	development_exposed	/mnt/d/projects/project_2008084/champhla_egcc_pilot/runs/sealed_holdout/development_subjects.tsv	73adf453a2163162132c8893b30615b40a5ff4fd6ba17dccbb4d5d86550088d0
NA19116	NA19116	manifest_exposed	/mnt/d/projects/project_2008084/champhla_refformer/inputs/public_input_manifest.tsv	230aaf6f34e43c19717d53d980ccd0e96e9f0ddd75f701b64cf9b39aa246c82a
NA19116	NA19116	development_exposed	/mnt/d/projects/project_2008084/champhla_refformer/inputs/real_training_folds.tsv	d5bd39e81d63c876ccf2d632443fb47f4669008806bd3311e119e42aeb59effc
NA19116	NA19116	development_exposed	/mnt/d/projects/project_2008084/champhla_refformer/inputs/real_training_labels.tsv	74b26a6a5f9b3799098e340128b68d27e5b6c30f10fa5d6a23d311fb1b916f1c
NA19119	NA19119	evaluation_exposed	/mnt/d/projects/project_2008084/champhla_cc_confirmation/discovery/joined.tsv	155701a7da12e6c54833a39cee45795291cd15e97540c04be52d8da07877f345
NA19119	NA19119	evaluation_exposed	/mnt/d/projects/project_2008084/champhla_cc_confirmation/discovery/predictions.tsv	0a54db8183a37ed5c02ab18927ecc7fdc7b8fffacdf60bfa2a042f2ce891293a
NA19119	NA19119	development_exposed	/mnt/d/projects/project_2008084/champhla_egcc_pilot/inputs/evaluation_labels.tsv	fe99b18ac272f29bbad16d91cdd07049ebc1c95e8b3efd70d2bf971aa41e642c
NA19119	NA19119	development_exposed	/mnt/d/projects/project_2008084/champhla_egcc_pilot/inputs/fold_assignments.tsv	9c7da1b8d16cadd198b97ec1c338a35db33ae4d2af7d21d5a2b9abd8712f5132
NA19119	NA19119	development_exposed	/mnt/d/projects/project_2008084/champhla_egcc_pilot/runs/sealed_holdout/development_subjects.tsv	73adf453a2163162132c8893b30615b40a5ff4fd6ba17dccbb4d5d86550088d0
NA19119	NA19119	manifest_exposed	/mnt/d/projects/project_2008084/champhla_refformer/inputs/public_input_manifest.tsv	230aaf6f34e43c19717d53d980ccd0e96e9f0ddd75f701b64cf9b39aa246c82a
NA19119	NA19119	development_exposed	/mnt/d/projects/project_2008084/champhla_refformer/inputs/real_training_folds.tsv	d5bd39e81d63c876ccf2d632443fb47f4669008806bd3311e119e42aeb59effc
NA19119	NA19119	development_exposed	/mnt/d/projects/project_2008084/champhla_refformer/inputs/real_training_labels.tsv	74b26a6a5f9b3799098e340128b68d27e5b6c30f10fa5d6a23d311fb1b916f1c
NA19129	NA19129	evaluation_exposed	/mnt/d/projects/project_2008084/champhla_cc_confirmation/discovery/joined.tsv	155701a7da12e6c54833a39cee45795291cd15e97540c04be52d8da07877f345
NA19129	NA19129	evaluation_exposed	/mnt/d/projects/project_2008084/champhla_cc_confirmation/discovery/predictions.tsv	0a54db8183a37ed5c02ab18927ecc7fdc7b8fffacdf60bfa2a042f2ce891293a
NA19129	NA19129	development_exposed	/mnt/d/projects/project_2008084/champhla_egcc_pilot/inputs/evaluation_labels.tsv	fe99b18ac272f29bbad16d91cdd07049ebc1c95e8b3efd70d2bf971aa41e642c
NA19129	NA19129	development_exposed	/mnt/d/projects/project_2008084/champhla_egcc_pilot/inputs/fold_assignments.tsv	9c7da1b8d16cadd198b97ec1c338a35db33ae4d2af7d21d5a2b9abd8712f5132
NA19129	NA19129	development_exposed	/mnt/d/projects/project_2008084/champhla_egcc_pilot/runs/sealed_holdout/development_subjects.tsv	73adf453a2163162132c8893b30615b40a5ff4fd6ba17dccbb4d5d86550088d0
NA19129	NA19129	manifest_exposed	/mnt/d/projects/project_2008084/champhla_refformer/inputs/public_input_manifest.tsv	230aaf6f34e43c19717d53d980ccd0e96e9f0ddd75f701b64cf9b39aa246c82a
NA19129	NA19129	development_exposed	/mnt/d/projects/project_2008084/champhla_refformer/inputs/real_training_folds.tsv	d5bd39e81d63c876ccf2d632443fb47f4669008806bd3311e119e42aeb59effc
NA19129	NA19129	development_exposed	/mnt/d/projects/project_2008084/champhla_refformer/inputs/real_training_labels.tsv	74b26a6a5f9b3799098e340128b68d27e5b6c30f10fa5d6a23d311fb1b916f1c
NA19130	NA19130	evaluation_exposed	/mnt/d/projects/project_2008084/champhla_cc_confirmation/discovery/joined.tsv	155701a7da12e6c54833a39cee45795291cd15e97540c04be52d8da07877f345
NA19130	NA19130	evaluation_exposed	/mnt/d/projects/project_2008084/champhla_cc_confirmation/discovery/predictions.tsv	0a54db8183a37ed5c02ab18927ecc7fdc7b8fffacdf60bfa2a042f2ce891293a
NA19130	NA19130	development_exposed	/mnt/d/projects/project_2008084/champhla_egcc_pilot/inputs/evaluation_labels.tsv	fe99b18ac272f29bbad16d91cdd07049ebc1c95e8b3efd70d2bf971aa41e642c
NA19130	NA19130	development_exposed	/mnt/d/projects/project_2008084/champhla_egcc_pilot/inputs/fold_assignments.tsv	9c7da1b8d16cadd198b97ec1c338a35db33ae4d2af7d21d5a2b9abd8712f5132
NA19130	NA19130	development_exposed	/mnt/d/projects/project_2008084/champhla_egcc_pilot/runs/sealed_holdout/development_subjects.tsv	73adf453a2163162132c8893b30615b40a5ff4fd6ba17dccbb4d5d86550088d0
NA19130	NA19130	manifest_exposed	/mnt/d/projects/project_2008084/champhla_refformer/inputs/public_input_manifest.tsv	230aaf6f34e43c19717d53d980ccd0e96e9f0ddd75f701b64cf9b39aa246c82a
NA19130	NA19130	development_exposed	/mnt/d/projects/project_2008084/champhla_refformer/inputs/real_training_folds.tsv	d5bd39e81d63c876ccf2d632443fb47f4669008806bd3311e119e42aeb59effc
NA19130	NA19130	development_exposed	/mnt/d/projects/project_2008084/champhla_refformer/inputs/real_training_labels.tsv	74b26a6a5f9b3799098e340128b68d27e5b6c30f10fa5d6a23d311fb1b916f1c
NA19131	NA19131	evaluation_exposed	/mnt/d/projects/project_2008084/champhla_cc_confirmation/discovery/joined.tsv	155701a7da12e6c54833a39cee45795291cd15e97540c04be52d8da07877f345
NA19131	NA19131	evaluation_exposed	/mnt/d/projects/project_2008084/champhla_cc_confirmation/discovery/predictions.tsv	0a54db8183a37ed5c02ab18927ecc7fdc7b8fffacdf60bfa2a042f2ce891293a
NA19131	NA19131	development_exposed	/mnt/d/projects/project_2008084/champhla_egcc_pilot/inputs/evaluation_labels.tsv	fe99b18ac272f29bbad16d91cdd07049ebc1c95e8b3efd70d2bf971aa41e642c
NA19131	NA19131	development_exposed	/mnt/d/projects/project_2008084/champhla_egcc_pilot/inputs/fold_assignments.tsv	9c7da1b8d16cadd198b97ec1c338a35db33ae4d2af7d21d5a2b9abd8712f5132
NA19131	NA19131	development_exposed	/mnt/d/projects/project_2008084/champhla_egcc_pilot/runs/sealed_holdout/development_subjects.tsv	73adf453a2163162132c8893b30615b40a5ff4fd6ba17dccbb4d5d86550088d0
NA19131	NA19131	manifest_exposed	/mnt/d/projects/project_2008084/champhla_refformer/inputs/public_input_manifest.tsv	230aaf6f34e43c19717d53d980ccd0e96e9f0ddd75f701b64cf9b39aa246c82a
NA19131	NA19131	development_exposed	/mnt/d/projects/project_2008084/champhla_refformer/inputs/real_training_folds.tsv	d5bd39e81d63c876ccf2d632443fb47f4669008806bd3311e119e42aeb59effc
NA19131	NA19131	development_exposed	/mnt/d/projects/project_2008084/champhla_refformer/inputs/real_training_labels.tsv	74b26a6a5f9b3799098e340128b68d27e5b6c30f10fa5d6a23d311fb1b916f1c
NA19152	NA19152	evaluation_exposed	/mnt/d/projects/project_2008084/champhla_cc_confirmation/discovery/joined.tsv	155701a7da12e6c54833a39cee45795291cd15e97540c04be52d8da07877f345
NA19152	NA19152	evaluation_exposed	/mnt/d/projects/project_2008084/champhla_cc_confirmation/discovery/predictions.tsv	0a54db8183a37ed5c02ab18927ecc7fdc7b8fffacdf60bfa2a042f2ce891293a
NA19152	NA19152	development_exposed	/mnt/d/projects/project_2008084/champhla_egcc_pilot/inputs/evaluation_labels.tsv	fe99b18ac272f29bbad16d91cdd07049ebc1c95e8b3efd70d2bf971aa41e642c
NA19152	NA19152	development_exposed	/mnt/d/projects/project_2008084/champhla_egcc_pilot/inputs/fold_assignments.tsv	9c7da1b8d16cadd198b97ec1c338a35db33ae4d2af7d21d5a2b9abd8712f5132
NA19152	NA19152	development_exposed	/mnt/d/projects/project_2008084/champhla_egcc_pilot/runs/sealed_holdout/development_subjects.tsv	73adf453a2163162132c8893b30615b40a5ff4fd6ba17dccbb4d5d86550088d0
NA19152	NA19152	manifest_exposed	/mnt/d/projects/project_2008084/champhla_refformer/inputs/public_input_manifest.tsv	230aaf6f34e43c19717d53d980ccd0e96e9f0ddd75f701b64cf9b39aa246c82a
NA19152	NA19152	development_exposed	/mnt/d/projects/project_2008084/champhla_refformer/inputs/real_training_folds.tsv	d5bd39e81d63c876ccf2d632443fb47f4669008806bd3311e119e42aeb59effc
NA19152	NA19152	development_exposed	/mnt/d/projects/project_2008084/champhla_refformer/inputs/real_training_labels.tsv	74b26a6a5f9b3799098e340128b68d27e5b6c30f10fa5d6a23d311fb1b916f1c
NA19153	NA19153	evaluation_exposed	/mnt/d/projects/project_2008084/champhla_cc_confirmation/discovery/joined.tsv	155701a7da12e6c54833a39cee45795291cd15e97540c04be52d8da07877f345
NA19153	NA19153	evaluation_exposed	/mnt/d/projects/project_2008084/champhla_cc_confirmation/discovery/predictions.tsv	0a54db8183a37ed5c02ab18927ecc7fdc7b8fffacdf60bfa2a042f2ce891293a
NA19153	NA19153	development_exposed	/mnt/d/projects/project_2008084/champhla_egcc_pilot/inputs/evaluation_labels.tsv	fe99b18ac272f29bbad16d91cdd07049ebc1c95e8b3efd70d2bf971aa41e642c
NA19153	NA19153	development_exposed	/mnt/d/projects/project_2008084/champhla_egcc_pilot/inputs/fold_assignments.tsv	9c7da1b8d16cadd198b97ec1c338a35db33ae4d2af7d21d5a2b9abd8712f5132
NA19153	NA19153	holdout_exposed	/mnt/d/projects/project_2008084/champhla_egcc_pilot/runs/sealed_holdout/holdout_subjects.tsv	49f804a052aa86156f1f410ca4b86dd11a8ffe1314f9feb440bd06c370adf540
NA19153	NA19153	manifest_exposed	/mnt/d/projects/project_2008084/champhla_refformer/inputs/public_input_manifest.tsv	230aaf6f34e43c19717d53d980ccd0e96e9f0ddd75f701b64cf9b39aa246c82a
NA19153	NA19153	development_exposed	/mnt/d/projects/project_2008084/champhla_refformer/inputs/real_training_folds.tsv	d5bd39e81d63c876ccf2d632443fb47f4669008806bd3311e119e42aeb59effc
NA19153	NA19153	development_exposed	/mnt/d/projects/project_2008084/champhla_refformer/inputs/real_training_labels.tsv	74b26a6a5f9b3799098e340128b68d27e5b6c30f10fa5d6a23d311fb1b916f1c
NA19209	NA19209	evaluation_exposed	/mnt/d/projects/project_2008084/champhla_cc_confirmation/discovery/joined.tsv	155701a7da12e6c54833a39cee45795291cd15e97540c04be52d8da07877f345
NA19209	NA19209	evaluation_exposed	/mnt/d/projects/project_2008084/champhla_cc_confirmation/discovery/predictions.tsv	0a54db8183a37ed5c02ab18927ecc7fdc7b8fffacdf60bfa2a042f2ce891293a
NA19209	NA19209	development_exposed	/mnt/d/projects/project_2008084/champhla_egcc_pilot/inputs/evaluation_labels.tsv	fe99b18ac272f29bbad16d91cdd07049ebc1c95e8b3efd70d2bf971aa41e642c
NA19209	NA19209	development_exposed	/mnt/d/projects/project_2008084/champhla_egcc_pilot/inputs/fold_assignments.tsv	9c7da1b8d16cadd198b97ec1c338a35db33ae4d2af7d21d5a2b9abd8712f5132
NA19209	NA19209	development_exposed	/mnt/d/projects/project_2008084/champhla_egcc_pilot/runs/sealed_holdout/development_subjects.tsv	73adf453a2163162132c8893b30615b40a5ff4fd6ba17dccbb4d5d86550088d0
NA19209	NA19209	manifest_exposed	/mnt/d/projects/project_2008084/champhla_refformer/inputs/public_input_manifest.tsv	230aaf6f34e43c19717d53d980ccd0e96e9f0ddd75f701b64cf9b39aa246c82a
NA19209	NA19209	development_exposed	/mnt/d/projects/project_2008084/champhla_refformer/inputs/real_training_folds.tsv	d5bd39e81d63c876ccf2d632443fb47f4669008806bd3311e119e42aeb59effc
NA19209	NA19209	development_exposed	/mnt/d/projects/project_2008084/champhla_refformer/inputs/real_training_labels.tsv	74b26a6a5f9b3799098e340128b68d27e5b6c30f10fa5d6a23d311fb1b916f1c
NA19210	NA19210	evaluation_exposed	/mnt/d/projects/project_2008084/champhla_cc_confirmation/discovery/joined.tsv	155701a7da12e6c54833a39cee45795291cd15e97540c04be52d8da07877f345
NA19210	NA19210	evaluation_exposed	/mnt/d/projects/project_2008084/champhla_cc_confirmation/discovery/predictions.tsv	0a54db8183a37ed5c02ab18927ecc7fdc7b8fffacdf60bfa2a042f2ce891293a
NA19210	NA19210	development_exposed	/mnt/d/projects/project_2008084/champhla_egcc_pilot/inputs/evaluation_labels.tsv	fe99b18ac272f29bbad16d91cdd07049ebc1c95e8b3efd70d2bf971aa41e642c
NA19210	NA19210	development_exposed	/mnt/d/projects/project_2008084/champhla_egcc_pilot/inputs/fold_assignments.tsv	9c7da1b8d16cadd198b97ec1c338a35db33ae4d2af7d21d5a2b9abd8712f5132
NA19210	NA19210	holdout_exposed	/mnt/d/projects/project_2008084/champhla_egcc_pilot/runs/sealed_holdout/holdout_subjects.tsv	49f804a052aa86156f1f410ca4b86dd11a8ffe1314f9feb440bd06c370adf540
NA19210	NA19210	manifest_exposed	/mnt/d/projects/project_2008084/champhla_refformer/inputs/public_input_manifest.tsv	230aaf6f34e43c19717d53d980ccd0e96e9f0ddd75f701b64cf9b39aa246c82a
NA19210	NA19210	development_exposed	/mnt/d/projects/project_2008084/champhla_refformer/inputs/real_training_folds.tsv	d5bd39e81d63c876ccf2d632443fb47f4669008806bd3311e119e42aeb59effc
NA19210	NA19210	development_exposed	/mnt/d/projects/project_2008084/champhla_refformer/inputs/real_training_labels.tsv	74b26a6a5f9b3799098e340128b68d27e5b6c30f10fa5d6a23d311fb1b916f1c
NA19238	NA19238	evaluation_exposed	/mnt/d/projects/project_2008084/champhla_cc_confirmation/discovery/joined.tsv	155701a7da12e6c54833a39cee45795291cd15e97540c04be52d8da07877f345
NA19238	NA19238	evaluation_exposed	/mnt/d/projects/project_2008084/champhla_cc_confirmation/discovery/predictions.tsv	0a54db8183a37ed5c02ab18927ecc7fdc7b8fffacdf60bfa2a042f2ce891293a
NA19238	NA19238	development_exposed	/mnt/d/projects/project_2008084/champhla_egcc_pilot/inputs/fold_assignments.tsv	9c7da1b8d16cadd198b97ec1c338a35db33ae4d2af7d21d5a2b9abd8712f5132
NA19238	NA19238	manifest_exposed	/mnt/d/projects/project_2008084/champhla_refformer/inputs/public_input_manifest.tsv	230aaf6f34e43c19717d53d980ccd0e96e9f0ddd75f701b64cf9b39aa246c82a
NA19238	NA19238	development_exposed	/mnt/d/projects/project_2008084/champhla_refformer/inputs/real_training_folds.tsv	d5bd39e81d63c876ccf2d632443fb47f4669008806bd3311e119e42aeb59effc
NA19238	NA19238	development_exposed	/mnt/d/projects/project_2008084/champhla_refformer/inputs/real_training_labels.tsv	74b26a6a5f9b3799098e340128b68d27e5b6c30f10fa5d6a23d311fb1b916f1c
NA19239	NA19239	evaluation_exposed	/mnt/d/projects/project_2008084/champhla_cc_confirmation/discovery/joined.tsv	155701a7da12e6c54833a39cee45795291cd15e97540c04be52d8da07877f345
NA19239	NA19239	evaluation_exposed	/mnt/d/projects/project_2008084/champhla_cc_confirmation/discovery/predictions.tsv	0a54db8183a37ed5c02ab18927ecc7fdc7b8fffacdf60bfa2a042f2ce891293a
NA19239	NA19239	development_exposed	/mnt/d/projects/project_2008084/champhla_egcc_pilot/inputs/fold_assignments.tsv	9c7da1b8d16cadd198b97ec1c338a35db33ae4d2af7d21d5a2b9abd8712f5132
NA19239	NA19239	manifest_exposed	/mnt/d/projects/project_2008084/champhla_refformer/inputs/public_input_manifest.tsv	230aaf6f34e43c19717d53d980ccd0e96e9f0ddd75f701b64cf9b39aa246c82a
NA19239	NA19239	development_exposed	/mnt/d/projects/project_2008084/champhla_refformer/inputs/real_training_folds.tsv	d5bd39e81d63c876ccf2d632443fb47f4669008806bd3311e119e42aeb59effc
NA19239	NA19239	development_exposed	/mnt/d/projects/project_2008084/champhla_refformer/inputs/real_training_labels.tsv	74b26a6a5f9b3799098e340128b68d27e5b6c30f10fa5d6a23d311fb1b916f1c
NA20502	NA20502	evaluation_exposed	/mnt/d/projects/project_2008084/champhla_cc_confirmation/discovery/joined.tsv	155701a7da12e6c54833a39cee45795291cd15e97540c04be52d8da07877f345
NA20502	NA20502	evaluation_exposed	/mnt/d/projects/project_2008084/champhla_cc_confirmation/discovery/predictions.tsv	0a54db8183a37ed5c02ab18927ecc7fdc7b8fffacdf60bfa2a042f2ce891293a
NA20502	NA20502	development_exposed	/mnt/d/projects/project_2008084/champhla_egcc_pilot/inputs/evaluation_labels.tsv	fe99b18ac272f29bbad16d91cdd07049ebc1c95e8b3efd70d2bf971aa41e642c
NA20502	NA20502	development_exposed	/mnt/d/projects/project_2008084/champhla_egcc_pilot/inputs/fold_assignments.tsv	9c7da1b8d16cadd198b97ec1c338a35db33ae4d2af7d21d5a2b9abd8712f5132
NA20502	NA20502	development_exposed	/mnt/d/projects/project_2008084/champhla_egcc_pilot/runs/sealed_holdout/development_subjects.tsv	73adf453a2163162132c8893b30615b40a5ff4fd6ba17dccbb4d5d86550088d0
NA20502	NA20502	manifest_exposed	/mnt/d/projects/project_2008084/champhla_refformer/inputs/public_input_manifest.tsv	230aaf6f34e43c19717d53d980ccd0e96e9f0ddd75f701b64cf9b39aa246c82a
NA20502	NA20502	development_exposed	/mnt/d/projects/project_2008084/champhla_refformer/inputs/real_training_folds.tsv	d5bd39e81d63c876ccf2d632443fb47f4669008806bd3311e119e42aeb59effc
NA20502	NA20502	development_exposed	/mnt/d/projects/project_2008084/champhla_refformer/inputs/real_training_labels.tsv	74b26a6a5f9b3799098e340128b68d27e5b6c30f10fa5d6a23d311fb1b916f1c
NA20503	NA20503	evaluation_exposed	/mnt/d/projects/project_2008084/champhla_cc_confirmation/discovery/joined.tsv	155701a7da12e6c54833a39cee45795291cd15e97540c04be52d8da07877f345
NA20503	NA20503	evaluation_exposed	/mnt/d/projects/project_2008084/champhla_cc_confirmation/discovery/predictions.tsv	0a54db8183a37ed5c02ab18927ecc7fdc7b8fffacdf60bfa2a042f2ce891293a
NA20503	NA20503	development_exposed	/mnt/d/projects/project_2008084/champhla_egcc_pilot/inputs/evaluation_labels.tsv	fe99b18ac272f29bbad16d91cdd07049ebc1c95e8b3efd70d2bf971aa41e642c
NA20503	NA20503	development_exposed	/mnt/d/projects/project_2008084/champhla_egcc_pilot/inputs/fold_assignments.tsv	9c7da1b8d16cadd198b97ec1c338a35db33ae4d2af7d21d5a2b9abd8712f5132
NA20503	NA20503	holdout_exposed	/mnt/d/projects/project_2008084/champhla_egcc_pilot/runs/sealed_holdout/holdout_subjects.tsv	49f804a052aa86156f1f410ca4b86dd11a8ffe1314f9feb440bd06c370adf540
NA20503	NA20503	manifest_exposed	/mnt/d/projects/project_2008084/champhla_refformer/inputs/public_input_manifest.tsv	230aaf6f34e43c19717d53d980ccd0e96e9f0ddd75f701b64cf9b39aa246c82a
NA20503	NA20503	development_exposed	/mnt/d/projects/project_2008084/champhla_refformer/inputs/real_training_folds.tsv	d5bd39e81d63c876ccf2d632443fb47f4669008806bd3311e119e42aeb59effc
NA20503	NA20503	development_exposed	/mnt/d/projects/project_2008084/champhla_refformer/inputs/real_training_labels.tsv	74b26a6a5f9b3799098e340128b68d27e5b6c30f10fa5d6a23d311fb1b916f1c
NA20504	NA20504	evaluation_exposed	/mnt/d/projects/project_2008084/champhla_cc_confirmation/discovery/joined.tsv	155701a7da12e6c54833a39cee45795291cd15e97540c04be52d8da07877f345
NA20504	NA20504	evaluation_exposed	/mnt/d/projects/project_2008084/champhla_cc_confirmation/discovery/predictions.tsv	0a54db8183a37ed5c02ab18927ecc7fdc7b8fffacdf60bfa2a042f2ce891293a
NA20504	NA20504	development_exposed	/mnt/d/projects/project_2008084/champhla_egcc_pilot/inputs/evaluation_labels.tsv	fe99b18ac272f29bbad16d91cdd07049ebc1c95e8b3efd70d2bf971aa41e642c
NA20504	NA20504	development_exposed	/mnt/d/projects/project_2008084/champhla_egcc_pilot/inputs/fold_assignments.tsv	9c7da1b8d16cadd198b97ec1c338a35db33ae4d2af7d21d5a2b9abd8712f5132
NA20504	NA20504	development_exposed	/mnt/d/projects/project_2008084/champhla_egcc_pilot/runs/sealed_holdout/development_subjects.tsv	73adf453a2163162132c8893b30615b40a5ff4fd6ba17dccbb4d5d86550088d0
NA20504	NA20504	manifest_exposed	/mnt/d/projects/project_2008084/champhla_refformer/inputs/public_input_manifest.tsv	230aaf6f34e43c19717d53d980ccd0e96e9f0ddd75f701b64cf9b39aa246c82a
NA20504	NA20504	development_exposed	/mnt/d/projects/project_2008084/champhla_refformer/inputs/real_training_folds.tsv	d5bd39e81d63c876ccf2d632443fb47f4669008806bd3311e119e42aeb59effc
NA20504	NA20504	development_exposed	/mnt/d/projects/project_2008084/champhla_refformer/inputs/real_training_labels.tsv	74b26a6a5f9b3799098e340128b68d27e5b6c30f10fa5d6a23d311fb1b916f1c
NA20505	NA20505	evaluation_exposed	/mnt/d/projects/project_2008084/champhla_cc_confirmation/discovery/joined.tsv	155701a7da12e6c54833a39cee45795291cd15e97540c04be52d8da07877f345
NA20505	NA20505	evaluation_exposed	/mnt/d/projects/project_2008084/champhla_cc_confirmation/discovery/predictions.tsv	0a54db8183a37ed5c02ab18927ecc7fdc7b8fffacdf60bfa2a042f2ce891293a
NA20505	NA20505	development_exposed	/mnt/d/projects/project_2008084/champhla_egcc_pilot/inputs/evaluation_labels.tsv	fe99b18ac272f29bbad16d91cdd07049ebc1c95e8b3efd70d2bf971aa41e642c
NA20505	NA20505	development_exposed	/mnt/d/projects/project_2008084/champhla_egcc_pilot/inputs/fold_assignments.tsv	9c7da1b8d16cadd198b97ec1c338a35db33ae4d2af7d21d5a2b9abd8712f5132
NA20505	NA20505	holdout_exposed	/mnt/d/projects/project_2008084/champhla_egcc_pilot/runs/sealed_holdout/holdout_subjects.tsv	49f804a052aa86156f1f410ca4b86dd11a8ffe1314f9feb440bd06c370adf540
NA20505	NA20505	manifest_exposed	/mnt/d/projects/project_2008084/champhla_refformer/inputs/public_input_manifest.tsv	230aaf6f34e43c19717d53d980ccd0e96e9f0ddd75f701b64cf9b39aa246c82a
NA20505	NA20505	development_exposed	/mnt/d/projects/project_2008084/champhla_refformer/inputs/real_training_folds.tsv	d5bd39e81d63c876ccf2d632443fb47f4669008806bd3311e119e42aeb59effc
NA20505	NA20505	development_exposed	/mnt/d/projects/project_2008084/champhla_refformer/inputs/real_training_labels.tsv	74b26a6a5f9b3799098e340128b68d27e5b6c30f10fa5d6a23d311fb1b916f1c
NA20506	NA20506	evaluation_exposed	/mnt/d/projects/project_2008084/champhla_cc_confirmation/discovery/joined.tsv	155701a7da12e6c54833a39cee45795291cd15e97540c04be52d8da07877f345
NA20506	NA20506	evaluation_exposed	/mnt/d/projects/project_2008084/champhla_cc_confirmation/discovery/predictions.tsv	0a54db8183a37ed5c02ab18927ecc7fdc7b8fffacdf60bfa2a042f2ce891293a
NA20506	NA20506	development_exposed	/mnt/d/projects/project_2008084/champhla_egcc_pilot/inputs/evaluation_labels.tsv	fe99b18ac272f29bbad16d91cdd07049ebc1c95e8b3efd70d2bf971aa41e642c
NA20506	NA20506	development_exposed	/mnt/d/projects/project_2008084/champhla_egcc_pilot/inputs/fold_assignments.tsv	9c7da1b8d16cadd198b97ec1c338a35db33ae4d2af7d21d5a2b9abd8712f5132
NA20506	NA20506	development_exposed	/mnt/d/projects/project_2008084/champhla_egcc_pilot/runs/sealed_holdout/development_subjects.tsv	73adf453a2163162132c8893b30615b40a5ff4fd6ba17dccbb4d5d86550088d0
NA20506	NA20506	manifest_exposed	/mnt/d/projects/project_2008084/champhla_refformer/inputs/public_input_manifest.tsv	230aaf6f34e43c19717d53d980ccd0e96e9f0ddd75f701b64cf9b39aa246c82a
NA20506	NA20506	development_exposed	/mnt/d/projects/project_2008084/champhla_refformer/inputs/real_training_folds.tsv	d5bd39e81d63c876ccf2d632443fb47f4669008806bd3311e119e42aeb59effc
NA20506	NA20506	development_exposed	/mnt/d/projects/project_2008084/champhla_refformer/inputs/real_training_labels.tsv	74b26a6a5f9b3799098e340128b68d27e5b6c30f10fa5d6a23d311fb1b916f1c
NA20507	NA20507	evaluation_exposed	/mnt/d/projects/project_2008084/champhla_cc_confirmation/discovery/joined.tsv	155701a7da12e6c54833a39cee45795291cd15e97540c04be52d8da07877f345
NA20507	NA20507	evaluation_exposed	/mnt/d/projects/project_2008084/champhla_cc_confirmation/discovery/predictions.tsv	0a54db8183a37ed5c02ab18927ecc7fdc7b8fffacdf60bfa2a042f2ce891293a
NA20507	NA20507	development_exposed	/mnt/d/projects/project_2008084/champhla_egcc_pilot/inputs/evaluation_labels.tsv	fe99b18ac272f29bbad16d91cdd07049ebc1c95e8b3efd70d2bf971aa41e642c
NA20507	NA20507	development_exposed	/mnt/d/projects/project_2008084/champhla_egcc_pilot/inputs/fold_assignments.tsv	9c7da1b8d16cadd198b97ec1c338a35db33ae4d2af7d21d5a2b9abd8712f5132
NA20507	NA20507	holdout_exposed	/mnt/d/projects/project_2008084/champhla_egcc_pilot/runs/sealed_holdout/holdout_subjects.tsv	49f804a052aa86156f1f410ca4b86dd11a8ffe1314f9feb440bd06c370adf540
NA20507	NA20507	manifest_exposed	/mnt/d/projects/project_2008084/champhla_refformer/inputs/public_input_manifest.tsv	230aaf6f34e43c19717d53d980ccd0e96e9f0ddd75f701b64cf9b39aa246c82a
NA20507	NA20507	development_exposed	/mnt/d/projects/project_2008084/champhla_refformer/inputs/real_training_folds.tsv	d5bd39e81d63c876ccf2d632443fb47f4669008806bd3311e119e42aeb59effc
NA20507	NA20507	development_exposed	/mnt/d/projects/project_2008084/champhla_refformer/inputs/real_training_labels.tsv	74b26a6a5f9b3799098e340128b68d27e5b6c30f10fa5d6a23d311fb1b916f1c
NA20508	NA20508	evaluation_exposed	/mnt/d/projects/project_2008084/champhla_cc_confirmation/discovery/joined.tsv	155701a7da12e6c54833a39cee45795291cd15e97540c04be52d8da07877f345
NA20508	NA20508	evaluation_exposed	/mnt/d/projects/project_2008084/champhla_cc_confirmation/discovery/predictions.tsv	0a54db8183a37ed5c02ab18927ecc7fdc7b8fffacdf60bfa2a042f2ce891293a
NA20508	NA20508	development_exposed	/mnt/d/projects/project_2008084/champhla_egcc_pilot/inputs/evaluation_labels.tsv	fe99b18ac272f29bbad16d91cdd07049ebc1c95e8b3efd70d2bf971aa41e642c
NA20508	NA20508	development_exposed	/mnt/d/projects/project_2008084/champhla_egcc_pilot/inputs/fold_assignments.tsv	9c7da1b8d16cadd198b97ec1c338a35db33ae4d2af7d21d5a2b9abd8712f5132
NA20508	NA20508	development_exposed	/mnt/d/projects/project_2008084/champhla_egcc_pilot/runs/sealed_holdout/development_subjects.tsv	73adf453a2163162132c8893b30615b40a5ff4fd6ba17dccbb4d5d86550088d0
NA20508	NA20508	manifest_exposed	/mnt/d/projects/project_2008084/champhla_refformer/inputs/public_input_manifest.tsv	230aaf6f34e43c19717d53d980ccd0e96e9f0ddd75f701b64cf9b39aa246c82a
NA20508	NA20508	development_exposed	/mnt/d/projects/project_2008084/champhla_refformer/inputs/real_training_folds.tsv	d5bd39e81d63c876ccf2d632443fb47f4669008806bd3311e119e42aeb59effc
NA20508	NA20508	development_exposed	/mnt/d/projects/project_2008084/champhla_refformer/inputs/real_training_labels.tsv	74b26a6a5f9b3799098e340128b68d27e5b6c30f10fa5d6a23d311fb1b916f1c
NA20509	NA20509	evaluation_exposed	/mnt/d/projects/project_2008084/champhla_cc_confirmation/discovery/joined.tsv	155701a7da12e6c54833a39cee45795291cd15e97540c04be52d8da07877f345
NA20509	NA20509	evaluation_exposed	/mnt/d/projects/project_2008084/champhla_cc_confirmation/discovery/predictions.tsv	0a54db8183a37ed5c02ab18927ecc7fdc7b8fffacdf60bfa2a042f2ce891293a
NA20509	NA20509	development_exposed	/mnt/d/projects/project_2008084/champhla_egcc_pilot/inputs/evaluation_labels.tsv	fe99b18ac272f29bbad16d91cdd07049ebc1c95e8b3efd70d2bf971aa41e642c
NA20509	NA20509	development_exposed	/mnt/d/projects/project_2008084/champhla_egcc_pilot/inputs/fold_assignments.tsv	9c7da1b8d16cadd198b97ec1c338a35db33ae4d2af7d21d5a2b9abd8712f5132
NA20509	NA20509	development_exposed	/mnt/d/projects/project_2008084/champhla_egcc_pilot/runs/sealed_holdout/development_subjects.tsv	73adf453a2163162132c8893b30615b40a5ff4fd6ba17dccbb4d5d86550088d0
NA20509	NA20509	manifest_exposed	/mnt/d/projects/project_2008084/champhla_refformer/inputs/public_input_manifest.tsv	230aaf6f34e43c19717d53d980ccd0e96e9f0ddd75f701b64cf9b39aa246c82a
NA20509	NA20509	development_exposed	/mnt/d/projects/project_2008084/champhla_refformer/inputs/real_training_folds.tsv	d5bd39e81d63c876ccf2d632443fb47f4669008806bd3311e119e42aeb59effc
NA20509	NA20509	development_exposed	/mnt/d/projects/project_2008084/champhla_refformer/inputs/real_training_labels.tsv	74b26a6a5f9b3799098e340128b68d27e5b6c30f10fa5d6a23d311fb1b916f1c
NA20510	NA20510	evaluation_exposed	/mnt/d/projects/project_2008084/champhla_cc_confirmation/discovery/joined.tsv	155701a7da12e6c54833a39cee45795291cd15e97540c04be52d8da07877f345
NA20510	NA20510	evaluation_exposed	/mnt/d/projects/project_2008084/champhla_cc_confirmation/discovery/predictions.tsv	0a54db8183a37ed5c02ab18927ecc7fdc7b8fffacdf60bfa2a042f2ce891293a
NA20510	NA20510	development_exposed	/mnt/d/projects/project_2008084/champhla_egcc_pilot/inputs/evaluation_labels.tsv	fe99b18ac272f29bbad16d91cdd07049ebc1c95e8b3efd70d2bf971aa41e642c
NA20510	NA20510	development_exposed	/mnt/d/projects/project_2008084/champhla_egcc_pilot/inputs/fold_assignments.tsv	9c7da1b8d16cadd198b97ec1c338a35db33ae4d2af7d21d5a2b9abd8712f5132
NA20510	NA20510	development_exposed	/mnt/d/projects/project_2008084/champhla_egcc_pilot/runs/sealed_holdout/development_subjects.tsv	73adf453a2163162132c8893b30615b40a5ff4fd6ba17dccbb4d5d86550088d0
NA20510	NA20510	manifest_exposed	/mnt/d/projects/project_2008084/champhla_refformer/inputs/public_input_manifest.tsv	230aaf6f34e43c19717d53d980ccd0e96e9f0ddd75f701b64cf9b39aa246c82a
NA20510	NA20510	development_exposed	/mnt/d/projects/project_2008084/champhla_refformer/inputs/real_training_folds.tsv	d5bd39e81d63c876ccf2d632443fb47f4669008806bd3311e119e42aeb59effc
NA20510	NA20510	development_exposed	/mnt/d/projects/project_2008084/champhla_refformer/inputs/real_training_labels.tsv	74b26a6a5f9b3799098e340128b68d27e5b6c30f10fa5d6a23d311fb1b916f1c
NA20512	NA20512	evaluation_exposed	/mnt/d/projects/project_2008084/champhla_cc_confirmation/discovery/joined.tsv	155701a7da12e6c54833a39cee45795291cd15e97540c04be52d8da07877f345
NA20512	NA20512	evaluation_exposed	/mnt/d/projects/project_2008084/champhla_cc_confirmation/discovery/predictions.tsv	0a54db8183a37ed5c02ab18927ecc7fdc7b8fffacdf60bfa2a042f2ce891293a
NA20512	NA20512	development_exposed	/mnt/d/projects/project_2008084/champhla_egcc_pilot/inputs/evaluation_labels.tsv	fe99b18ac272f29bbad16d91cdd07049ebc1c95e8b3efd70d2bf971aa41e642c
NA20512	NA20512	development_exposed	/mnt/d/projects/project_2008084/champhla_egcc_pilot/inputs/fold_assignments.tsv	9c7da1b8d16cadd198b97ec1c338a35db33ae4d2af7d21d5a2b9abd8712f5132
NA20512	NA20512	development_exposed	/mnt/d/projects/project_2008084/champhla_egcc_pilot/runs/sealed_holdout/development_subjects.tsv	73adf453a2163162132c8893b30615b40a5ff4fd6ba17dccbb4d5d86550088d0
NA20512	NA20512	manifest_exposed	/mnt/d/projects/project_2008084/champhla_refformer/inputs/public_input_manifest.tsv	230aaf6f34e43c19717d53d980ccd0e96e9f0ddd75f701b64cf9b39aa246c82a
NA20512	NA20512	development_exposed	/mnt/d/projects/project_2008084/champhla_refformer/inputs/real_training_folds.tsv	d5bd39e81d63c876ccf2d632443fb47f4669008806bd3311e119e42aeb59effc
NA20512	NA20512	development_exposed	/mnt/d/projects/project_2008084/champhla_refformer/inputs/real_training_labels.tsv	74b26a6a5f9b3799098e340128b68d27e5b6c30f10fa5d6a23d311fb1b916f1c
NA20513	NA20513	evaluation_exposed	/mnt/d/projects/project_2008084/champhla_cc_confirmation/discovery/joined.tsv	155701a7da12e6c54833a39cee45795291cd15e97540c04be52d8da07877f345
NA20513	NA20513	evaluation_exposed	/mnt/d/projects/project_2008084/champhla_cc_confirmation/discovery/predictions.tsv	0a54db8183a37ed5c02ab18927ecc7fdc7b8fffacdf60bfa2a042f2ce891293a
NA20513	NA20513	development_exposed	/mnt/d/projects/project_2008084/champhla_egcc_pilot/inputs/evaluation_labels.tsv	fe99b18ac272f29bbad16d91cdd07049ebc1c95e8b3efd70d2bf971aa41e642c
NA20513	NA20513	development_exposed	/mnt/d/projects/project_2008084/champhla_egcc_pilot/inputs/fold_assignments.tsv	9c7da1b8d16cadd198b97ec1c338a35db33ae4d2af7d21d5a2b9abd8712f5132
NA20513	NA20513	holdout_exposed	/mnt/d/projects/project_2008084/champhla_egcc_pilot/runs/sealed_holdout/holdout_subjects.tsv	49f804a052aa86156f1f410ca4b86dd11a8ffe1314f9feb440bd06c370adf540
NA20513	NA20513	manifest_exposed	/mnt/d/projects/project_2008084/champhla_refformer/inputs/public_input_manifest.tsv	230aaf6f34e43c19717d53d980ccd0e96e9f0ddd75f701b64cf9b39aa246c82a
NA20513	NA20513	development_exposed	/mnt/d/projects/project_2008084/champhla_refformer/inputs/real_training_folds.tsv	d5bd39e81d63c876ccf2d632443fb47f4669008806bd3311e119e42aeb59effc
NA20513	NA20513	development_exposed	/mnt/d/projects/project_2008084/champhla_refformer/inputs/real_training_labels.tsv	74b26a6a5f9b3799098e340128b68d27e5b6c30f10fa5d6a23d311fb1b916f1c
NA20514	NA20514	evaluation_exposed	/mnt/d/projects/project_2008084/champhla_cc_confirmation/discovery/joined.tsv	155701a7da12e6c54833a39cee45795291cd15e97540c04be52d8da07877f345
NA20514	NA20514	evaluation_exposed	/mnt/d/projects/project_2008084/champhla_cc_confirmation/discovery/predictions.tsv	0a54db8183a37ed5c02ab18927ecc7fdc7b8fffacdf60bfa2a042f2ce891293a
NA20514	NA20514	development_exposed	/mnt/d/projects/project_2008084/champhla_egcc_pilot/inputs/evaluation_labels.tsv	fe99b18ac272f29bbad16d91cdd07049ebc1c95e8b3efd70d2bf971aa41e642c
NA20514	NA20514	development_exposed	/mnt/d/projects/project_2008084/champhla_egcc_pilot/inputs/fold_assignments.tsv	9c7da1b8d16cadd198b97ec1c338a35db33ae4d2af7d21d5a2b9abd8712f5132
NA20514	NA20514	development_exposed	/mnt/d/projects/project_2008084/champhla_egcc_pilot/runs/sealed_holdout/development_subjects.tsv	73adf453a2163162132c8893b30615b40a5ff4fd6ba17dccbb4d5d86550088d0
NA20514	NA20514	manifest_exposed	/mnt/d/projects/project_2008084/champhla_refformer/inputs/public_input_manifest.tsv	230aaf6f34e43c19717d53d980ccd0e96e9f0ddd75f701b64cf9b39aa246c82a
NA20514	NA20514	development_exposed	/mnt/d/projects/project_2008084/champhla_refformer/inputs/real_training_folds.tsv	d5bd39e81d63c876ccf2d632443fb47f4669008806bd3311e119e42aeb59effc
NA20514	NA20514	development_exposed	/mnt/d/projects/project_2008084/champhla_refformer/inputs/real_training_labels.tsv	74b26a6a5f9b3799098e340128b68d27e5b6c30f10fa5d6a23d311fb1b916f1c
NA20515	NA20515	evaluation_exposed	/mnt/d/projects/project_2008084/champhla_cc_confirmation/discovery/joined.tsv	155701a7da12e6c54833a39cee45795291cd15e97540c04be52d8da07877f345
NA20515	NA20515	evaluation_exposed	/mnt/d/projects/project_2008084/champhla_cc_confirmation/discovery/predictions.tsv	0a54db8183a37ed5c02ab18927ecc7fdc7b8fffacdf60bfa2a042f2ce891293a
NA20515	NA20515	development_exposed	/mnt/d/projects/project_2008084/champhla_egcc_pilot/inputs/evaluation_labels.tsv	fe99b18ac272f29bbad16d91cdd07049ebc1c95e8b3efd70d2bf971aa41e642c
NA20515	NA20515	development_exposed	/mnt/d/projects/project_2008084/champhla_egcc_pilot/inputs/fold_assignments.tsv	9c7da1b8d16cadd198b97ec1c338a35db33ae4d2af7d21d5a2b9abd8712f5132
NA20515	NA20515	development_exposed	/mnt/d/projects/project_2008084/champhla_egcc_pilot/runs/sealed_holdout/development_subjects.tsv	73adf453a2163162132c8893b30615b40a5ff4fd6ba17dccbb4d5d86550088d0
NA20515	NA20515	manifest_exposed	/mnt/d/projects/project_2008084/champhla_refformer/inputs/public_input_manifest.tsv	230aaf6f34e43c19717d53d980ccd0e96e9f0ddd75f701b64cf9b39aa246c82a
NA20515	NA20515	development_exposed	/mnt/d/projects/project_2008084/champhla_refformer/inputs/real_training_folds.tsv	d5bd39e81d63c876ccf2d632443fb47f4669008806bd3311e119e42aeb59effc
NA20515	NA20515	development_exposed	/mnt/d/projects/project_2008084/champhla_refformer/inputs/real_training_labels.tsv	74b26a6a5f9b3799098e340128b68d27e5b6c30f10fa5d6a23d311fb1b916f1c
NA20516	NA20516	evaluation_exposed	/mnt/d/projects/project_2008084/champhla_cc_confirmation/discovery/joined.tsv	155701a7da12e6c54833a39cee45795291cd15e97540c04be52d8da07877f345
NA20516	NA20516	evaluation_exposed	/mnt/d/projects/project_2008084/champhla_cc_confirmation/discovery/predictions.tsv	0a54db8183a37ed5c02ab18927ecc7fdc7b8fffacdf60bfa2a042f2ce891293a
NA20516	NA20516	development_exposed	/mnt/d/projects/project_2008084/champhla_egcc_pilot/inputs/evaluation_labels.tsv	fe99b18ac272f29bbad16d91cdd07049ebc1c95e8b3efd70d2bf971aa41e642c
NA20516	NA20516	development_exposed	/mnt/d/projects/project_2008084/champhla_egcc_pilot/inputs/fold_assignments.tsv	9c7da1b8d16cadd198b97ec1c338a35db33ae4d2af7d21d5a2b9abd8712f5132
NA20516	NA20516	development_exposed	/mnt/d/projects/project_2008084/champhla_egcc_pilot/runs/sealed_holdout/development_subjects.tsv	73adf453a2163162132c8893b30615b40a5ff4fd6ba17dccbb4d5d86550088d0
NA20516	NA20516	manifest_exposed	/mnt/d/projects/project_2008084/champhla_refformer/inputs/public_input_manifest.tsv	230aaf6f34e43c19717d53d980ccd0e96e9f0ddd75f701b64cf9b39aa246c82a
NA20516	NA20516	development_exposed	/mnt/d/projects/project_2008084/champhla_refformer/inputs/real_training_folds.tsv	d5bd39e81d63c876ccf2d632443fb47f4669008806bd3311e119e42aeb59effc
NA20516	NA20516	development_exposed	/mnt/d/projects/project_2008084/champhla_refformer/inputs/real_training_labels.tsv	74b26a6a5f9b3799098e340128b68d27e5b6c30f10fa5d6a23d311fb1b916f1c
NA20519	NA20519	evaluation_exposed	/mnt/d/projects/project_2008084/champhla_cc_confirmation/discovery/joined.tsv	155701a7da12e6c54833a39cee45795291cd15e97540c04be52d8da07877f345
NA20519	NA20519	evaluation_exposed	/mnt/d/projects/project_2008084/champhla_cc_confirmation/discovery/predictions.tsv	0a54db8183a37ed5c02ab18927ecc7fdc7b8fffacdf60bfa2a042f2ce891293a
NA20519	NA20519	development_exposed	/mnt/d/projects/project_2008084/champhla_egcc_pilot/inputs/evaluation_labels.tsv	fe99b18ac272f29bbad16d91cdd07049ebc1c95e8b3efd70d2bf971aa41e642c
NA20519	NA20519	development_exposed	/mnt/d/projects/project_2008084/champhla_egcc_pilot/inputs/fold_assignments.tsv	9c7da1b8d16cadd198b97ec1c338a35db33ae4d2af7d21d5a2b9abd8712f5132
NA20519	NA20519	development_exposed	/mnt/d/projects/project_2008084/champhla_egcc_pilot/runs/sealed_holdout/development_subjects.tsv	73adf453a2163162132c8893b30615b40a5ff4fd6ba17dccbb4d5d86550088d0
NA20519	NA20519	manifest_exposed	/mnt/d/projects/project_2008084/champhla_refformer/inputs/public_input_manifest.tsv	230aaf6f34e43c19717d53d980ccd0e96e9f0ddd75f701b64cf9b39aa246c82a
NA20519	NA20519	development_exposed	/mnt/d/projects/project_2008084/champhla_refformer/inputs/real_training_folds.tsv	d5bd39e81d63c876ccf2d632443fb47f4669008806bd3311e119e42aeb59effc
NA20519	NA20519	development_exposed	/mnt/d/projects/project_2008084/champhla_refformer/inputs/real_training_labels.tsv	74b26a6a5f9b3799098e340128b68d27e5b6c30f10fa5d6a23d311fb1b916f1c
NA20521	NA20521	evaluation_exposed	/mnt/d/projects/project_2008084/champhla_cc_confirmation/discovery/joined.tsv	155701a7da12e6c54833a39cee45795291cd15e97540c04be52d8da07877f345
NA20521	NA20521	evaluation_exposed	/mnt/d/projects/project_2008084/champhla_cc_confirmation/discovery/predictions.tsv	0a54db8183a37ed5c02ab18927ecc7fdc7b8fffacdf60bfa2a042f2ce891293a
NA20521	NA20521	development_exposed	/mnt/d/projects/project_2008084/champhla_egcc_pilot/inputs/evaluation_labels.tsv	fe99b18ac272f29bbad16d91cdd07049ebc1c95e8b3efd70d2bf971aa41e642c
NA20521	NA20521	development_exposed	/mnt/d/projects/project_2008084/champhla_egcc_pilot/inputs/fold_assignments.tsv	9c7da1b8d16cadd198b97ec1c338a35db33ae4d2af7d21d5a2b9abd8712f5132
NA20521	NA20521	holdout_exposed	/mnt/d/projects/project_2008084/champhla_egcc_pilot/runs/sealed_holdout/holdout_subjects.tsv	49f804a052aa86156f1f410ca4b86dd11a8ffe1314f9feb440bd06c370adf540
NA20521	NA20521	manifest_exposed	/mnt/d/projects/project_2008084/champhla_refformer/inputs/public_input_manifest.tsv	230aaf6f34e43c19717d53d980ccd0e96e9f0ddd75f701b64cf9b39aa246c82a
NA20521	NA20521	development_exposed	/mnt/d/projects/project_2008084/champhla_refformer/inputs/real_training_folds.tsv	d5bd39e81d63c876ccf2d632443fb47f4669008806bd3311e119e42aeb59effc
NA20521	NA20521	development_exposed	/mnt/d/projects/project_2008084/champhla_refformer/inputs/real_training_labels.tsv	74b26a6a5f9b3799098e340128b68d27e5b6c30f10fa5d6a23d311fb1b916f1c
NA20528	NA20528	evaluation_exposed	/mnt/d/projects/project_2008084/champhla_cc_confirmation/discovery/joined.tsv	155701a7da12e6c54833a39cee45795291cd15e97540c04be52d8da07877f345
NA20528	NA20528	evaluation_exposed	/mnt/d/projects/project_2008084/champhla_cc_confirmation/discovery/predictions.tsv	0a54db8183a37ed5c02ab18927ecc7fdc7b8fffacdf60bfa2a042f2ce891293a
NA20528	NA20528	development_exposed	/mnt/d/projects/project_2008084/champhla_egcc_pilot/inputs/evaluation_labels.tsv	fe99b18ac272f29bbad16d91cdd07049ebc1c95e8b3efd70d2bf971aa41e642c
NA20528	NA20528	development_exposed	/mnt/d/projects/project_2008084/champhla_egcc_pilot/inputs/fold_assignments.tsv	9c7da1b8d16cadd198b97ec1c338a35db33ae4d2af7d21d5a2b9abd8712f5132
NA20528	NA20528	development_exposed	/mnt/d/projects/project_2008084/champhla_egcc_pilot/runs/sealed_holdout/development_subjects.tsv	73adf453a2163162132c8893b30615b40a5ff4fd6ba17dccbb4d5d86550088d0
NA20528	NA20528	manifest_exposed	/mnt/d/projects/project_2008084/champhla_refformer/inputs/public_input_manifest.tsv	230aaf6f34e43c19717d53d980ccd0e96e9f0ddd75f701b64cf9b39aa246c82a
NA20528	NA20528	development_exposed	/mnt/d/projects/project_2008084/champhla_refformer/inputs/real_training_folds.tsv	d5bd39e81d63c876ccf2d632443fb47f4669008806bd3311e119e42aeb59effc
NA20528	NA20528	development_exposed	/mnt/d/projects/project_2008084/champhla_refformer/inputs/real_training_labels.tsv	74b26a6a5f9b3799098e340128b68d27e5b6c30f10fa5d6a23d311fb1b916f1c
