run_accession	submitted_ftp	submitted_md5	submitted_bytes
ERR188036	ftp.sra.ebi.ac.uk/vol1/run/ERR188/ERR188036/HG00236.5.M_120131_5_1.fastq.gz;ftp.sra.ebi.ac.uk/vol1/run/ERR188/ERR188036/HG00236.5.M_120131_5_2.fastq.gz	c230f817f6380174b33fa9ea25a96c6e;c0f068af33244b0cc18effbede4573c1	2292518386;2297917276
ERR188047	ftp.sra.ebi.ac.uk/vol1/run/ERR188/ERR188047/NA06994.2.M_111215_7_1.fastq.gz;ftp.sra.ebi.ac.uk/vol1/run/ERR188/ERR188047/NA06994.2.M_111215_7_2.fastq.gz	27bb6c4e0d453c457c5e076573cd1b86;010a0f05279eb81bd2eead7bee777f17	3109397231;3133566489
ERR188048	ftp.sra.ebi.ac.uk/vol1/run/ERR188/ERR188048/NA12489.1.M_111124_2_1.fastq.gz;ftp.sra.ebi.ac.uk/vol1/run/ERR188/ERR188048/NA12489.1.M_111124_2_2.fastq.gz	0f92f024220f96af777e8283bcead238;ff5508db6f4ae09b7ac8c1fd603d907b	2350320112;2376398991
ERR188052	ftp.sra.ebi.ac.uk/vol1/run/ERR188/ERR188052/NA20541.1.M_111124_4_1.fastq.gz;ftp.sra.ebi.ac.uk/vol1/run/ERR188/ERR188052/NA20541.1.M_111124_4_2.fastq.gz	9168e1f88ed99283c63bdd0f38b68ce0;1ee0ff6bb6d8003c34ee5e923ca60b63	2477531002;2486435270
ERR188067	ftp.sra.ebi.ac.uk/vol1/run/ERR188/ERR188067/NA11831.7.M_120219_2_1.fastq.gz;ftp.sra.ebi.ac.uk/vol1/run/ERR188/ERR188067/NA11831.7.M_120219_2_2.fastq.gz	ce7cd02030e65cbfbfe837066a8dc169;be964ef8f06afe77ea1a5ea93bcb0740	3461353932;3492622684
ERR188082	ftp.sra.ebi.ac.uk/vol1/run/ERR188/ERR188082/HG00110.2.M_120131_2_1.fastq.gz;ftp.sra.ebi.ac.uk/vol1/run/ERR188/ERR188082/HG00110.2.M_120131_2_2.fastq.gz	c8112d38f046b77ae02f80557ebc078a;9dee5db3d984617fa6619099c53f4d09	3048406575;3033013862
ERR188083	ftp.sra.ebi.ac.uk/vol1/run/ERR188/ERR188083/HG00285.3.M_120202_5_1.fastq.gz;ftp.sra.ebi.ac.uk/vol1/run/ERR188/ERR188083/HG00285.3.M_120202_5_2.fastq.gz	efc66044351597aba40b3a03b3243640;5fdbcf93fc43a8d2c46225e443d63961	2046143528;2023681317
ERR188099	ftp.sra.ebi.ac.uk/vol1/run/ERR188/ERR188099/NA12843.6.M_120119_4_1.fastq.gz;ftp.sra.ebi.ac.uk/vol1/run/ERR188/ERR188099/NA12843.6.M_120119_4_2.fastq.gz	1c3983a2b34a7d419e72fa915eafcb09;4a213d876e44bb84a85f14c819be7bcf	1525101228;1540425353
ERR188100	ftp.sra.ebi.ac.uk/vol1/run/ERR188/ERR188100/NA12762.4.M_120208_3_1.fastq.gz;ftp.sra.ebi.ac.uk/vol1/run/ERR188/ERR188100/NA12762.4.M_120208_3_2.fastq.gz	7a806b2ba157272234cfee0a99329d75;5fba1a345007b11f0d46a190d89950a6	1795889870;1804929823
ERR188107	ftp.sra.ebi.ac.uk/vol1/run/ERR188/ERR188107/NA12342.1.M_111124_5_1.fastq.gz;ftp.sra.ebi.ac.uk/vol1/run/ERR188/ERR188107/NA12342.1.M_111124_5_2.fastq.gz	37b7b3af1547954295b51ed99a724851;72ce9ac413a4eca1ffe48be952d68bea	1979512243;2008234104
ERR188109	ftp.sra.ebi.ac.uk/vol1/run/ERR188/ERR188109/NA19121.3.M_120202_6_1.fastq.gz;ftp.sra.ebi.ac.uk/vol1/run/ERR188/ERR188109/NA19121.3.M_120202_6_2.fastq.gz	f9cf3ffe8572e36f957cc6980aeb0014;7653122703ac67414b5443d573e26c7f	1903979149;1898673516
ERR188111	ftp.sra.ebi.ac.uk/vol1/run/ERR188/ERR188111/HG00255.2.M_111216_1_1.fastq.gz;ftp.sra.ebi.ac.uk/vol1/run/ERR188/ERR188111/HG00255.2.M_111216_1_2.fastq.gz	03ac431ec091db3787ebae1691b8cfd1;8fd69517e15859c114ff8c8e27480479	2545694860;2562628445
ERR188112	ftp.sra.ebi.ac.uk/vol1/run/ERR188/ERR188112/HG00239.7.M_120219_4_1.fastq.gz;ftp.sra.ebi.ac.uk/vol1/run/ERR188/ERR188112/HG00239.7.M_120219_4_2.fastq.gz	22c5cc9ea2bbea676c456b205f538b42;31e3d428309932b87ee33307f689d4a8	3059681083;3092130050
ERR188115	ftp.sra.ebi.ac.uk/vol1/run/ERR188/ERR188115/HG00382.4.M_120208_4_1.fastq.gz;ftp.sra.ebi.ac.uk/vol1/run/ERR188/ERR188115/HG00382.4.M_120208_4_2.fastq.gz	394ff7f37d020cb9249d14b84c0d7f79;81db6a6cfa5601086564ab582a4afc16	1938217600;1934108677
ERR188116	ftp.sra.ebi.ac.uk/vol1/run/ERR188/ERR188116/HG00151.3.M_120202_4_1.fastq.gz;ftp.sra.ebi.ac.uk/vol1/run/ERR188/ERR188116/HG00151.3.M_120202_4_2.fastq.gz	3990aa57a1759fa248c4fc56f408da86;6e854e505743f9c9210af62178fe168d	1188466281;1182050817
ERR188120	ftp.sra.ebi.ac.uk/vol1/run/ERR188/ERR188120/NA19256.6.M_120119_6_1.fastq.gz;ftp.sra.ebi.ac.uk/vol1/run/ERR188/ERR188120/NA19256.6.M_120119_6_2.fastq.gz	b3e769ab81536efa1d6b648aafd638c3;068b24791d0febc3db57c89bb043fcaf	1968536402;1988450505
ERR188125	ftp.sra.ebi.ac.uk/vol1/run/ERR188/ERR188125/NA20826.1.M_111124_1_1.fastq.gz;ftp.sra.ebi.ac.uk/vol1/run/ERR188/ERR188125/NA20826.1.M_111124_1_2.fastq.gz	9302cfb8752732b2c32d985270215046;b0e8dc040a2a73c80fe2ec5f874318ee	2042131700;2066235178
ERR188137	ftp.sra.ebi.ac.uk/vol1/run/ERR188/ERR188137/NA20812.2.M_111216_6_1.fastq.gz;ftp.sra.ebi.ac.uk/vol1/run/ERR188/ERR188137/NA20812.2.M_111216_6_2.fastq.gz	ce7a5517ef93bfb6165e02a694c8e0b4;be1463d5b68b872edcdc55a0a803db98	2456063621;2466234297
ERR188140	ftp.sra.ebi.ac.uk/vol1/run/ERR188/ERR188140/NA12716.7.M_120219_6_1.fastq.gz;ftp.sra.ebi.ac.uk/vol1/run/ERR188/ERR188140/NA12716.7.M_120219_6_2.fastq.gz	edd8108b381727971a1533255693fbca;f1e23d12901ea5a05919fcf71f5b512a	4831944924;4858828297
ERR188146	ftp.sra.ebi.ac.uk/vol1/run/ERR188/ERR188146/HG00180.1.M_111124_8_1.fastq.gz;ftp.sra.ebi.ac.uk/vol1/run/ERR188/ERR188146/HG00180.1.M_111124_8_2.fastq.gz	67f634cf23f2c6a425119d69963231fd;22a3cb61ae8c1d1624d87d7a3191a7bd	2325119084;2351972098
ERR188156	ftp.sra.ebi.ac.uk/vol1/run/ERR188/ERR188156/HG00335.2.M_111216_5_1.fastq.gz;ftp.sra.ebi.ac.uk/vol1/run/ERR188/ERR188156/HG00335.2.M_111216_5_2.fastq.gz	277a7d32b22d369221b266d10ccbfd8a;837e3cfc813ae8a2f3d4fdf2690fade5	2488109659;2493825180
ERR188159	ftp.sra.ebi.ac.uk/vol1/run/ERR188/ERR188159/HG00245.4.M_120208_6_1.fastq.gz;ftp.sra.ebi.ac.uk/vol1/run/ERR188/ERR188159/HG00245.4.M_120208_6_2.fastq.gz	b459c2d14d2a296570291cb19d234659;726f81c235dd8e6cce4715eed0862c5e	2138646642;2133653396
ERR188160	ftp.sra.ebi.ac.uk/vol1/run/ERR188/ERR188160/NA20513.4.M_120208_1_1.fastq.gz;ftp.sra.ebi.ac.uk/vol1/run/ERR188/ERR188160/NA20513.4.M_120208_1_2.fastq.gz	e9df442dfbb59c717182b4064fbdf656;539f8e447503fc13a7bc4833bc72a668	2011148427;2004062676
ERR188172	ftp.sra.ebi.ac.uk/vol1/run/ERR188/ERR188172/NA12154.5.M_120131_3_1.fastq.gz;ftp.sra.ebi.ac.uk/vol1/run/ERR188/ERR188172/NA12154.5.M_120131_3_2.fastq.gz	9849376a405b8e363f530d5830fc0834;92f9378f1614ad9fad8f17160d1b21a5	1778983962;1788953576
ERR188175	ftp.sra.ebi.ac.uk/vol1/run/ERR188/ERR188175/HG00359.1.M_111124_6_1.fastq.gz;ftp.sra.ebi.ac.uk/vol1/run/ERR188/ERR188175/HG00359.1.M_111124_6_2.fastq.gz	11035957d1a967680b16d4c45ac9679b;3ee01b05cda9950463b9819f44850ec6	2114956675;2146312449
ERR188184	ftp.sra.ebi.ac.uk/vol1/run/ERR188/ERR188184/NA19147.2.M_120131_2_1.fastq.gz;ftp.sra.ebi.ac.uk/vol1/run/ERR188/ERR188184/NA19147.2.M_120131_2_2.fastq.gz	6a8709aa7d77df62a113cb21c4281aed;972acbdfd5d78f562d790ea8945c7892	3614405871;3602121789
ERR188187	ftp.sra.ebi.ac.uk/vol1/run/ERR188/ERR188187/HG00176.4.M_120208_2_1.fastq.gz;ftp.sra.ebi.ac.uk/vol1/run/ERR188/ERR188187/HG00176.4.M_120208_2_2.fastq.gz	7d136f066773d8724cbac24fe43fc9f8;30aebe3c8c5ad3ed4b18984a549d7f9f	1830276553;1816440601
ERR188188	ftp.sra.ebi.ac.uk/vol1/run/ERR188/ERR188188/NA19099.2.M_111215_7_1.fastq.gz;ftp.sra.ebi.ac.uk/vol1/run/ERR188/ERR188188/NA19099.2.M_111215_7_2.fastq.gz	60d27ab6f8e16c4d0afb0f5b58dae60b;8935f9cc0ddd85b7e9ea3cfcdb0c9a8a	3106827252;3117831477
ERR188192	ftp.sra.ebi.ac.uk/vol1/run/ERR188/ERR188192/NA20786.2.M_111215_8_1.fastq.gz;ftp.sra.ebi.ac.uk/vol1/run/ERR188/ERR188192/NA20786.2.M_111215_8_2.fastq.gz	4d6808320bd5fd48af3749d9addf9ed8;6b072850d7d1765a214c7f1338ed39a6	2600494428;2636426263
ERR188193	ftp.sra.ebi.ac.uk/vol1/run/ERR188/ERR188193/NA19141.6.M_120119_2_1.fastq.gz;ftp.sra.ebi.ac.uk/vol1/run/ERR188/ERR188193/NA19141.6.M_120119_2_2.fastq.gz	3abe4780b71ccca17bc5f1eb20e22ff0;8e80f9965ef739cea2feb11ea315c024	1905249277;1909284611
ERR188197	ftp.sra.ebi.ac.uk/vol1/run/ERR188/ERR188197/HG00341.2.M_111216_7_1.fastq.gz;ftp.sra.ebi.ac.uk/vol1/run/ERR188/ERR188197/HG00341.2.M_111216_7_2.fastq.gz	cf94514fa5430cb9ff1e1dea40123c00;49a2212ad60caa1cdef6e00e9029f334	2421079795;2428442429
ERR188219	ftp.sra.ebi.ac.uk/vol1/run/ERR188/ERR188219/HG00117.1.M_111124_2_1.fastq.gz;ftp.sra.ebi.ac.uk/vol1/run/ERR188/ERR188219/HG00117.1.M_111124_2_2.fastq.gz	ae8931b5c101dafdc37d908c4e0a240e;71867537161600e8f55771d91a5afbf1	3933150927;3989294503
ERR188227	ftp.sra.ebi.ac.uk/vol1/run/ERR188/ERR188227/NA12874.3.M_120202_2_1.fastq.gz;ftp.sra.ebi.ac.uk/vol1/run/ERR188/ERR188227/NA12874.3.M_120202_2_2.fastq.gz	05b35302b60b763b0af07f1e26de9f3c;60b887c915f7373bc7604bc9c334629d	2215541219;2204667380
ERR188228	ftp.sra.ebi.ac.uk/vol1/run/ERR188/ERR188228/NA12829.7.M_120219_4_1.fastq.gz;ftp.sra.ebi.ac.uk/vol1/run/ERR188/ERR188228/NA12829.7.M_120219_4_2.fastq.gz	bab878a640601d4f8b4e1f29b7149341;42d44570d3b186bfeace203582ac0b4c	3190604047;3227149826
ERR188233	ftp.sra.ebi.ac.uk/vol1/run/ERR188/ERR188233/NA11993.2.M_111216_4_1.fastq.gz;ftp.sra.ebi.ac.uk/vol1/run/ERR188/ERR188233/NA11993.2.M_111216_4_2.fastq.gz	6ba339ece6b15fdc63048e44bf58b923;c65710084e4ea9b7320b1c98a2bc9394	2462542051;2470060444
ERR188235	ftp.sra.ebi.ac.uk/vol1/run/ERR188/ERR188235/NA11930.3.M_120202_8_1.fastq.gz;ftp.sra.ebi.ac.uk/vol1/run/ERR188/ERR188235/NA11930.3.M_120202_8_2.fastq.gz	1d0eeaf5b48f49472f0ab5d517cd0fba;b0cc8ecb719eb088ee2fcd587940b201	1682700051;1675691567
ERR188242	ftp.sra.ebi.ac.uk/vol1/run/ERR188/ERR188242/HG00258.1.M_111124_6_1.fastq.gz;ftp.sra.ebi.ac.uk/vol1/run/ERR188/ERR188242/HG00258.1.M_111124_6_2.fastq.gz	cc4173c84ea8e37b15ab32a9a84e2de4;f22c95676e4d6ed2e0b23c9644dcbf11	2039132920;2074340862
ERR188253	ftp.sra.ebi.ac.uk/vol1/run/ERR188/ERR188253/NA20808.4.M_120208_6_1.fastq.gz;ftp.sra.ebi.ac.uk/vol1/run/ERR188/ERR188253/NA20808.4.M_120208_6_2.fastq.gz	d6c76aa849b9356d3577dbf313c58686;b7ae5a6e0f8922475dcc7036da35cff2	2019345275;2024366875
ERR188254	ftp.sra.ebi.ac.uk/vol1/run/ERR188/ERR188254/NA20506.1.M_120209_2_1.fastq.gz;ftp.sra.ebi.ac.uk/vol1/run/ERR188/ERR188254/NA20506.1.M_120209_2_2.fastq.gz	88fe6685b2f827edd5900a049a3d0f4e;a2be0635febd9d3b194dab56bcce25b8	1605658515;1634091434
ERR188259	ftp.sra.ebi.ac.uk/vol1/run/ERR188/ERR188259/NA20582.4.M_120208_2_1.fastq.gz;ftp.sra.ebi.ac.uk/vol1/run/ERR188/ERR188259/NA20582.4.M_120208_2_2.fastq.gz	d9071cfb88ace69295703050f225d895;50c5557f3d5cc152f663694b5265137a	2343076881;2322962271
ERR188266	ftp.sra.ebi.ac.uk/vol1/run/ERR188/ERR188266/HG00282.2.M_111216_6_1.fastq.gz;ftp.sra.ebi.ac.uk/vol1/run/ERR188/ERR188266/HG00282.2.M_111216_6_2.fastq.gz	68756b40d49941e38a1dc2cd5603c013;99b37a82f2dd96253a0801a139446c19	2396498900;2407925522
ERR188278	ftp.sra.ebi.ac.uk/vol1/run/ERR188/ERR188278/NA18861.1.M_120209_2_1.fastq.gz;ftp.sra.ebi.ac.uk/vol1/run/ERR188/ERR188278/NA18861.1.M_120209_2_2.fastq.gz	eda724fd80e6f3e47d3fb901cc8a2eb9;abf54ecf026c1d508d95a22c9964ef8f	1068073755;1088717867
ERR188281	ftp.sra.ebi.ac.uk/vol1/run/ERR188/ERR188281/NA20801.7.M_120219_5_1.fastq.gz;ftp.sra.ebi.ac.uk/vol1/run/ERR188/ERR188281/NA20801.7.M_120219_5_2.fastq.gz	8879e66afa1100f46fe702d68c0f48e7;b501ec7741b4e7d0aef7898a448e7328	3006151627;3039368333
ERR188285	ftp.sra.ebi.ac.uk/vol1/run/ERR188/ERR188285/HG00122.6.M_120119_1_1.fastq.gz;ftp.sra.ebi.ac.uk/vol1/run/ERR188/ERR188285/HG00122.6.M_120119_1_2.fastq.gz	5a1508a6e2890e7196b08d55b3d68fd7;c3cb1a995b7a567c22e031fab8eb2157	2057271002;2075584650
ERR188286	ftp.sra.ebi.ac.uk/vol1/run/ERR188/ERR188286/NA20805.4.M_120208_7_1.fastq.gz;ftp.sra.ebi.ac.uk/vol1/run/ERR188/ERR188286/NA20805.4.M_120208_7_2.fastq.gz	9d1d84d15077d5976ac82f19f70bc9fd;af333e2b2ba720e4ebcfd7057ddce996	1260692489;1270340366
ERR188293	ftp.sra.ebi.ac.uk/vol1/run/ERR188/ERR188293/HG00116.2.M_120131_1_1.fastq.gz;ftp.sra.ebi.ac.uk/vol1/run/ERR188/ERR188293/HG00116.2.M_120131_1_2.fastq.gz	863ddd9ba7573d6bcaeb940c44b0ddf8;75f43e3db0e6e1fd95b10bf790b6ca2c	2188550370;2184194396
ERR188294	ftp.sra.ebi.ac.uk/vol1/run/ERR188/ERR188294/HG00332.6.M_120217_1_1.fastq.gz;ftp.sra.ebi.ac.uk/vol1/run/ERR188/ERR188294/HG00332.6.M_120217_1_2.fastq.gz	bed8444eab35e2576b308b7465d71469;00ae58fa85c6580a1d5a014bcbc5117f	1775052033;1741200770
ERR188320	ftp.sra.ebi.ac.uk/vol1/run/ERR188/ERR188320/HG00185.1.M_111124_5_1.fastq.gz;ftp.sra.ebi.ac.uk/vol1/run/ERR188/ERR188320/HG00185.1.M_111124_5_2.fastq.gz	5362cbe70fde270cb95741f0d0d3c3ef;4b89b51f644b7d4c45a91f9aad90b14b	2162805441;2173714463
ERR188326	ftp.sra.ebi.ac.uk/vol1/run/ERR188/ERR188326/HG00275.4.M_120208_8_1.fastq.gz;ftp.sra.ebi.ac.uk/vol1/run/ERR188/ERR188326/HG00275.4.M_120208_8_2.fastq.gz	c7507899ccd5aaa414dc06bcbe0e1673;9857e1a2f5ca812ba0bba7c86a273ce3	1880907079;1873031346
ERR188328	ftp.sra.ebi.ac.uk/vol1/run/ERR188/ERR188328/HG00109.3.M_120202_5_1.fastq.gz;ftp.sra.ebi.ac.uk/vol1/run/ERR188/ERR188328/HG00109.3.M_120202_5_2.fastq.gz	3184be59230a6ec3f5ad536ace4bd068;616ce31e90bc4e7b3689a5400d0f55f5	1398079399;1387708947
ERR188329	ftp.sra.ebi.ac.uk/vol1/run/ERR188/ERR188329/NA20505.1.M_111124_6_1.fastq.gz;ftp.sra.ebi.ac.uk/vol1/run/ERR188/ERR188329/NA20505.1.M_111124_6_2.fastq.gz	c0bd36e565f6bad17c81c81dc8c9562e;169e0075b79ba5bb1033dec1613c60db	2582044571;2615875040
ERR188344	ftp.sra.ebi.ac.uk/vol1/run/ERR188/ERR188344/NA18868.5.M_120131_3_1.fastq.gz;ftp.sra.ebi.ac.uk/vol1/run/ERR188/ERR188344/NA18868.5.M_120131_3_2.fastq.gz	260b3344b2bd39c10c766768cba691cb;7c37140ebc120883f2ba7ba0a973abdf	1992791582;1997157746
ERR188361	ftp.sra.ebi.ac.uk/vol1/run/ERR188/ERR188361/HG00189.1.M_111124_5_1.fastq.gz;ftp.sra.ebi.ac.uk/vol1/run/ERR188/ERR188361/HG00189.1.M_111124_5_2.fastq.gz	4a1a01f9ffaafda00e9b744037ecd892;b2042ff901d9ab597d1e3a4ef2675857	1701732142;1720766011
ERR188367	ftp.sra.ebi.ac.uk/vol1/run/ERR188/ERR188367/NA19102.1.M_111124_1_1.fastq.gz;ftp.sra.ebi.ac.uk/vol1/run/ERR188/ERR188367/NA19102.1.M_111124_1_2.fastq.gz	b5930f72bed80ab9747277e8724570d8;39b63facf10553b0c11280d6b35cefa4	1674866097;1685536575
ERR188372	ftp.sra.ebi.ac.uk/vol1/run/ERR188/ERR188372/NA20807.5.M_120131_1_1.fastq.gz;ftp.sra.ebi.ac.uk/vol1/run/ERR188/ERR188372/NA20807.5.M_120131_1_2.fastq.gz	8fae0842afd9f8a8e4d6c67bc6c50d81;6c3f163b99a6ce9f39d8233b4727aacf	2245350482;2289003799
ERR188376	ftp.sra.ebi.ac.uk/vol1/run/ERR188/ERR188376/NA07037.6.M_120119_4_1.fastq.gz;ftp.sra.ebi.ac.uk/vol1/run/ERR188/ERR188376/NA07037.6.M_120119_4_2.fastq.gz	dfca2ec398d4129241be2c8652f1de64;e0087faa6f37b6466e78c5d7713918f4	1793789041;1818015711
ERR188378	ftp.sra.ebi.ac.uk/vol1/run/ERR188/ERR188378/HG00259.5.M_120131_3_1.fastq.gz;ftp.sra.ebi.ac.uk/vol1/run/ERR188/ERR188378/HG00259.5.M_120131_3_2.fastq.gz	a9721ccd90a6e0323ac927e7345bb3dd;33b0e554e6d2f4b8602c6b498bb1614f	3531748365;3555882294
ERR188407	ftp.sra.ebi.ac.uk/vol1/run/ERR188/ERR188407/HG01790.3.M_120202_3_1.fastq.gz;ftp.sra.ebi.ac.uk/vol1/run/ERR188/ERR188407/HG01790.3.M_120202_3_2.fastq.gz	215055912baff8e0858f19173cc68136;efee4f18f42847af49cf2fa7e80e13ed	983023465;1000169975
ERR188408	ftp.sra.ebi.ac.uk/vol1/run/ERR188/ERR188408/NA20810.2.M_111215_7_1.fastq.gz;ftp.sra.ebi.ac.uk/vol1/run/ERR188/ERR188408/NA20810.2.M_111215_7_2.fastq.gz	8ecb207b5364177c1980cc306ceceb37;648711b7f340b894d7a542f407d16b06	2747776480;2789082684
ERR188410	ftp.sra.ebi.ac.uk/vol1/run/ERR188/ERR188410/NA12156.4.M_120208_7_1.fastq.gz;ftp.sra.ebi.ac.uk/vol1/run/ERR188/ERR188410/NA12156.4.M_120208_7_2.fastq.gz	00e3bd222c3285d45ba750418e74d392;4deb64f096f5d59298af646687b0e034	2118218181;2114352916
ERR188421	ftp.sra.ebi.ac.uk/vol1/run/ERR188/ERR188421/NA19225.1.M_120209_2_1.fastq.gz;ftp.sra.ebi.ac.uk/vol1/run/ERR188/ERR188421/NA19225.1.M_120209_2_2.fastq.gz	070c8723bf20bca369f620eec3f59ff8;3eddf0afd918635133e37f7319796335	1580049490;1603562130
ERR188425	ftp.sra.ebi.ac.uk/vol1/run/ERR188/ERR188425/HG00187.1.M_120209_2_1.fastq.gz;ftp.sra.ebi.ac.uk/vol1/run/ERR188/ERR188425/HG00187.1.M_120209_2_2.fastq.gz	61fda91d1c314cc097367c4ed45b1833;c1bf882c865bf57bd64d9869fc895118	2498876407;2545960257
ERR188429	ftp.sra.ebi.ac.uk/vol1/run/ERR188/ERR188429/NA12889.3.M_120223_7_1.fastq.gz;ftp.sra.ebi.ac.uk/vol1/run/ERR188/ERR188429/NA12889.3.M_120223_7_2.fastq.gz	908d81d5dc7c0ad836d765b2b5e255bd;4c54a76a1d6200a851d16f1f41d7ad5d	2982701145;3167126407
ERR188430	ftp.sra.ebi.ac.uk/vol1/run/ERR188/ERR188430/HG00132.2.M_111215_4_1.fastq.gz;ftp.sra.ebi.ac.uk/vol1/run/ERR188/ERR188430/HG00132.2.M_111215_4_2.fastq.gz	d6be7681e1d7e2dd8893c288ad97c901;31e808e6795473c35585cccc591f7f20	2860189504;2875788217
ERR188434	ftp.sra.ebi.ac.uk/vol1/run/ERR188/ERR188434/NA19209.6.M_120217_1_1.fastq.gz;ftp.sra.ebi.ac.uk/vol1/run/ERR188/ERR188434/NA19209.6.M_120217_1_2.fastq.gz	f166ebbe141b097bdcac7851b6c4cb40;e5e3cefb82cfeb453cd51a8988ec0389	1527324886;1502993171
ERR188436	ftp.sra.ebi.ac.uk/vol1/run/ERR188/ERR188436/NA20540.1.M_111124_2_1.fastq.gz;ftp.sra.ebi.ac.uk/vol1/run/ERR188/ERR188436/NA20540.1.M_111124_2_2.fastq.gz	54b3b5b3b7adf0d625cebf519bc56741;daf3bf23accd0f6481e29f8ceae904a0	1565226897;1580477636
ERR188441	ftp.sra.ebi.ac.uk/vol1/run/ERR188/ERR188441/NA12348.3.M_120202_6_1.fastq.gz;ftp.sra.ebi.ac.uk/vol1/run/ERR188/ERR188441/NA12348.3.M_120202_6_2.fastq.gz	2c51b21267dc8513ad32e1bd70bb9e11;daaa4c49132e14222c730dbdcb89291e	1107696387;1096516510
ERR188446	ftp.sra.ebi.ac.uk/vol1/run/ERR188/ERR188446/NA12347.1.M_111124_7_1.fastq.gz;ftp.sra.ebi.ac.uk/vol1/run/ERR188/ERR188446/NA12347.1.M_111124_7_2.fastq.gz	24195a47c70743309804c67a91255f70;09803feb3725ce60a748fca734f2114d	2142596403;2150085043
ERR188458	ftp.sra.ebi.ac.uk/vol1/run/ERR188/ERR188458/NA20516.5.M_120131_3_1.fastq.gz;ftp.sra.ebi.ac.uk/vol1/run/ERR188/ERR188458/NA20516.5.M_120131_3_2.fastq.gz	3ea3e05e676d20e8a7bc74df40e9d441;e8d8b144845b34e500bb75c11e5e8ba2	1984178907;1988564270
ERR188464	ftp.sra.ebi.ac.uk/vol1/run/ERR188/ERR188464/HG00252.1.M_111124_5_1.fastq.gz;ftp.sra.ebi.ac.uk/vol1/run/ERR188/ERR188464/HG00252.1.M_111124_5_2.fastq.gz	38040dcc6cdc37f8ab16d51d90a24d71;6be9cac5960568942acac1e878272f84	1854303560;1863204343
ERR188465	ftp.sra.ebi.ac.uk/vol1/run/ERR188/ERR188465/HG00112.6.M_120119_2_1.fastq.gz;ftp.sra.ebi.ac.uk/vol1/run/ERR188/ERR188465/HG00112.6.M_120119_2_2.fastq.gz	3365857266d5f31292b71e8253d41710;4292c55f1021f985b811d9841fbf6032	1718760422;1725474476
ERR188467	ftp.sra.ebi.ac.uk/vol1/run/ERR188/ERR188467/NA12286.2.M_111216_1_1.fastq.gz;ftp.sra.ebi.ac.uk/vol1/run/ERR188/ERR188467/NA12286.2.M_111216_1_2.fastq.gz	0bd071b8676c18662a6c44dc68101789;81d746652da39c0b02b234309c2209fc	2517172590;2530597969
ERR188474	ftp.sra.ebi.ac.uk/vol1/run/ERR188/ERR188474/NA07051.5.M_120131_1_1.fastq.gz;ftp.sra.ebi.ac.uk/vol1/run/ERR188/ERR188474/NA07051.5.M_120131_1_2.fastq.gz	b0359a7080f668f7c3d9c9805e9c1b39;06347df1a85bbcf4bb96986d3cbe4a6f	1992668902;2003265792
ERR188475	ftp.sra.ebi.ac.uk/vol1/run/ERR188/ERR188475/NA20815.5.M_120131_5_1.fastq.gz;ftp.sra.ebi.ac.uk/vol1/run/ERR188/ERR188475/NA20815.5.M_120131_5_2.fastq.gz	4176f45c1b8aac9d51a57b58d86588af;641ba5ad8e711f57a0747dd04364cfd7	2084900514;2094919256
ERR188480	ftp.sra.ebi.ac.uk/vol1/run/ERR188/ERR188480/HG00362.3.M_120202_2_1.fastq.gz;ftp.sra.ebi.ac.uk/vol1/run/ERR188/ERR188480/HG00362.3.M_120202_2_2.fastq.gz	5afe2a908f00bac67d293a281f31c4ed;fc6e57989be06b3cd9470b2b7ecaa6e0	1968014793;1961752039
ERR204819	ftp.sra.ebi.ac.uk/vol1/run/ERR204/ERR204819/NA12760.1.M_120209_5_1.fastq.gz;ftp.sra.ebi.ac.uk/vol1/run/ERR204/ERR204819/NA12760.1.M_120209_5_2.fastq.gz	6c9452f4eead7e05dae9dd144c896d76;18952e884954c9499b172793f1b42fb3	893632089;905634828
ERR204821	ftp.sra.ebi.ac.uk/vol1/run/ERR204/ERR204821/NA19159.1.M_120209_8_1.fastq.gz;ftp.sra.ebi.ac.uk/vol1/run/ERR204/ERR204821/NA19159.1.M_120209_8_2.fastq.gz	4f217f4c02859daefa62c7e61286dfc4;15920337dea3c3c66b7874580023378b	960705142;982328031
ERR204827	ftp.sra.ebi.ac.uk/vol1/run/ERR204/ERR204827/HG00183.1.M_120209_4_1.fastq.gz;ftp.sra.ebi.ac.uk/vol1/run/ERR204/ERR204827/HG00183.1.M_120209_4_2.fastq.gz	f9b16e5ef79d08b2746854fe5e6bf7ec;de17cf7b9f2ff5f061d56800d74b3da0	962615933;972183255
ERR204837	ftp.sra.ebi.ac.uk/vol1/run/ERR204/ERR204837/NA19138.1.M_120209_7_1.fastq.gz;ftp.sra.ebi.ac.uk/vol1/run/ERR204/ERR204837/NA19138.1.M_120209_7_2.fastq.gz	ab0f2fc03d977ce59c091d20a0236adb;683d8aca30e0b18f3619eaab31eeb56b	824955994;845285766
ERR204849	ftp.sra.ebi.ac.uk/vol1/run/ERR204/ERR204849/NA19107.1.M_120209_4_1.fastq.gz;ftp.sra.ebi.ac.uk/vol1/run/ERR204/ERR204849/NA19107.1.M_120209_4_2.fastq.gz	6ae1c990dbcaccf006aadf7bde2cabc2;ba5d3cebad0e20c33b60a15c2ba9ecf3	1259370465;1260393654
ERR204851	ftp.sra.ebi.ac.uk/vol1/run/ERR204/ERR204851/NA18912.1.M_120209_5_1.fastq.gz;ftp.sra.ebi.ac.uk/vol1/run/ERR204/ERR204851/NA18912.1.M_120209_5_2.fastq.gz	869d1dc7af4da886bc822f8e961f4691;4ca62d7df4c9f9a580b77bfdc41fc5d3	1188859707;1209346151
ERR204860	ftp.sra.ebi.ac.uk/vol1/run/ERR204/ERR204860/NA06986.1.M_120209_1_1.fastq.gz;ftp.sra.ebi.ac.uk/vol1/run/ERR204/ERR204860/NA06986.1.M_120209_1_2.fastq.gz	03f465d21c6276f8d56f6c0c76182b91;5ecdd97c54e87826664ac64997ec3276	1734730128;1759926789
ERR204861	ftp.sra.ebi.ac.uk/vol1/run/ERR204/ERR204861/NA19095.3.M_120202_1_1.fastq.gz;ftp.sra.ebi.ac.uk/vol1/run/ERR204/ERR204861/NA19095.3.M_120202_1_2.fastq.gz	fb6e5a9498833f00e68fbfc2db1f2ef8;7bfe6f701ffeee4f36bfbf3fada406dd	1519928830;1519624332
ERR204863	ftp.sra.ebi.ac.uk/vol1/run/ERR204/ERR204863/NA06986.5.M_120131_5_1.fastq.gz;ftp.sra.ebi.ac.uk/vol1/run/ERR204/ERR204863/NA06986.5.M_120131_5_2.fastq.gz	5f16db6cbf60fb0a9c1eab66291c5464;46ef982a6e59d778c5b10cd54be5743a	1940334969;1955442253
ERR204867	ftp.sra.ebi.ac.uk/vol1/run/ERR204/ERR204867/NA12004.1.M_120209_8_1.fastq.gz;ftp.sra.ebi.ac.uk/vol1/run/ERR204/ERR204867/NA12004.1.M_120209_8_2.fastq.gz	b1da6a09f0c2de17fa7c617e5b97e064;2eba87f090f96797cae24096470eb146	1024134034;1040093578
ERR204874	ftp.sra.ebi.ac.uk/vol1/run/ERR204/ERR204874/NA20527.7.M_120219_8_1.fastq.gz;ftp.sra.ebi.ac.uk/vol1/run/ERR204/ERR204874/NA20527.7.M_120219_8_2.fastq.gz	1565b369347bd4f83d31419b16794284;47b1a861c66937398919fe1aa9d3e376	2296613267;2298115244
ERR204876	ftp.sra.ebi.ac.uk/vol1/run/ERR204/ERR204876/NA11995.1.M_120209_5_1.fastq.gz;ftp.sra.ebi.ac.uk/vol1/run/ERR204/ERR204876/NA11995.1.M_120209_5_2.fastq.gz	9207bcae5dd9f34c31f93e76e6dbe89d;033496d4b4a971bca6f4541ca045949b	942843218;954231228
ERR204880	ftp.sra.ebi.ac.uk/vol1/run/ERR204/ERR204880/NA19247.1.M_120209_2_1.fastq.gz;ftp.sra.ebi.ac.uk/vol1/run/ERR204/ERR204880/NA19247.1.M_120209_2_2.fastq.gz	d4ac1a2c0adcd945024fdcda48afb291;e45bc9159193f12d6ed4a23d996fb1d7	1193053559;1208221587
ERR204882	ftp.sra.ebi.ac.uk/vol1/run/ERR204/ERR204882/HG00099.1.M_120209_6_1.fastq.gz;ftp.sra.ebi.ac.uk/vol1/run/ERR204/ERR204882/HG00099.1.M_120209_6_2.fastq.gz	dc32fc230d93854c8aa09934da3c606e;84e32d579eb22a8b5af3d953b0b8f04d	1405006308;1424966952
ERR204888	ftp.sra.ebi.ac.uk/vol1/run/ERR204/ERR204888/NA18934.1.M_120209_3_1.fastq.gz;ftp.sra.ebi.ac.uk/vol1/run/ERR204/ERR204888/NA18934.1.M_120209_3_2.fastq.gz	0dd029dfca2a412f15ce9106bdda830e;4eadf49640cf65cd6d20439117577587	1360217048;1383386175
ERR204905	ftp.sra.ebi.ac.uk/vol1/run/ERR204/ERR204905/HG00378.1.M_120209_5_1.fastq.gz;ftp.sra.ebi.ac.uk/vol1/run/ERR204/ERR204905/HG00378.1.M_120209_5_2.fastq.gz	7ec0d91cbd754e6dc46bcb53595539ca;245f9bc359485824fe5827679a123b28	1488093431;1507570218
ERR204907	ftp.sra.ebi.ac.uk/vol1/run/ERR204/ERR204907/NA12283.1.M_120209_4_1.fastq.gz;ftp.sra.ebi.ac.uk/vol1/run/ERR204/ERR204907/NA12283.1.M_120209_4_2.fastq.gz	c03b351238cc6440ae6023617bd17c9a;016c35271dae072823553514efaa921d	734079648;749631214
ERR204911	ftp.sra.ebi.ac.uk/vol1/run/ERR204/ERR204911/NA20538.1.M_120209_5_1.fastq.gz;ftp.sra.ebi.ac.uk/vol1/run/ERR204/ERR204911/NA20538.1.M_120209_5_2.fastq.gz	87a5332747bfb8180024e8efbf4a3354;df79a3a94a7a9a13222191b16f19b5f1	773092628;786766086
ERR204912	ftp.sra.ebi.ac.uk/vol1/run/ERR204/ERR204912/NA19099.1.M_120209_4_1.fastq.gz;ftp.sra.ebi.ac.uk/vol1/run/ERR204/ERR204912/NA19099.1.M_120209_4_2.fastq.gz	714bc2137a4ce2d7962177ccc877eaa9;f244e8181017e04ddd2db08b73d4fef6	781531536;784537067
ERR204913	ftp.sra.ebi.ac.uk/vol1/run/ERR204/ERR204913/NA19143.1.M_120209_4_1.fastq.gz;ftp.sra.ebi.ac.uk/vol1/run/ERR204/ERR204913/NA19143.1.M_120209_4_2.fastq.gz	2f63091482e64f7882762b0ccba0c455;86567c5113a406b02dfd702cc0d08b7b	1065434678;1067638387
ERR204915	ftp.sra.ebi.ac.uk/vol1/run/ERR204/ERR204915/NA12413.1.M_120209_6_1.fastq.gz;ftp.sra.ebi.ac.uk/vol1/run/ERR204/ERR204915/NA12413.1.M_120209_6_2.fastq.gz	a11b9d0f49dfc3fd8171a2ce1cba60bb;c98d811fe5520512029b88d7687f1623	745545767;758184305
ERR204916	ftp.sra.ebi.ac.uk/vol1/run/ERR204/ERR204916/NA19225.6.M_120119_5_1.fastq.gz;ftp.sra.ebi.ac.uk/vol1/run/ERR204/ERR204916/NA19225.6.M_120119_5_2.fastq.gz	754fe63e4a91db7da3f26d9b20758b87;1aefba276c009c835e722d38015ac5d3	1994176589;2005745890
ERR204918	ftp.sra.ebi.ac.uk/vol1/run/ERR204/ERR204918/NA20513.1.M_120209_6_1.fastq.gz;ftp.sra.ebi.ac.uk/vol1/run/ERR204/ERR204918/NA20513.1.M_120209_6_2.fastq.gz	550a28a35368e4c23b35c485b344621d;c8c8861f20d10f69e2f768c8c8ccac23	1593188949;1609822990
ERR204925	ftp.sra.ebi.ac.uk/vol1/run/ERR204/ERR204925/NA18498.1.M_120209_2_1.fastq.gz;ftp.sra.ebi.ac.uk/vol1/run/ERR204/ERR204925/NA18498.1.M_120209_2_2.fastq.gz	41ae55fdd4ac4b67027abf6e49a1f7d1;aa3dbba4a9c03ed447162b490652d177	918485480;937859916
ERR204928	ftp.sra.ebi.ac.uk/vol1/run/ERR204/ERR204928/NA06994.1.M_120209_4_1.fastq.gz;ftp.sra.ebi.ac.uk/vol1/run/ERR204/ERR204928/NA06994.1.M_120209_4_2.fastq.gz	1b3552cb6513f33a5e0a464ea7600315;0424cf41477a4fbf87d932b4edcde095	822584508;839811525
ERR204935	ftp.sra.ebi.ac.uk/vol1/run/ERR204/ERR204935/HG00375.1.M_120209_2_1.fastq.gz;ftp.sra.ebi.ac.uk/vol1/run/ERR204/ERR204935/HG00375.1.M_120209_2_2.fastq.gz	5256267422b7457ea58b97d960cd5e59;53526c09051cc47e293e3e3d532676b6	1401638086;1427860465
ERR204938	ftp.sra.ebi.ac.uk/vol1/run/ERR204/ERR204938/NA19257.1.M_120209_1_1.fastq.gz;ftp.sra.ebi.ac.uk/vol1/run/ERR204/ERR204938/NA19257.1.M_120209_1_2.fastq.gz	57fd173fee2eaaee9a2f0d2de6ff6a63;d9e6caf310053d8b5e80a6bfd4623246	986924271;1002343805
ERR204941	ftp.sra.ebi.ac.uk/vol1/run/ERR204/ERR204941/NA12751.1.M_120209_6_1.fastq.gz;ftp.sra.ebi.ac.uk/vol1/run/ERR204/ERR204941/NA12751.1.M_120209_6_2.fastq.gz	0bed2f4706b1f65c02acd712320746a9;c062219670b11b01edb43b8ec09cd996	976547724;994714694
ERR204945	ftp.sra.ebi.ac.uk/vol1/run/ERR204/ERR204945/NA12154.1.M_120209_3_1.fastq.gz;ftp.sra.ebi.ac.uk/vol1/run/ERR204/ERR204945/NA12154.1.M_120209_3_2.fastq.gz	d848916cfa415ac59eaa98ee8421f308;4bea4750e89e573ae3af9be2b3416a35	1017702214;1036895194
ERR204948	ftp.sra.ebi.ac.uk/vol1/run/ERR204/ERR204948/NA19172.1.M_120209_8_1.fastq.gz;ftp.sra.ebi.ac.uk/vol1/run/ERR204/ERR204948/NA19172.1.M_120209_8_2.fastq.gz	d1f658d474fbfac3e8aaab2fe82f33aa;4640a3b935aa4baafc80382fe959a4b4	1174566636;1198570720
ERR204949	ftp.sra.ebi.ac.uk/vol1/run/ERR204/ERR204949/NA18489.1.M_120209_8_1.fastq.gz;ftp.sra.ebi.ac.uk/vol1/run/ERR204/ERR204949/NA18489.1.M_120209_8_2.fastq.gz	1fc9d65f070989db5d4629d651a12e60;2838b0673d181b3d0d4677dd8278c446	913233853;926838446
ERR204953	ftp.sra.ebi.ac.uk/vol1/run/ERR204/ERR204953/HG00355.5.M_120131_3_1.fastq.gz;ftp.sra.ebi.ac.uk/vol1/run/ERR204/ERR204953/HG00355.5.M_120131_3_2.fastq.gz	a5c3e0871864357d94291df17fd1f263;d3397746f6d227b5160a6001fb99a199	2083462800;2086057161
ERR204960	ftp.sra.ebi.ac.uk/vol1/run/ERR204/ERR204960/NA07048.1.M_120209_8_1.fastq.gz;ftp.sra.ebi.ac.uk/vol1/run/ERR204/ERR204960/NA07048.1.M_120209_8_2.fastq.gz	f0655feecccb4bedec2d3502263603fc;cc7689a97b71f7e3b8335d494b4b3b11	1065810779;1080595572
ERR204962	ftp.sra.ebi.ac.uk/vol1/run/ERR204/ERR204962/NA12813.1.M_120209_6_1.fastq.gz;ftp.sra.ebi.ac.uk/vol1/run/ERR204/ERR204962/NA12813.1.M_120209_6_2.fastq.gz	0dff212fdf3ffdae8ee139eab95e2a30;1e4a79340c15b6b99a18c76254bbe39a	846709070;862737703
ERR204966	ftp.sra.ebi.ac.uk/vol1/run/ERR204/ERR204966/NA19200.1.M_120209_6_1.fastq.gz;ftp.sra.ebi.ac.uk/vol1/run/ERR204/ERR204966/NA19200.1.M_120209_6_2.fastq.gz	8b445828c5fba33bee39454f535d382a;d177c11cde40c238b7914e6234ae9d44	1196872207;1208323664
ERR204967	ftp.sra.ebi.ac.uk/vol1/run/ERR204/ERR204967/NA11893.1.M_120209_4_1.fastq.gz;ftp.sra.ebi.ac.uk/vol1/run/ERR204/ERR204967/NA11893.1.M_120209_4_2.fastq.gz	bad62b8023b2080160b4eb0b75f46db9;2c7686ca5d15c09de6b95e7f81f75040	892830772;909723160
ERR204988	ftp.sra.ebi.ac.uk/vol1/run/ERR204/ERR204988/NA19175.1.M_120209_2_1.fastq.gz;ftp.sra.ebi.ac.uk/vol1/run/ERR204/ERR204988/NA19175.1.M_120209_2_2.fastq.gz	ed91565d02503e9920e5ae66739209db;a80e885fa15eec51ff9ce43a1656d9c0	1141155674;1163925372
ERR204990	ftp.sra.ebi.ac.uk/vol1/run/ERR204/ERR204990/NA07037.1.M_120209_3_1.fastq.gz;ftp.sra.ebi.ac.uk/vol1/run/ERR204/ERR204990/NA07037.1.M_120209_3_2.fastq.gz	8512d0dc8a4b8bc6b43bd33cd34f59b4;d3941eec47659d14498b37cd3c1fc472	1043335609;1062212879
ERR204999	ftp.sra.ebi.ac.uk/vol1/run/ERR204/ERR204999/NA10847.1.M_120209_7_1.fastq.gz;ftp.sra.ebi.ac.uk/vol1/run/ERR204/ERR204999/NA10847.1.M_120209_7_2.fastq.gz	5c1017fe83d8c87cb2afc8e803cf96bc;22152adca3f3f32651239da5f66b1dfb	1042789228;1059880931
ERR205004	ftp.sra.ebi.ac.uk/vol1/run/ERR205/ERR205004/HG00117.2.M_111216_4_1.fastq.gz;ftp.sra.ebi.ac.uk/vol1/run/ERR205/ERR205004/HG00117.2.M_111216_4_2.fastq.gz	645e124f0bd21cc01d41403c36a51532;f27d2e383af6e00e5343b7d2295abcbd	2082354961;2088281308
ERR205008	ftp.sra.ebi.ac.uk/vol1/run/ERR205/ERR205008/NA20543.1.M_120209_8_1.fastq.gz;ftp.sra.ebi.ac.uk/vol1/run/ERR205/ERR205008/NA20543.1.M_120209_8_2.fastq.gz	b5f27ab722d319434f75fc3d97ff6813;a4e7bf8686c6a8a4f4e82fbbc4971ff4	1254210918;1270585035
ERR205020	ftp.sra.ebi.ac.uk/vol1/run/ERR205/ERR205020/NA19198.1.M_120209_3_1.fastq.gz;ftp.sra.ebi.ac.uk/vol1/run/ERR205/ERR205020/NA19198.1.M_120209_3_2.fastq.gz	2c112fc3a6d0a2b34fabb25d9fe15d42;917410c0a9b455b9ceb10ff08d68df27	1130567815;1149051002
ERR188025	ftp.sra.ebi.ac.uk/vol1/run/ERR188/ERR188025/HG00377.2.M_120131_2_1.fastq.gz;ftp.sra.ebi.ac.uk/vol1/run/ERR188/ERR188025/HG00377.2.M_120131_2_2.fastq.gz	63eb668bd8c2605b6d6ba549fd333a4b;e8de9fb6028a9321222750ec02a5790f	2779312285;2770092917
ERR188030	ftp.sra.ebi.ac.uk/vol1/run/ERR188/ERR188030/NA19119.3.M_120202_4_1.fastq.gz;ftp.sra.ebi.ac.uk/vol1/run/ERR188/ERR188030/NA19119.3.M_120202_4_2.fastq.gz	375259cc482f3b08facdfa0cdbb18577;885be51c5fccd136ad6da969d52eb0be	1273076951;1258645973
ERR188037	ftp.sra.ebi.ac.uk/vol1/run/ERR188/ERR188037/NA19236.4.M_120208_1_1.fastq.gz;ftp.sra.ebi.ac.uk/vol1/run/ERR188/ERR188037/NA19236.4.M_120208_1_2.fastq.gz	913618a0c476651a745b6056730fb8ca;fc4741402b12e691d8e22f0fb43d609a	1617318930;1631710225
ERR188038	ftp.sra.ebi.ac.uk/vol1/run/ERR188/ERR188038/HG00345.1.M_120209_1_1.fastq.gz;ftp.sra.ebi.ac.uk/vol1/run/ERR188/ERR188038/HG00345.1.M_120209_1_2.fastq.gz	9a2cc072708263e83a6324808be6bdf7;beaee5b0bc627e665c1d29cc27b49876	1896051218;1936523880
ERR188057	ftp.sra.ebi.ac.uk/vol1/run/ERR188/ERR188057/HG00262.2.M_111215_8_1.fastq.gz;ftp.sra.ebi.ac.uk/vol1/run/ERR188/ERR188057/HG00262.2.M_111215_8_2.fastq.gz	8bb1823e75ae4a733a8bb5d4dc3340b4;d599c79977bfe37fa595c626ed4fcf60	2951746688;2953233292
ERR188062	ftp.sra.ebi.ac.uk/vol1/run/ERR188/ERR188062/NA11992.6.M_120119_5_1.fastq.gz;ftp.sra.ebi.ac.uk/vol1/run/ERR188/ERR188062/NA11992.6.M_120119_5_2.fastq.gz	1521ac1881adde8db58dd9e36755c420;a7aa132600f53e567c22b25d805b5059	1561514563;1578951921
ERR188070	ftp.sra.ebi.ac.uk/vol1/run/ERR188/ERR188070/HG00263.6.M_120119_3_1.fastq.gz;ftp.sra.ebi.ac.uk/vol1/run/ERR188/ERR188070/HG00263.6.M_120119_3_2.fastq.gz	762a3ccfdf2d42675a12fac4e00b60ad;acc374adb35f099da6cc32cb2613a593	1848547197;1856217699
ERR188072	ftp.sra.ebi.ac.uk/vol1/run/ERR188/ERR188072/NA19137.1.M_111124_7_1.fastq.gz;ftp.sra.ebi.ac.uk/vol1/run/ERR188/ERR188072/NA19137.1.M_111124_7_2.fastq.gz	3f6832b0a098567d42267050fa9115ef;1fb2f978fca3d382b18d49056ca69e08	2202591574;2221106497
ERR188074	ftp.sra.ebi.ac.uk/vol1/run/ERR188/ERR188074/NA19257.6.M_120119_2_1.fastq.gz;ftp.sra.ebi.ac.uk/vol1/run/ERR188/ERR188074/NA19257.6.M_120119_2_2.fastq.gz	7ded553961882dbd817790da7f72a7cf;b6db18bce56fbbc65e52e82ffd8ff900	2096808753;2120863424
ERR188077	ftp.sra.ebi.ac.uk/vol1/run/ERR188/ERR188077/NA11893.7.M_120219_3_1.fastq.gz;ftp.sra.ebi.ac.uk/vol1/run/ERR188/ERR188077/NA11893.7.M_120219_3_2.fastq.gz	1f1ac68fac3b01adb7d91ad80f828664;17d6492ec582604cacba8c5628ff473c	3365705167;3404505910
ERR188081	ftp.sra.ebi.ac.uk/vol1/run/ERR188/ERR188081/NA12814.7.M_120219_3_1.fastq.gz;ftp.sra.ebi.ac.uk/vol1/run/ERR188/ERR188081/NA12814.7.M_120219_3_2.fastq.gz	b5f170379605a3b4084bfa315c4ed06c;f786db415a89e833803340545ec62d1e	3519550268;3566686570
ERR188085	ftp.sra.ebi.ac.uk/vol1/run/ERR188/ERR188085/NA18520.1.M_111124_1_1.fastq.gz;ftp.sra.ebi.ac.uk/vol1/run/ERR188/ERR188085/NA18520.1.M_111124_1_2.fastq.gz	489ba24030a29055e9ead4b325cb9f2b;bb3aee3edf572b082f49c06fd1f63e57	1820890799;1833768623
ERR188089	ftp.sra.ebi.ac.uk/vol1/run/ERR188/ERR188089/HG00358.5.M_120131_5_1.fastq.gz;ftp.sra.ebi.ac.uk/vol1/run/ERR188/ERR188089/HG00358.5.M_120131_5_2.fastq.gz	b6b81851ab5daa77cee735b26910e3f1;23e5d74a195ffa1614638c19a1958816	2005734896;2017418389
ERR188090	ftp.sra.ebi.ac.uk/vol1/run/ERR188/ERR188090/HG00186.3.M_120202_5_1.fastq.gz;ftp.sra.ebi.ac.uk/vol1/run/ERR188/ERR188090/HG00186.3.M_120202_5_2.fastq.gz	94251831a84f3f2e88b4fe85471e93d9;82dabfd4061f374dd140e9ef5a34b7b3	1214746455;1197945277
ERR188094	ftp.sra.ebi.ac.uk/vol1/run/ERR188/ERR188094/NA20806.3.M_120202_5_1.fastq.gz;ftp.sra.ebi.ac.uk/vol1/run/ERR188/ERR188094/NA20806.3.M_120202_5_2.fastq.gz	ffdcf35c0c5a6ea2a92adcdfee7ade8b;16fde18a8168b06e7d4decc42d4ad60e	1420307364;1414164249
ERR188114	ftp.sra.ebi.ac.uk/vol1/run/ERR188/ERR188114/NA20534.2.M_111215_8_1.fastq.gz;ftp.sra.ebi.ac.uk/vol1/run/ERR188/ERR188114/NA20534.2.M_111215_8_2.fastq.gz	88e499a0816792374bfabfb7a30b240e;e705899126bc24ce5cacf02c34244ffc	2742067361;2782579068
ERR188119	ftp.sra.ebi.ac.uk/vol1/run/ERR188/ERR188119/HG00119.2.M_111216_6_1.fastq.gz;ftp.sra.ebi.ac.uk/vol1/run/ERR188/ERR188119/HG00119.2.M_111216_6_2.fastq.gz	3e2e8575e0bd1c857aaf517ee9e071c3;a05897b80471e2d72a7f0042f64aeb2a	2581223354;2590053747
ERR188123	ftp.sra.ebi.ac.uk/vol1/run/ERR188/ERR188123/HG00313.2.M_111216_6_1.fastq.gz;ftp.sra.ebi.ac.uk/vol1/run/ERR188/ERR188123/HG00313.2.M_111216_6_2.fastq.gz	59c27ee60e94771cb8f1fef31fda1445;eec46825312ea6de738e9a1b54073463	2112573491;2119084131
ERR188131	ftp.sra.ebi.ac.uk/vol1/run/ERR188/ERR188131/NA19213.2.M_111215_6_1.fastq.gz;ftp.sra.ebi.ac.uk/vol1/run/ERR188/ERR188131/NA19213.2.M_111215_6_2.fastq.gz	7b7fdc59f53868ae2e5b322801874145;8ca5fd684b400fd6433921a5be93c5c8	2804135897;2845511755
ERR188133	ftp.sra.ebi.ac.uk/vol1/run/ERR188/ERR188133/HG00135.3.M_120202_8_1.fastq.gz;ftp.sra.ebi.ac.uk/vol1/run/ERR188/ERR188133/HG00135.3.M_120202_8_2.fastq.gz	fb2c1ae8a5190b94e64f52fcf468ab56;b3c9add6b3d3a72c79516c67a0770c51	1172429705;1179455538
ERR188135	ftp.sra.ebi.ac.uk/vol1/run/ERR188/ERR188135/NA07346.2.M_111215_7_1.fastq.gz;ftp.sra.ebi.ac.uk/vol1/run/ERR188/ERR188135/NA07346.2.M_111215_7_2.fastq.gz	ded98f3cf2114aaa5bcb99dabc54097c;5e04e2f587a0d18ea3c8705cc4b9a8f4	2562372588;2600164045
ERR188136	ftp.sra.ebi.ac.uk/vol1/run/ERR188/ERR188136/HG00103.4.M_120208_3_1.fastq.gz;ftp.sra.ebi.ac.uk/vol1/run/ERR188/ERR188136/HG00103.4.M_120208_3_2.fastq.gz	a87e43eb5055d18a08ce06010f376490;17c714922e42931c0bc1372b6bce2043	1912843463;1922571541
ERR188138	ftp.sra.ebi.ac.uk/vol1/run/ERR188/ERR188138/NA20539.4.M_120208_5_1.fastq.gz;ftp.sra.ebi.ac.uk/vol1/run/ERR188/ERR188138/NA20539.4.M_120208_5_2.fastq.gz	cf150a1b5d4f81ecf8a164d46cf9e05d;25b44ced67b1d8cc5e6f061af0b658f4	2002486516;1998767107
ERR188143	ftp.sra.ebi.ac.uk/vol1/run/ERR188/ERR188143/NA18487.6.M_120119_5_1.fastq.gz;ftp.sra.ebi.ac.uk/vol1/run/ERR188/ERR188143/NA18487.6.M_120119_5_2.fastq.gz	8f76ddf800216cf5627c5482bd084d4a;ccf49cec18710ca440d81f3c6cdafcf5	1516810954;1535609821
ERR188145	ftp.sra.ebi.ac.uk/vol1/run/ERR188/ERR188145/NA20519.1.M_111124_5_1.fastq.gz;ftp.sra.ebi.ac.uk/vol1/run/ERR188/ERR188145/NA20519.1.M_111124_5_2.fastq.gz	6b2cade76dbfaf385dde6e5c3d8f1317;e8702120536afcb94da2675f06956053	2581214510;2598730004
ERR188148	ftp.sra.ebi.ac.uk/vol1/run/ERR188/ERR188148/NA12282.3.M_120202_7_1.fastq.gz;ftp.sra.ebi.ac.uk/vol1/run/ERR188/ERR188148/NA12282.3.M_120202_7_2.fastq.gz	2d7516e2eebd7c2e5cd08a5bc54482a9;3cd7af87d0f220fb39de9ebf4089c4d7	1316047927;1297924557
ERR188157	ftp.sra.ebi.ac.uk/vol1/run/ERR188/ERR188157/NA12872.2.M_111216_2_1.fastq.gz;ftp.sra.ebi.ac.uk/vol1/run/ERR188/ERR188157/NA12872.2.M_111216_2_2.fastq.gz	c377bf65005c03449c0dd4c8de1edad0;0b6bbfc582ae38d63434e282fe5d763e	2631562924;2646247627
ERR188158	ftp.sra.ebi.ac.uk/vol1/run/ERR188/ERR188158/NA18502.7.M_120219_8_1.fastq.gz;ftp.sra.ebi.ac.uk/vol1/run/ERR188/ERR188158/NA18502.7.M_120219_8_2.fastq.gz	4451826a6d69ac622a2364876c5f1f1c;fc61810b1b255b1d1144205dfb91b4ff	4537742573;4544198698
ERR188165	ftp.sra.ebi.ac.uk/vol1/run/ERR188/ERR188165/NA18510.3.M_120202_7_1.fastq.gz;ftp.sra.ebi.ac.uk/vol1/run/ERR188/ERR188165/NA18510.3.M_120202_7_2.fastq.gz	7d51f1398489e93082ad982ab8cecf94;dad6366cbb07188acd6a879e3d0a0e23	1639933051;1619380913
ERR188167	ftp.sra.ebi.ac.uk/vol1/run/ERR188/ERR188167/HG00106.4.M_120208_5_1.fastq.gz;ftp.sra.ebi.ac.uk/vol1/run/ERR188/ERR188167/HG00106.4.M_120208_5_2.fastq.gz	286a4b19eb51b7697232b1f2dda53c8b;0c15a9b26ce1691be4199293220dffc1	2038736767;2058288172
ERR188169	ftp.sra.ebi.ac.uk/vol1/run/ERR188/ERR188169/HG00338.2.M_111215_8_1.fastq.gz;ftp.sra.ebi.ac.uk/vol1/run/ERR188/ERR188169/HG00338.2.M_111215_8_2.fastq.gz	3c3576ee454eb38c608d58eba75f5892;70dae4be36d0437065ef95315bbddf59	3615716627;3639024174
ERR188177	ftp.sra.ebi.ac.uk/vol1/run/ERR188/ERR188177/NA12234.7.M_120219_6_1.fastq.gz;ftp.sra.ebi.ac.uk/vol1/run/ERR188/ERR188177/NA12234.7.M_120219_6_2.fastq.gz	29a789a29b66eb39f2b1b4e55c8b8b45;b92eb487daa19c33ae4a69611756f782	2729895429;2751610797
ERR188180	ftp.sra.ebi.ac.uk/vol1/run/ERR188/ERR188180/HG00177.4.M_120208_8_1.fastq.gz;ftp.sra.ebi.ac.uk/vol1/run/ERR188/ERR188180/HG00177.4.M_120208_8_2.fastq.gz	fa2d894b5f820291136020b3c22164e4;e0c0848f782e97932bfa2e5997b25506	2065600511;2060605393
ERR188182	ftp.sra.ebi.ac.uk/vol1/run/ERR188/ERR188182/NA18912.7.M_120219_3_1.fastq.gz;ftp.sra.ebi.ac.uk/vol1/run/ERR188/ERR188182/NA18912.7.M_120219_3_2.fastq.gz	a2b8345583da25b61ea32c2b119e0253;1ebf45a3b04e2b7859849ea93e1afb43	3597863764;3643722654
ERR188196	ftp.sra.ebi.ac.uk/vol1/run/ERR188/ERR188196/NA12717.1.M_111124_3_1.fastq.gz;ftp.sra.ebi.ac.uk/vol1/run/ERR188/ERR188196/NA12717.1.M_111124_3_2.fastq.gz	bbea9ccac97068e03efb1df5b2c545af;38c4d477411c42427bd3921745f4756e	1939162513;1962896860
ERR188198	ftp.sra.ebi.ac.uk/vol1/run/ERR188/ERR188198/HG00373.2.M_111215_6_1.fastq.gz;ftp.sra.ebi.ac.uk/vol1/run/ERR188/ERR188198/HG00373.2.M_111215_6_2.fastq.gz	f1aa590f203d4bebdf900569b92f333d;8aeba231021c21307b78cf89034928b9	3083564934;3126509343
ERR188200	ftp.sra.ebi.ac.uk/vol1/run/ERR188/ERR188200/NA18519.1.M_111124_3_1.fastq.gz;ftp.sra.ebi.ac.uk/vol1/run/ERR188/ERR188200/NA18519.1.M_111124_3_2.fastq.gz	9be2e2de62c3907d4d2096452b7e6687;b43ae66da65226053901aef6bd498e2e	1737307001;1762397209
ERR188201	ftp.sra.ebi.ac.uk/vol1/run/ERR188/ERR188201/NA20588.5.M_120131_5_1.fastq.gz;ftp.sra.ebi.ac.uk/vol1/run/ERR188/ERR188201/NA20588.5.M_120131_5_2.fastq.gz	435555d4446ce45aae4bf99d014aa2b1;b2157d48fd347ca38f50b40edbcc871c	2068058439;2078096370
ERR188204	ftp.sra.ebi.ac.uk/vol1/run/ERR188/ERR188204/NA20524.2.M_111215_8_1.fastq.gz;ftp.sra.ebi.ac.uk/vol1/run/ERR188/ERR188204/NA20524.2.M_111215_8_2.fastq.gz	5c0bfd05a70035f4552c805a87e7ccdb;f60888e141ce19fdafefae53ef012d28	2555175110;2587448193
ERR188206	ftp.sra.ebi.ac.uk/vol1/run/ERR188/ERR188206/HG00100.2.M_111215_8_1.fastq.gz;ftp.sra.ebi.ac.uk/vol1/run/ERR188/ERR188206/HG00100.2.M_111215_8_2.fastq.gz	ca8993f4e0e84a087bcd74537d4d471d;dfe2fcfe697e13e0d44fa70f15be3778	1761015151;1761503984
ERR188212	ftp.sra.ebi.ac.uk/vol1/run/ERR188/ERR188212/HG00231.2.M_111216_2_1.fastq.gz;ftp.sra.ebi.ac.uk/vol1/run/ERR188/ERR188212/HG00231.2.M_111216_2_2.fastq.gz	947850b0bba81d2ee3529b850682a4f2;97b9db1815806a08108f2bd4c081183d	2374936350;2393663686
ERR188217	ftp.sra.ebi.ac.uk/vol1/run/ERR188/ERR188217/NA11832.2.M_120131_2_1.fastq.gz;ftp.sra.ebi.ac.uk/vol1/run/ERR188/ERR188217/NA11832.2.M_120131_2_2.fastq.gz	9403e6982005cd76fd5307e9faf4dea2;a212738d4e7fc4191257f87c34c434cd	2763883565;2759876571
ERR188223	ftp.sra.ebi.ac.uk/vol1/run/ERR188/ERR188223/NA18908.7.M_120219_7_1.fastq.gz;ftp.sra.ebi.ac.uk/vol1/run/ERR188/ERR188223/NA18908.7.M_120219_7_2.fastq.gz	a966d3155ac6e5e046ae194ac4529034;0ef8928bd224cd4d9abdf7faf89657e2	2564895823;2591003827
ERR188224	ftp.sra.ebi.ac.uk/vol1/run/ERR188/ERR188224/NA20528.2.M_120131_1_1.fastq.gz;ftp.sra.ebi.ac.uk/vol1/run/ERR188/ERR188224/NA20528.2.M_120131_1_2.fastq.gz	647e41bed94d3bab1b0daf2a441a4eba;afdd15546c6b55fefe12cf153899838f	2521965327;2516828239
ERR188236	ftp.sra.ebi.ac.uk/vol1/run/ERR188/ERR188236/HG00118.4.M_120208_5_1.fastq.gz;ftp.sra.ebi.ac.uk/vol1/run/ERR188/ERR188236/HG00118.4.M_120208_5_2.fastq.gz	88c4e99648025406ef41f63b8cfd39b4;6313995d96159c73496b749b4fe12fcd	2120604729;2111826768
ERR188237	ftp.sra.ebi.ac.uk/vol1/run/ERR188/ERR188237/HG00234.7.M_120219_4_1.fastq.gz;ftp.sra.ebi.ac.uk/vol1/run/ERR188/ERR188237/HG00234.7.M_120219_4_2.fastq.gz	b9d9ad1bb9eca0f0454b90ca12da87df;0cd2297c41e6eca5031e6a15ce89467e	3826576291;3867652979
ERR188245	ftp.sra.ebi.ac.uk/vol1/run/ERR188/ERR188245/HG00128.1.M_111124_6_1.fastq.gz;ftp.sra.ebi.ac.uk/vol1/run/ERR188/ERR188245/HG00128.1.M_111124_6_2.fastq.gz	4b3024178484e0e5e2a76f99d5c00291;f0456e7635f8576641acf90042bb0ec6	1966058791;2002294824
ERR188246	ftp.sra.ebi.ac.uk/vol1/run/ERR188/ERR188246/NA11840.6.M_120119_5_1.fastq.gz;ftp.sra.ebi.ac.uk/vol1/run/ERR188/ERR188246/NA11840.6.M_120119_5_2.fastq.gz	20a4c15342aa8e03ad9c85c607622e08;bbf534b1c778b78d34a93b58b3ae88f7	1818960946;1838292887
ERR188258	ftp.sra.ebi.ac.uk/vol1/run/ERR188/ERR188258/NA20530.2.M_111215_6_1.fastq.gz;ftp.sra.ebi.ac.uk/vol1/run/ERR188/ERR188258/NA20530.2.M_111215_6_2.fastq.gz	0e9eeece92a59722361c78ee41a8a4dc;3627050bf91a1abf1d60b06eb7ff8764	2899390477;2945956696
ERR188262	ftp.sra.ebi.ac.uk/vol1/run/ERR188/ERR188262/NA12283.2.M_111216_5_1.fastq.gz;ftp.sra.ebi.ac.uk/vol1/run/ERR188/ERR188262/NA12283.2.M_111216_5_2.fastq.gz	980deccd2f3acc4c3fc95d9b76014865;0cbc92b8dc6136322778c24fc3fe0850	2173939908;2182774894
ERR188263	ftp.sra.ebi.ac.uk/vol1/run/ERR188/ERR188263/HG00281.1.M_111124_3_1.fastq.gz;ftp.sra.ebi.ac.uk/vol1/run/ERR188/ERR188263/HG00281.1.M_111124_3_2.fastq.gz	ff63ec10d4db73f7e0f12dad0e695de9;b4be3eac90705046e869737edcc068b8	2208738219;2235308075
ERR188265	ftp.sra.ebi.ac.uk/vol1/run/ERR188/ERR188265/NA20814.2.M_111215_6_1.fastq.gz;ftp.sra.ebi.ac.uk/vol1/run/ERR188/ERR188265/NA20814.2.M_111215_6_2.fastq.gz	fa8ec55681c1abb26943ed9ed5f29f0d;9d2ee10693c90bd043da080cfb3c615b	2588323028;2599012118
ERR188269	ftp.sra.ebi.ac.uk/vol1/run/ERR188/ERR188269/NA18916.2.M_111215_6_1.fastq.gz;ftp.sra.ebi.ac.uk/vol1/run/ERR188/ERR188269/NA18916.2.M_111215_6_2.fastq.gz	93dfdb39d3aeee383320753ed44669e5;501dd25be1fe59ace3a7e817539f99a1	3258616852;3296162173
ERR188273	ftp.sra.ebi.ac.uk/vol1/run/ERR188/ERR188273/NA18505.3.M_120202_1_1.fastq.gz;ftp.sra.ebi.ac.uk/vol1/run/ERR188/ERR188273/NA18505.3.M_120202_1_2.fastq.gz	abdf74e13b8f3bafa99cd831356779cf;615d22b11a98d47be2bf9d3694619f16	1220685991;1228615087
ERR188289	ftp.sra.ebi.ac.uk/vol1/run/ERR188/ERR188289/HG00232.7.M_120219_3_1.fastq.gz;ftp.sra.ebi.ac.uk/vol1/run/ERR188/ERR188289/HG00232.7.M_120219_3_2.fastq.gz	4031ef649006a117b913c6aeea0ed51d;5df3d43ca12340800e7fa713fa3c0ae3	1471405020;1490221299
ERR188291	ftp.sra.ebi.ac.uk/vol1/run/ERR188/ERR188291/NA12813.2.M_111216_6_1.fastq.gz;ftp.sra.ebi.ac.uk/vol1/run/ERR188/ERR188291/NA12813.2.M_111216_6_2.fastq.gz	2a2c4c3163143a84dcf0bb456f4c864a;11ca32feb10c5a8addcf11af4b3e740d	2107848206;2115889370
ERR188292	ftp.sra.ebi.ac.uk/vol1/run/ERR188/ERR188292/NA19189.5.M_120131_7_1.fastq.gz;ftp.sra.ebi.ac.uk/vol1/run/ERR188/ERR188292/NA19189.5.M_120131_7_2.fastq.gz	ef2bedd0ee6fe49f15784b1ee22e10bb;fe638540fd0dd4d8576f8d4f1d3e4d78	2261365227;2267150404
ERR188296	ftp.sra.ebi.ac.uk/vol1/run/ERR188/ERR188296/HG00330.1.M_120209_2_1.fastq.gz;ftp.sra.ebi.ac.uk/vol1/run/ERR188/ERR188296/HG00330.1.M_120209_2_2.fastq.gz	6a6fc8af9f87110604b95836033eafc6;1c381ea3a484e03c7eb67fe83e69504d	1967403754;2002611014
ERR188297	ftp.sra.ebi.ac.uk/vol1/run/ERR188/ERR188297/NA20503.1.M_111124_5_1.fastq.gz;ftp.sra.ebi.ac.uk/vol1/run/ERR188/ERR188297/NA20503.1.M_111124_5_2.fastq.gz	967b113aa915f2c262375bc07dbb5cb0;ea93b78b211bef0b7eaac5586175d609	1782365737;1795952781
ERR188302	ftp.sra.ebi.ac.uk/vol1/run/ERR188/ERR188302/HG00183.5.M_120131_5_1.fastq.gz;ftp.sra.ebi.ac.uk/vol1/run/ERR188/ERR188302/HG00183.5.M_120131_5_2.fastq.gz	9b128ada7b878a98b728deca653b4b7d;96e56afcf70ea044340fcd6645b40d50	2018153228;2039698805
ERR188307	ftp.sra.ebi.ac.uk/vol1/run/ERR188/ERR188307/HG00101.1.M_111124_4_1.fastq.gz;ftp.sra.ebi.ac.uk/vol1/run/ERR188/ERR188307/HG00101.1.M_111124_4_2.fastq.gz	a1250a735773947cd1096903e58acf56;15a7dda4f37e537cf3cde3c81a31c419	1653680393;1666673536
ERR188311	ftp.sra.ebi.ac.uk/vol1/run/ERR188/ERR188311/NA18488.4.M_120208_7_1.fastq.gz;ftp.sra.ebi.ac.uk/vol1/run/ERR188/ERR188311/NA18488.4.M_120208_7_2.fastq.gz	3ec1cd9c35a012b37e13b767b536efb0;186279a40b792608d03a5730c3b9fd9e	1315507031;1308203580
ERR188316	ftp.sra.ebi.ac.uk/vol1/run/ERR188/ERR188316/NA20796.1.M_120209_2_1.fastq.gz;ftp.sra.ebi.ac.uk/vol1/run/ERR188/ERR188316/NA20796.1.M_120209_2_2.fastq.gz	c45022f489132d2e5ade1a94d79e63e8;067e1d277d709b459d7c65799c27c41e	3437502030;3486460487
ERR188317	ftp.sra.ebi.ac.uk/vol1/run/ERR188/ERR188317/NA20527.2.M_111215_7_1.fastq.gz;ftp.sra.ebi.ac.uk/vol1/run/ERR188/ERR188317/NA20527.2.M_111215_7_2.fastq.gz	86bea3637c0e0c0c665c8172bc950297;9407444f8d2d92fb76bf2ccc9ddc1263	3010660447;3056945850
ERR188318	ftp.sra.ebi.ac.uk/vol1/run/ERR188/ERR188318/HG00276.2.M_111215_8_1.fastq.gz;ftp.sra.ebi.ac.uk/vol1/run/ERR188/ERR188318/HG00276.2.M_111215_8_2.fastq.gz	980c76c814f170f191a6b10ea7c8c2e8;b8a2c90fedcd1b0f7039cbb8b2e0eda2	3123734864;3167647358
ERR188322	ftp.sra.ebi.ac.uk/vol1/run/ERR188/ERR188322/NA19190.4.M_120208_2_1.fastq.gz;ftp.sra.ebi.ac.uk/vol1/run/ERR188/ERR188322/NA19190.4.M_120208_2_2.fastq.gz	7c3ad8f8ac507941fdd89140ee185a5f;084140f4552e65cd85882511bcc790b5	2101779915;2086174709
ERR188323	ftp.sra.ebi.ac.uk/vol1/run/ERR188/ERR188323/HG00257.4.M_120208_5_1.fastq.gz;ftp.sra.ebi.ac.uk/vol1/run/ERR188/ERR188323/HG00257.4.M_120208_5_2.fastq.gz	c80ccb224273ef350af10bc13f973587;9eb6271e7007d77d32d5f16bc250b92e	1786438247;1781285589
ERR188335	ftp.sra.ebi.ac.uk/vol1/run/ERR188/ERR188335/NA20798.6.M_120119_6_1.fastq.gz;ftp.sra.ebi.ac.uk/vol1/run/ERR188/ERR188335/NA20798.6.M_120119_6_2.fastq.gz	0c60ac69b6c16f4a8faa2a935a312178;54c0832fa13faa93e342a0ea4bdb22e4	1375701027;1390624915
ERR188341	ftp.sra.ebi.ac.uk/vol1/run/ERR188/ERR188341/HG00328.2.M_111215_4_1.fastq.gz;ftp.sra.ebi.ac.uk/vol1/run/ERR188/ERR188341/HG00328.2.M_111215_4_2.fastq.gz	b3d47e4f26b6c533163cd17971a257ba;38a935d6e284b31c571b5021ecc1c8af	2879171541;2907517499
ERR188342	ftp.sra.ebi.ac.uk/vol1/run/ERR188/ERR188342/HG00111.2.M_111215_4_1.fastq.gz;ftp.sra.ebi.ac.uk/vol1/run/ERR188/ERR188342/HG00111.2.M_111215_4_2.fastq.gz	03bdf7762b55a5a88789adf8e85df93e;8aee11c6509790def1a363fe0d65750f	2697664585;2715520788
ERR188357	ftp.sra.ebi.ac.uk/vol1/run/ERR188/ERR188357/NA20517.3.M_120202_8_1.fastq.gz;ftp.sra.ebi.ac.uk/vol1/run/ERR188/ERR188357/NA20517.3.M_120202_8_2.fastq.gz	ccf91be547aab7e71583cc519da2651f;a7757c7f16435f53d43c594c3a7ff016	1718382001;1709746764
ERR188359	ftp.sra.ebi.ac.uk/vol1/run/ERR188/ERR188359/NA20537.3.M_120202_8_1.fastq.gz;ftp.sra.ebi.ac.uk/vol1/run/ERR188/ERR188359/NA20537.3.M_120202_8_2.fastq.gz	53fad10c251d33e25235aea3510b5688;7fa19da2223e7b8ccff0e2f89a91a4e7	1694181898;1695040565
ERR188379	ftp.sra.ebi.ac.uk/vol1/run/ERR188/ERR188379/HG00148.3.M_120202_6_1.fastq.gz;ftp.sra.ebi.ac.uk/vol1/run/ERR188/ERR188379/HG00148.3.M_120202_6_2.fastq.gz	02e0c9fd3765dbedb8bccf7f978a4d39;4392129975a10a1a535a783c4cd50ae0	1618283360;1634838906
ERR188382	ftp.sra.ebi.ac.uk/vol1/run/ERR188/ERR188382/NA20536.1.M_111124_1_1.fastq.gz;ftp.sra.ebi.ac.uk/vol1/run/ERR188/ERR188382/NA20536.1.M_111124_1_2.fastq.gz	83546634b258b8028e2522530d5f0a5f;92f0b3f616ce05caae1df79834d40b76	1654015005;1668285772
ERR188387	ftp.sra.ebi.ac.uk/vol1/run/ERR188/ERR188387/HG00160.3.M_120202_1_1.fastq.gz;ftp.sra.ebi.ac.uk/vol1/run/ERR188/ERR188387/HG00160.3.M_120202_1_2.fastq.gz	9251339d6de6692d672be770edc09b9b;a5ea8e7b04d6fbcba8258a26f7cc571a	1286482529;1286930372
ERR188389	ftp.sra.ebi.ac.uk/vol1/run/ERR188/ERR188389/NA10851.4.M_120208_1_1.fastq.gz;ftp.sra.ebi.ac.uk/vol1/run/ERR188/ERR188389/NA10851.4.M_120208_1_2.fastq.gz	f134e1c1620b36c48ea4cfa92498c8f6;63d319879dacce2c21285d77b75dbb06	1830420094;1822903552
ERR188392	ftp.sra.ebi.ac.uk/vol1/run/ERR188/ERR188392/NA19210.4.M_120208_1_1.fastq.gz;ftp.sra.ebi.ac.uk/vol1/run/ERR188/ERR188392/NA19210.4.M_120208_1_2.fastq.gz	c694f5c92849cf6e8cd25e3c44bba033;0eff239e75fc76c347efff14addf2889	1596928165;1601138091
ERR188397	ftp.sra.ebi.ac.uk/vol1/run/ERR188/ERR188397/HG00271.2.M_111215_7_1.fastq.gz;ftp.sra.ebi.ac.uk/vol1/run/ERR188/ERR188397/HG00271.2.M_111215_7_2.fastq.gz	053acd1a6758520b9667beae8b6d6ba3;109d6785499378c3cdc845e3cd66db0e	3081663214;3129587527
ERR188401	ftp.sra.ebi.ac.uk/vol1/run/ERR188/ERR188401/HG00141.5.M_120131_3_1.fastq.gz;ftp.sra.ebi.ac.uk/vol1/run/ERR188/ERR188401/HG00141.5.M_120131_3_2.fastq.gz	5fc831607b4e6fd7aa8ec7c0fa91021a;c16e8163ab6bf840563447509c492af9	2463578850;2476628832
ERR188414	ftp.sra.ebi.ac.uk/vol1/run/ERR188/ERR188414/NA12043.2.M_120127_7_1.fastq.gz;ftp.sra.ebi.ac.uk/vol1/run/ERR188/ERR188414/NA12043.2.M_120127_7_2.fastq.gz	1ef52a1c6e46771a29d1bd33b5fcc124;e35162578dcf803990b294f39ce67dc2	2138519550;2125767850
ERR188422	ftp.sra.ebi.ac.uk/vol1/run/ERR188/ERR188422/NA19172.6.M_120119_1_1.fastq.gz;ftp.sra.ebi.ac.uk/vol1/run/ERR188/ERR188422/NA19172.6.M_120119_1_2.fastq.gz	d9893f4d0647c206e5f0a47177e83eb9;12331aecf53af93a49962a21728bedb4	1754286639;1772749875
ERR188433	ftp.sra.ebi.ac.uk/vol1/run/ERR188/ERR188433/NA11829.6.M_120217_1_1.fastq.gz;ftp.sra.ebi.ac.uk/vol1/run/ERR188/ERR188433/NA11829.6.M_120217_1_2.fastq.gz	4578fa256a80c7009db763a554e4bf98;744355ebe553d5fd12575f81741e8f8f	1328962808;1303892697
ERR188438	ftp.sra.ebi.ac.uk/vol1/run/ERR188/ERR188438/NA12272.3.M_120202_5_1.fastq.gz;ftp.sra.ebi.ac.uk/vol1/run/ERR188/ERR188438/NA12272.3.M_120202_5_2.fastq.gz	2a6f7a9ccb50b2e368c381d3dbfd2fec;6ecd55cc9250c4967e89f4e23bb00768	1468013933;1467157384
ERR188442	ftp.sra.ebi.ac.uk/vol1/run/ERR188/ERR188442/NA18910.3.M_120202_7_1.fastq.gz;ftp.sra.ebi.ac.uk/vol1/run/ERR188/ERR188442/NA18910.3.M_120202_7_2.fastq.gz	45cad6d01a56b0dfba677f0fa69f81f8;9b4c1e9cc97409cbf639393a4982e78b	1418560246;1422774788
ERR188443	ftp.sra.ebi.ac.uk/vol1/run/ERR188/ERR188443/HG00130.5.M_120131_7_1.fastq.gz;ftp.sra.ebi.ac.uk/vol1/run/ERR188/ERR188443/HG00130.5.M_120131_7_2.fastq.gz	8e9636590790c4b9417c4183f0259ca8;2dbb6fc237f0455ade19bef79e9ee7d2	2147903990;2162939150
ERR188452	ftp.sra.ebi.ac.uk/vol1/run/ERR188/ERR188452/NA20515.5.M_120131_1_1.fastq.gz;ftp.sra.ebi.ac.uk/vol1/run/ERR188/ERR188452/NA20515.5.M_120131_1_2.fastq.gz	48947618bb14568b87397ed9edb21075;09e05f9f1dca20301df63caeaecbc5bb	2401259537;2426419212
ERR188463	ftp.sra.ebi.ac.uk/vol1/run/ERR188/ERR188463/NA19247.3.M_120223_7_1.fastq.gz;ftp.sra.ebi.ac.uk/vol1/run/ERR188/ERR188463/NA19247.3.M_120223_7_2.fastq.gz	2558fe9752dc87850dce4d59c8e8bdea;5d440b5c0e609d6b7a2d45665f8f9d13	2411497106;2567555781
ERR188470	ftp.sra.ebi.ac.uk/vol1/run/ERR188/ERR188470/HG02215.1.M_111124_4_1.fastq.gz;ftp.sra.ebi.ac.uk/vol1/run/ERR188/ERR188470/HG02215.1.M_111124_4_2.fastq.gz	231c43baed1026c1920b6c0e40ce2451;bf46f53c94486a88da77c9caff4be396	2159441514;2162975883
ERR188471	ftp.sra.ebi.ac.uk/vol1/run/ERR188/ERR188471/NA19130.5.M_120131_7_1.fastq.gz;ftp.sra.ebi.ac.uk/vol1/run/ERR188/ERR188471/NA19130.5.M_120131_7_2.fastq.gz	a2de0d6df86480a85bfad020f55c15b5;7474897888fe2a7253f9843602068ed9	1842029336;1846402932
ERR188472	ftp.sra.ebi.ac.uk/vol1/run/ERR188/ERR188472/HG00378.5.M_120131_5_1.fastq.gz;ftp.sra.ebi.ac.uk/vol1/run/ERR188/ERR188472/HG00378.5.M_120131_5_2.fastq.gz	37d9a7f6615abd265d3f358c4e4ba260;99fdc879a398d410d0f7563631724d52	2283472115;2302136954
ERR188473	ftp.sra.ebi.ac.uk/vol1/run/ERR188/ERR188473/HG00344.4.M_120208_2_1.fastq.gz;ftp.sra.ebi.ac.uk/vol1/run/ERR188/ERR188473/HG00344.4.M_120208_2_2.fastq.gz	5047fcd1e56832b658aa13ffa7b7480a;2b9ad777471ead0dbebaeb453035e76d	1950001791;1942017179
ERR204829	ftp.sra.ebi.ac.uk/vol1/run/ERR204/ERR204829/NA19207.1.M_120209_8_1.fastq.gz;ftp.sra.ebi.ac.uk/vol1/run/ERR204/ERR204829/NA19207.1.M_120209_8_2.fastq.gz	4dd281625d132aea29b7bda8d725d08c;49a934f1fc98d07e71ef33c9415cfb47	776125861;788761691
ERR204830	ftp.sra.ebi.ac.uk/vol1/run/ERR204/ERR204830/NA20527.5.M_120131_1_1.fastq.gz;ftp.sra.ebi.ac.uk/vol1/run/ERR204/ERR204830/NA20527.5.M_120131_1_2.fastq.gz	6344ac81dbfb8fb6c1143088a97c8c10;04e11caa2fdbca7c4019b2b8da8f76ee	2319372339;2336399307
ERR204834	ftp.sra.ebi.ac.uk/vol1/run/ERR204/ERR204834/NA11930.1.M_120209_8_1.fastq.gz;ftp.sra.ebi.ac.uk/vol1/run/ERR204/ERR204834/NA11930.1.M_120209_8_2.fastq.gz	5d480374218776bba321f346be6a67b9;9baacd24771a9f9ff31d3ea43623f065	1380097547;1404202767
ERR204846	ftp.sra.ebi.ac.uk/vol1/run/ERR204/ERR204846/HG00355.1.M_111124_8_1.fastq.gz;ftp.sra.ebi.ac.uk/vol1/run/ERR204/ERR204846/HG00355.1.M_111124_8_2.fastq.gz	19678b782c9e0ae79012e0e55fdc61ca;b13441d6f908cb568c0307bf32fd92db	2172446209;2195989096
ERR204848	ftp.sra.ebi.ac.uk/vol1/run/ERR204/ERR204848/NA11832.1.M_120209_7_1.fastq.gz;ftp.sra.ebi.ac.uk/vol1/run/ERR204/ERR204848/NA11832.1.M_120209_7_2.fastq.gz	b125d1ef2b0c6be485ed5e05c2c7ad86;ea16291e7a225eb508efead3c54ee714	988366328;1009411393
ERR204855	ftp.sra.ebi.ac.uk/vol1/run/ERR204/ERR204855/NA06986.7.M_120219_6_1.fastq.gz;ftp.sra.ebi.ac.uk/vol1/run/ERR204/ERR204855/NA06986.7.M_120219_6_2.fastq.gz	2bbbdb4cca0d80c7f90b788b48a3770c;c5987b43150c3696ca22392183ba5b5a	2676226846;2696981461
ERR204858	ftp.sra.ebi.ac.uk/vol1/run/ERR204/ERR204858/NA19095.1.M_120209_1_1.fastq.gz;ftp.sra.ebi.ac.uk/vol1/run/ERR204/ERR204858/NA19095.1.M_120209_1_2.fastq.gz	09f18cb778bc4a1dd91a7165e01def18;44bae36c13595f14cca9eeae9def99d1	2120344673;2158207643
ERR204865	ftp.sra.ebi.ac.uk/vol1/run/ERR204/ERR204865/HG00313.1.M_120209_2_1.fastq.gz;ftp.sra.ebi.ac.uk/vol1/run/ERR204/ERR204865/HG00313.1.M_120209_2_2.fastq.gz	81426f431b25b42e1ade77c410194e59;001d7adfa4b2eb8f0999c81cc0ed7f6d	966110741;982256652
ERR204873	ftp.sra.ebi.ac.uk/vol1/run/ERR204/ERR204873/NA20754.1.M_120209_8_1.fastq.gz;ftp.sra.ebi.ac.uk/vol1/run/ERR204/ERR204873/NA20754.1.M_120209_8_2.fastq.gz	2123668a819795b0700d4945d24b50b5;e05427bc1e3c23389cf19b86950b5429	977213843;991170571
ERR204878	ftp.sra.ebi.ac.uk/vol1/run/ERR204/ERR204878/NA19108.1.M_120209_4_1.fastq.gz;ftp.sra.ebi.ac.uk/vol1/run/ERR204/ERR204878/NA19108.1.M_120209_4_2.fastq.gz	b4af3408b8ee00e4d0cfcf53fb5a97b2;6b35287cf6cce70ef13a6a71768252fb	1689217209;1693207114
ERR204889	ftp.sra.ebi.ac.uk/vol1/run/ERR204/ERR204889/NA18923.1.M_120209_6_1.fastq.gz;ftp.sra.ebi.ac.uk/vol1/run/ERR204/ERR204889/NA18923.1.M_120209_6_2.fastq.gz	511ac24fb03c99da5fa9a382b5007e13;3d4d50269494fda25f9107dfc6553687	1085578863;1100041841
ERR204894	ftp.sra.ebi.ac.uk/vol1/run/ERR204/ERR204894/HG00117.5.M_120131_3_1.fastq.gz;ftp.sra.ebi.ac.uk/vol1/run/ERR204/ERR204894/HG00117.5.M_120131_3_2.fastq.gz	b7b55b95b7a2a8d8b3bbf48a2ada177f;9e4ab646d6b01b934f6b725f737ebc23	2063992879;2079903745
ERR204900	ftp.sra.ebi.ac.uk/vol1/run/ERR204/ERR204900/NA11829.1.M_120209_7_1.fastq.gz;ftp.sra.ebi.ac.uk/vol1/run/ERR204/ERR204900/NA11829.1.M_120209_7_2.fastq.gz	db63c7ba4c602c692247db6b2191b537;0d34182d4d8e82fe789e3104a2ac76a1	1050710321;1067128447
ERR204901	ftp.sra.ebi.ac.uk/vol1/run/ERR204/ERR204901/HG00355.1.M_120209_1_1.fastq.gz;ftp.sra.ebi.ac.uk/vol1/run/ERR204/ERR204901/HG00355.1.M_120209_1_2.fastq.gz	9c810511b3ee44ba3c2915dd568f77ea;c337a37bf52b13e93d8061b49a81434a	1779062541;1809510276
ERR204902	ftp.sra.ebi.ac.uk/vol1/run/ERR204/ERR204902/NA12043.1.M_120209_6_1.fastq.gz;ftp.sra.ebi.ac.uk/vol1/run/ERR204/ERR204902/NA12043.1.M_120209_6_2.fastq.gz	5187806d72e11d8ad964c8473f66f1e2;464b1a286d4fba4ac45682fe72a82f74	1223875604;1242337631
ERR204908	ftp.sra.ebi.ac.uk/vol1/run/ERR204/ERR204908/NA20527.3.M_120202_3_1.fastq.gz;ftp.sra.ebi.ac.uk/vol1/run/ERR204/ERR204908/NA20527.3.M_120202_3_2.fastq.gz	3ca66172f000930a2b3f1db84746d044;4e04b2af80f7d436141d38a0fb6d7302	1057686226;1056258004
ERR204917	ftp.sra.ebi.ac.uk/vol1/run/ERR204/ERR204917/NA19141.1.M_120209_1_1.fastq.gz;ftp.sra.ebi.ac.uk/vol1/run/ERR204/ERR204917/NA19141.1.M_120209_1_2.fastq.gz	85dca31c8925458a39b800bd40c1bac0;b62c4fab4b2d0fb23e3c59368e01b532	1293094883;1313602360
ERR204920	ftp.sra.ebi.ac.uk/vol1/run/ERR204/ERR204920/HG00119.1.M_120209_3_1.fastq.gz;ftp.sra.ebi.ac.uk/vol1/run/ERR204/ERR204920/HG00119.1.M_120209_3_2.fastq.gz	030f7c5e4c065e938266b3f19225ed2f;60ad9c432733aa68b3bc366b53d681e4	1290280145;1311852451
ERR204922	ftp.sra.ebi.ac.uk/vol1/run/ERR204/ERR204922/NA19131.1.M_120209_3_1.fastq.gz;ftp.sra.ebi.ac.uk/vol1/run/ERR204/ERR204922/NA19131.1.M_120209_3_2.fastq.gz	44036b78bf209bc092daa84c7df8a547;b10b96fb527ee09bcdcec3d8c75c2fbf	1177217314;1201454167
ERR204926	ftp.sra.ebi.ac.uk/vol1/run/ERR204/ERR204926/NA10851.1.M_120209_1_1.fastq.gz;ftp.sra.ebi.ac.uk/vol1/run/ERR204/ERR204926/NA10851.1.M_120209_1_2.fastq.gz	ceeb151fc7733b12b94e6c560bc78716;e16a7f7d673c04fbc3345705f41600cf	982985712;998940214
ERR204956	ftp.sra.ebi.ac.uk/vol1/run/ERR204/ERR204956/NA19209.1.M_120209_2_1.fastq.gz;ftp.sra.ebi.ac.uk/vol1/run/ERR204/ERR204956/NA19209.1.M_120209_2_2.fastq.gz	1724f99bf5f60d6ae01faa22aa62ba70;a14eba70d23eb4173fb633e846139518	1182242874;1199614218
ERR204958	ftp.sra.ebi.ac.uk/vol1/run/ERR204/ERR204958/NA07051.1.M_120209_6_1.fastq.gz;ftp.sra.ebi.ac.uk/vol1/run/ERR204/ERR204958/NA07051.1.M_120209_6_2.fastq.gz	02be93e88e12ed37d769df1aa1cfda13;7fff1ec2f17404e27cea1e8969815039	952552816;968580866
ERR204968	ftp.sra.ebi.ac.uk/vol1/run/ERR204/ERR204968/NA06986.6.M_120119_4_1.fastq.gz;ftp.sra.ebi.ac.uk/vol1/run/ERR204/ERR204968/NA06986.6.M_120119_4_2.fastq.gz	d320fc6ced367ab3da36998ac1561d47;3f7fb64d3675fc18556497c7fb492515	1767505517;1797229558
ERR204974	ftp.sra.ebi.ac.uk/vol1/run/ERR204/ERR204974/NA12234.1.M_120209_8_1.fastq.gz;ftp.sra.ebi.ac.uk/vol1/run/ERR204/ERR204974/NA12234.1.M_120209_8_2.fastq.gz	f7e10dbc1e9bbc1e0792dd8fb08f6813;35d753b29d38d0ac42693e57ed807c16	1104728064;1122520123
ERR204979	ftp.sra.ebi.ac.uk/vol1/run/ERR204/ERR204979/NA12282.1.M_120209_6_1.fastq.gz;ftp.sra.ebi.ac.uk/vol1/run/ERR204/ERR204979/NA12282.1.M_120209_6_2.fastq.gz	5deec4cfc1b48328b0858feb8f8dbc8a;d907d08f68356499485b4786b000c03b	834733981;849812186
ERR204982	ftp.sra.ebi.ac.uk/vol1/run/ERR204/ERR204982/HG00142.1.M_120209_7_1.fastq.gz;ftp.sra.ebi.ac.uk/vol1/run/ERR204/ERR204982/HG00142.1.M_120209_7_2.fastq.gz	8913ed9ec46390e6b4ebed5bbd75abf0;28704ea82a3c75735f998e20498570c1	1288985913;1304279711
ERR204983	ftp.sra.ebi.ac.uk/vol1/run/ERR204/ERR204983/NA12762.1.M_120209_5_1.fastq.gz;ftp.sra.ebi.ac.uk/vol1/run/ERR204/ERR204983/NA12762.1.M_120209_5_2.fastq.gz	4e462de838226abea2f7fa0bd68a3c2b;9604279660277e2dff5b75ccba6a77ee	1166960324;1177215073
ERR204986	ftp.sra.ebi.ac.uk/vol1/run/ERR204/ERR204986/NA12872.1.M_120209_3_1.fastq.gz;ftp.sra.ebi.ac.uk/vol1/run/ERR204/ERR204986/NA12872.1.M_120209_3_2.fastq.gz	45c390ea1749397a791acfe7579da7ef;ab59f36873f2c6d35e59cb5afb4118d3	1055550866;1076963348
ERR204996	ftp.sra.ebi.ac.uk/vol1/run/ERR204/ERR204996/NA18511.1.M_120209_1_1.fastq.gz;ftp.sra.ebi.ac.uk/vol1/run/ERR204/ERR204996/NA18511.1.M_120209_1_2.fastq.gz	1f2fda10e3f8d12d4c4f9eb2c25ed992;bc263d89dc624a20c3638abe0d6ee6f3	892616322;907957982
ERR204997	ftp.sra.ebi.ac.uk/vol1/run/ERR204/ERR204997/NA19190.1.M_120209_8_1.fastq.gz;ftp.sra.ebi.ac.uk/vol1/run/ERR204/ERR204997/NA19190.1.M_120209_8_2.fastq.gz	e5b337a89636e9bbbe6f0fd808eb1992;e30009f640c2593384d92ee1bcf50595	1229680482;1249221184
ERR205006	ftp.sra.ebi.ac.uk/vol1/run/ERR205/ERR205006/HG00117.1.M_120209_1_1.fastq.gz;ftp.sra.ebi.ac.uk/vol1/run/ERR205/ERR205006/HG00117.1.M_120209_1_2.fastq.gz	e48af1a9907d9078ec2c4bc71c7a2a21;857b723a1dc160637564015ef6a60cc0	2021005548;2047203650
ERR205012	ftp.sra.ebi.ac.uk/vol1/run/ERR205/ERR205012/NA20786.1.M_120209_8_1.fastq.gz;ftp.sra.ebi.ac.uk/vol1/run/ERR205/ERR205012/NA20786.1.M_120209_8_2.fastq.gz	7b79c2fee88cd99408cf3f1f9055c34f;7a664a724d46923b2744705c684ab2fa	1057485146;1069310561
ERR205016	ftp.sra.ebi.ac.uk/vol1/run/ERR205/ERR205016/HG00237.4.M_120208_1_1.fastq.gz;ftp.sra.ebi.ac.uk/vol1/run/ERR205/ERR205016/HG00237.4.M_120208_1_2.fastq.gz	7339f69b2dbfe5279fc9d01b7ccfe288;1364f43af5244d94210dc5ffd23567cc	3488632000;3481262726
ERR205019	ftp.sra.ebi.ac.uk/vol1/run/ERR205/ERR205019/NA18502.1.M_120209_6_1.fastq.gz;ftp.sra.ebi.ac.uk/vol1/run/ERR205/ERR205019/NA18502.1.M_120209_6_2.fastq.gz	38243ef7095654931be81670169cac48;16055073c9d9efec6442094e85396b8c	966213343;984042249
ERR205022	ftp.sra.ebi.ac.uk/vol1/run/ERR205/ERR205022/NA12156.1.M_120209_7_1.fastq.gz;ftp.sra.ebi.ac.uk/vol1/run/ERR205/ERR205022/NA12156.1.M_120209_7_2.fastq.gz	c800e029e19deaa2b322f258f007d561;dcfb992b297ddaab004cd4e87764b5e6	1435046769;1454826435
ERR188021	ftp.sra.ebi.ac.uk/vol1/run/ERR188/ERR188021/NA20508.1.M_111124_2_1.fastq.gz;ftp.sra.ebi.ac.uk/vol1/run/ERR188/ERR188021/NA20508.1.M_111124_2_2.fastq.gz	8eddf3b00c3b1fbcc34d6eb98a83e53b;99e517e8687c3f3f884ec254d6fccfe2	2356039809;2378082514
ERR188022	ftp.sra.ebi.ac.uk/vol1/run/ERR188/ERR188022/NA12812.1.M_111124_4_1.fastq.gz;ftp.sra.ebi.ac.uk/vol1/run/ERR188/ERR188022/NA12812.1.M_111124_4_2.fastq.gz	4caaf5cd1ce630ffe3ee16a6339bad6c;91c52d61126bf70c809f09cab608627c	1585631212;1596787497
ERR188027	ftp.sra.ebi.ac.uk/vol1/run/ERR188/ERR188027/NA07056.1.M_111124_3_1.fastq.gz;ftp.sra.ebi.ac.uk/vol1/run/ERR188/ERR188027/NA07056.1.M_111124_3_2.fastq.gz	f04be361516eda680f76a819edfe7272;73bed69a3591e35865eede8a4ee7b214	2085311539;2114006416
ERR188029	ftp.sra.ebi.ac.uk/vol1/run/ERR188/ERR188029/HG00355.2.M_111215_6_1.fastq.gz;ftp.sra.ebi.ac.uk/vol1/run/ERR188/ERR188029/HG00355.2.M_111215_6_2.fastq.gz	3a759d18cc3e74ff651e81e8092ae2fb;b375f0738fedc21675d15fdf0ed9e421	3174747485;3187991086
ERR188033	ftp.sra.ebi.ac.uk/vol1/run/ERR188/ERR188033/HG00336.1.M_120209_2_1.fastq.gz;ftp.sra.ebi.ac.uk/vol1/run/ERR188/ERR188033/HG00336.1.M_120209_2_2.fastq.gz	0a855574069f9035905cb3bb3ee5e67c;ac4b3ba60d81b8cbda80ac6427d78b79	1805455216;1832863412
ERR188040	ftp.sra.ebi.ac.uk/vol1/run/ERR188/ERR188040/HG00096.1.M_111124_6_1.fastq.gz;ftp.sra.ebi.ac.uk/vol1/run/ERR188/ERR188040/HG00096.1.M_111124_6_2.fastq.gz	9341fb9158e890d990cbfd7b8cef7c91;2f7b9029b267ca61e1ca69eec56cb7fc	1895969413;1930116879
ERR188041	ftp.sra.ebi.ac.uk/vol1/run/ERR188/ERR188041/HG00157.5.M_120131_3_1.fastq.gz;ftp.sra.ebi.ac.uk/vol1/run/ERR188/ERR188041/HG00157.5.M_120131_3_2.fastq.gz	9a0a63dac547d6a4ec8de1d6dcc90533;0e3149e7e91cc8588f78cb06c7e05bb2	2675081779;2681486301
ERR188042	ftp.sra.ebi.ac.uk/vol1/run/ERR188/ERR188042/NA19204.1.M_111124_6_1.fastq.gz;ftp.sra.ebi.ac.uk/vol1/run/ERR188/ERR188042/NA19204.1.M_111124_6_2.fastq.gz	cd2f03cff9f740f75be59e9179daf25e;6e13516e3b3b4ac1523cd6a3cbb13bc7	1752809488;1778849407
ERR188053	ftp.sra.ebi.ac.uk/vol1/run/ERR188/ERR188053/HG00242.3.M_120202_7_1.fastq.gz;ftp.sra.ebi.ac.uk/vol1/run/ERR188/ERR188053/HG00242.3.M_120202_7_2.fastq.gz	9cdb73d69875e34f6f3ba00cb93b0a88;e42bbdd5451e52ffca42eb392e134d5b	1855208995;1830422991
ERR188056	ftp.sra.ebi.ac.uk/vol1/run/ERR188/ERR188056/HG00331.7.M_120219_8_1.fastq.gz;ftp.sra.ebi.ac.uk/vol1/run/ERR188/ERR188056/HG00331.7.M_120219_8_2.fastq.gz	81ded15a83fe62d42553dbba44ffd25d;9a10e1cd742d9bf0eea8c5202f125885	2939412594;2939250699
ERR188059	ftp.sra.ebi.ac.uk/vol1/run/ERR188/ERR188059/HG00125.1.M_111124_6_1.fastq.gz;ftp.sra.ebi.ac.uk/vol1/run/ERR188/ERR188059/HG00125.1.M_111124_6_2.fastq.gz	77ff74f2ed68f6900bd63097ff896d48;2696889baaadfdb8f4cc78fdb006e973	1974004488;2022581685
ERR188064	ftp.sra.ebi.ac.uk/vol1/run/ERR188/ERR188064/NA19144.1.M_120209_1_1.fastq.gz;ftp.sra.ebi.ac.uk/vol1/run/ERR188/ERR188064/NA19144.1.M_120209_1_2.fastq.gz	83ec539148183ea3801a9c78932a36dd;f47ac169f04f6b0b9e3d2d19e906fd9e	1232631068;1253602539
ERR188079	ftp.sra.ebi.ac.uk/vol1/run/ERR188/ERR188079/NA20778.4.M_120208_1_1.fastq.gz;ftp.sra.ebi.ac.uk/vol1/run/ERR188/ERR188079/NA20778.4.M_120208_1_2.fastq.gz	f3630a3b523b372bffcd8a9b32649785;bbad61e3129b02262c9ec12d0599d51d	641425495;643870393
ERR188095	ftp.sra.ebi.ac.uk/vol1/run/ERR188/ERR188095/HG00137.6.M_120217_1_1.fastq.gz;ftp.sra.ebi.ac.uk/vol1/run/ERR188/ERR188095/HG00137.6.M_120217_1_2.fastq.gz	51cbdbb5b9a834fec6101c3d634a480e;7ff1b662ef894ae2c5d5b766cab2a5e9	1661674516;1635046737
ERR188097	ftp.sra.ebi.ac.uk/vol1/run/ERR188/ERR188097/NA18511.7.M_120219_2_1.fastq.gz;ftp.sra.ebi.ac.uk/vol1/run/ERR188/ERR188097/NA18511.7.M_120219_2_2.fastq.gz	c28d4c85e0e42a4929905b9871b957b1;b4c00858e9fa14dec7ce9860cff84766	4254785864;4275618276
ERR188101	ftp.sra.ebi.ac.uk/vol1/run/ERR188/ERR188101/NA10847.4.M_120208_4_1.fastq.gz;ftp.sra.ebi.ac.uk/vol1/run/ERR188/ERR188101/NA10847.4.M_120208_4_2.fastq.gz	a42ecc1a0fe3937ea13215e67179fd83;b6fdbdbea062dbde7fcaf8697bfdc9d9	2199534975;2198198648
ERR188104	ftp.sra.ebi.ac.uk/vol1/run/ERR188/ERR188104/NA19146.5.M_120131_5_1.fastq.gz;ftp.sra.ebi.ac.uk/vol1/run/ERR188/ERR188104/NA19146.5.M_120131_5_2.fastq.gz	f90389925a212e958441d47b13a4c5fe;07c7d20d9e17cc6ec2b5cb7f83add6c7	2266318372;2281680650
ERR188106	ftp.sra.ebi.ac.uk/vol1/run/ERR188/ERR188106/HG00247.3.M_120202_1_1.fastq.gz;ftp.sra.ebi.ac.uk/vol1/run/ERR188/ERR188106/HG00247.3.M_120202_1_2.fastq.gz	6a4b837b4141d66c32ea2f25edc11b68;fcf12d95c4ffabcf971abd8b1eb67657	2044856559;2025815482
ERR188108	ftp.sra.ebi.ac.uk/vol1/run/ERR188/ERR188108/NA20754.4.M_120208_1_1.fastq.gz;ftp.sra.ebi.ac.uk/vol1/run/ERR188/ERR188108/NA20754.4.M_120208_1_2.fastq.gz	90fda77cd7b146e07b0a769d0917d2d8;87098fc385b0b6ec499630b14aaaef04	1808230103;1811993299
ERR188110	ftp.sra.ebi.ac.uk/vol1/run/ERR188/ERR188110/NA20760.3.M_120202_5_1.fastq.gz;ftp.sra.ebi.ac.uk/vol1/run/ERR188/ERR188110/NA20760.3.M_120202_5_2.fastq.gz	175c13564c112a56926a2e8d05b3f1b9;1f993bee20ff1a904b3f956cfc791c32	1485104930;1479821144
ERR188121	ftp.sra.ebi.ac.uk/vol1/run/ERR188/ERR188121/HG00311.4.M_120208_6_1.fastq.gz;ftp.sra.ebi.ac.uk/vol1/run/ERR188/ERR188121/HG00311.4.M_120208_6_2.fastq.gz	c13d3a3c8f7313962515c3dc9c6c385f;f745d89e10dece08ce90272d7ebee5fa	1925542876;1926401985
ERR188122	ftp.sra.ebi.ac.uk/vol1/run/ERR188/ERR188122/NA11894.2.M_111215_4_1.fastq.gz;ftp.sra.ebi.ac.uk/vol1/run/ERR188/ERR188122/NA11894.2.M_111215_4_2.fastq.gz	cc754bf1a0bdb7e1e5c997a62cb38dcd;50a9de83ba50dd7dcaa5cce7aaf22e38	2505216446;2518562378
ERR188128	ftp.sra.ebi.ac.uk/vol1/run/ERR188/ERR188128/NA19092.1.M_111124_3_1.fastq.gz;ftp.sra.ebi.ac.uk/vol1/run/ERR188/ERR188128/NA19092.1.M_111124_3_2.fastq.gz	ed88b3ae6e80380a674738431b53554f;7b7f1ee766b0ae32238c166e0b0a188e	2413361938;2448269807
ERR188129	ftp.sra.ebi.ac.uk/vol1/run/ERR188/ERR188129/NA19197.3.M_120202_2_1.fastq.gz;ftp.sra.ebi.ac.uk/vol1/run/ERR188/ERR188129/NA19197.3.M_120202_2_2.fastq.gz	ef510fe2f555c290896aa494088cf4d0;ceed8d8cab41a2c792a60b0baad042db	1599540783;1603605459
ERR188139	ftp.sra.ebi.ac.uk/vol1/run/ERR188/ERR188139/NA18917.1.M_111124_5_1.fastq.gz;ftp.sra.ebi.ac.uk/vol1/run/ERR188/ERR188139/NA18917.1.M_111124_5_2.fastq.gz	cf00f938833340fe3928a7f352d50028;cda5c997868ee621a8c90c2a40141ebc	1900039721;1912881289
ERR188141	ftp.sra.ebi.ac.uk/vol1/run/ERR188/ERR188141/HG00343.1.M_111124_5_1.fastq.gz;ftp.sra.ebi.ac.uk/vol1/run/ERR188/ERR188141/HG00343.1.M_111124_5_2.fastq.gz	ef4bbb8d1b6ae4f450b7799270e1f5ac;30f48cb4b115311d61317fb4c54e7120	2538907700;2565079424
ERR188142	ftp.sra.ebi.ac.uk/vol1/run/ERR188/ERR188142/NA12287.3.M_120202_3_1.fastq.gz;ftp.sra.ebi.ac.uk/vol1/run/ERR188/ERR188142/NA12287.3.M_120202_3_2.fastq.gz	aa7fde28a86d91deb25ab6e86405f257;2b5f218f9328f742dfcf486da3018f7c	1320513918;1321600708
ERR188147	ftp.sra.ebi.ac.uk/vol1/run/ERR188/ERR188147/NA20804.4.M_120208_1_1.fastq.gz;ftp.sra.ebi.ac.uk/vol1/run/ERR188/ERR188147/NA20804.4.M_120208_1_2.fastq.gz	05b62c1566a534996f48eaff5f114ec3;f2897c662e3f10433241e25980f654ae	2044699346;2060077729
ERR188152	ftp.sra.ebi.ac.uk/vol1/run/ERR188/ERR188152/NA12751.2.M_111215_8_1.fastq.gz;ftp.sra.ebi.ac.uk/vol1/run/ERR188/ERR188152/NA12751.2.M_111215_8_2.fastq.gz	372f398ff5fe44397e4ad2fe53545a8a;3a2288ca09bba572108565c95e40d948	2879253525;2902555364
ERR188154	ftp.sra.ebi.ac.uk/vol1/run/ERR188/ERR188154/HG00251.2.M_111216_8_1.fastq.gz;ftp.sra.ebi.ac.uk/vol1/run/ERR188/ERR188154/HG00251.2.M_111216_8_2.fastq.gz	c8edb140ab9b18d6a38e84324efd6192;7b5d0db535197101330d6add53f76741	2603528499;2608910867
ERR188155	ftp.sra.ebi.ac.uk/vol1/run/ERR188/ERR188155/NA20790.2.M_111215_6_1.fastq.gz;ftp.sra.ebi.ac.uk/vol1/run/ERR188/ERR188155/NA20790.2.M_111215_6_2.fastq.gz	bfb9a0770135f58a3c970a29582cb871;80b972e9eb4acd793c94860eb7d80644	2135197813;2142955549
ERR188166	ftp.sra.ebi.ac.uk/vol1/run/ERR188/ERR188166/HG00108.7.M_120219_2_1.fastq.gz;ftp.sra.ebi.ac.uk/vol1/run/ERR188/ERR188166/HG00108.7.M_120219_2_2.fastq.gz	711e6dd6d06b77bfdd827f45c463b7b4;f595f1fd8f7ff6ade86dfe52e39871d4	3216164746;3237794402
ERR188174	ftp.sra.ebi.ac.uk/vol1/run/ERR188/ERR188174/NA19198.2.M_111215_6_1.fastq.gz;ftp.sra.ebi.ac.uk/vol1/run/ERR188/ERR188174/NA19198.2.M_111215_6_2.fastq.gz	983faa0b50569161e2ab674907b2813a;801994b57e8ee507035e53583d68820d	2584183234;2622028228
ERR188185	ftp.sra.ebi.ac.uk/vol1/run/ERR188/ERR188185/HG00260.5.M_120131_7_1.fastq.gz;ftp.sra.ebi.ac.uk/vol1/run/ERR188/ERR188185/HG00260.5.M_120131_7_2.fastq.gz	2044fc92578a600efccddfdd03f94997;5168f41579ff27711a402acc4bd15aed	2193105923;2201394539
ERR188186	ftp.sra.ebi.ac.uk/vol1/run/ERR188/ERR188186/HG00115.6.M_120119_1_1.fastq.gz;ftp.sra.ebi.ac.uk/vol1/run/ERR188/ERR188186/HG00115.6.M_120119_1_2.fastq.gz	d9807b1707b87a662e9fb625b37069f6;542b4277599b7802db730aa92f6a6480	1846035848;1860967287
ERR188190	ftp.sra.ebi.ac.uk/vol1/run/ERR188/ERR188190/HG00171.3.M_120202_2_1.fastq.gz;ftp.sra.ebi.ac.uk/vol1/run/ERR188/ERR188190/HG00171.3.M_120202_2_2.fastq.gz	fd2b29c0385fa2ca55c090d297258812;6e1520dbd1ba12fc73c8ea99891a3081	1167365986;1181812710
ERR188194	ftp.sra.ebi.ac.uk/vol1/run/ERR188/ERR188194/HG00284.1.M_111124_6_1.fastq.gz;ftp.sra.ebi.ac.uk/vol1/run/ERR188/ERR188194/HG00284.1.M_111124_6_2.fastq.gz	e349895ac03ef0e360ce8c9253809fc7;336c70678188577b780a1dc17a04ebad	2289659539;2329167090
ERR188205	ftp.sra.ebi.ac.uk/vol1/run/ERR188/ERR188205/HG00310.4.M_120208_3_1.fastq.gz;ftp.sra.ebi.ac.uk/vol1/run/ERR188/ERR188205/HG00310.4.M_120208_3_2.fastq.gz	048d44db3f040ef6eab5d31a583d7a6b;d370dc595e5afe2748839248bab205dc	2289261842;2308224462
ERR188211	ftp.sra.ebi.ac.uk/vol1/run/ERR188/ERR188211/NA19175.4.M_120208_8_1.fastq.gz;ftp.sra.ebi.ac.uk/vol1/run/ERR188/ERR188211/NA19175.4.M_120208_8_2.fastq.gz	fe2637b562fe32aec9a803c2aa12db4e;8f5adf0d586f90df8e0aff6b95851508	2152571038;2171110203
ERR188213	ftp.sra.ebi.ac.uk/vol1/run/ERR188/ERR188213/NA06986.2.M_111215_4_1.fastq.gz;ftp.sra.ebi.ac.uk/vol1/run/ERR188/ERR188213/NA06986.2.M_111215_4_2.fastq.gz	62153f9c313ab6412fc253d5040bc633;a2991c13e913024c68eed357252495fa	2548234839;2562516676
ERR188214	ftp.sra.ebi.ac.uk/vol1/run/ERR188/ERR188214/NA18486.7.M_120219_4_1.fastq.gz;ftp.sra.ebi.ac.uk/vol1/run/ERR188/ERR188214/NA18486.7.M_120219_4_2.fastq.gz	b5a38eefdf06bd5706a73497e339f0bc;5924f503602188f0010f0b7635f91828	3639547443;3691631036
ERR188216	ftp.sra.ebi.ac.uk/vol1/run/ERR188/ERR188216/NA12873.7.M_120219_1_1.fastq.gz;ftp.sra.ebi.ac.uk/vol1/run/ERR188/ERR188216/NA12873.7.M_120219_1_2.fastq.gz	310d1af17857a7d7b55a87306a80a8d6;693888b5c5bbb138e0bb2fc7d3407f29	2817773819;2802421167
ERR188225	ftp.sra.ebi.ac.uk/vol1/run/ERR188/ERR188225/NA19152.4.M_120208_4_1.fastq.gz;ftp.sra.ebi.ac.uk/vol1/run/ERR188/ERR188225/NA19152.4.M_120208_4_2.fastq.gz	8ed6657fa0ea94a748eeec0fb0a7b48b;93fa85eac091f7bec836d6b3484de2fd	2062207477;2065014885
ERR188231	ftp.sra.ebi.ac.uk/vol1/run/ERR188/ERR188231/HG00097.7.M_120219_2_1.fastq.gz;ftp.sra.ebi.ac.uk/vol1/run/ERR188/ERR188231/HG00097.7.M_120219_2_2.fastq.gz	fc37f30adfa957ae90c7f04f82c4ac64;c484f22dd1474c71a1ab2bae9ae94eb4	3481430314;3506461671
ERR188234	ftp.sra.ebi.ac.uk/vol1/run/ERR188/ERR188234/NA19116.2.M_111215_7_1.fastq.gz;ftp.sra.ebi.ac.uk/vol1/run/ERR188/ERR188234/NA19116.2.M_111215_7_2.fastq.gz	fcfd58663574f7623f26457f755aed90;038c9e2eab107cf431388b3c7029b502	3166308016;3179725212
ERR188244	ftp.sra.ebi.ac.uk/vol1/run/ERR188/ERR188244/NA12718.1.M_111124_7_1.fastq.gz;ftp.sra.ebi.ac.uk/vol1/run/ERR188/ERR188244/NA12718.1.M_111124_7_2.fastq.gz	bedd71709422a8f05dc184fdbb355a55;cce7cb34aef700af025f9a35785deae4	2342279471;2350681684
ERR188261	ftp.sra.ebi.ac.uk/vol1/run/ERR188/ERR188261/NA19108.5.M_120131_7_1.fastq.gz;ftp.sra.ebi.ac.uk/vol1/run/ERR188/ERR188261/NA19108.5.M_120131_7_2.fastq.gz	fc525cfddc89baae020c3a9891a17492;898d5383dd28d9f5b0ab81a03d751478	3315681363;3319928906
ERR188272	ftp.sra.ebi.ac.uk/vol1/run/ERR188/ERR188272/NA11881.1.M_111124_5_1.fastq.gz;ftp.sra.ebi.ac.uk/vol1/run/ERR188/ERR188272/NA11881.1.M_111124_5_2.fastq.gz	43835f77a884e6c37574b3f7883f6f2d;92abb415934f998998b8e737350a2996	2365698076;2381518480
ERR188276	ftp.sra.ebi.ac.uk/vol1/run/ERR188/ERR188276/NA20758.2.M_111215_8_1.fastq.gz;ftp.sra.ebi.ac.uk/vol1/run/ERR188/ERR188276/NA20758.2.M_111215_8_2.fastq.gz	992c5a83430e18effca2cc7346ec52ee;1ccdc7e544fa99dd240502a8b1b54bad	3263760681;3310491170
ERR188284	ftp.sra.ebi.ac.uk/vol1/run/ERR188/ERR188284/NA19223.7.M_120219_6_1.fastq.gz;ftp.sra.ebi.ac.uk/vol1/run/ERR188/ERR188284/NA19223.7.M_120219_6_2.fastq.gz	35b369f22d67816e0bcc6b990165bbe9;63685007a0a45c6cf5ae975fdc2c1585	3623627829;3656901259
ERR188288	ftp.sra.ebi.ac.uk/vol1/run/ERR188/ERR188288/NA20507.1.M_111124_7_1.fastq.gz;ftp.sra.ebi.ac.uk/vol1/run/ERR188/ERR188288/NA20507.1.M_111124_7_2.fastq.gz	e192b61b2f6db0b5f915cbadad93d965;75d0725b7ec6932136b883888bf40624	1872846238;1893464829
ERR188301	ftp.sra.ebi.ac.uk/vol1/run/ERR188/ERR188301/NA11994.2.M_111216_7_1.fastq.gz;ftp.sra.ebi.ac.uk/vol1/run/ERR188/ERR188301/NA11994.2.M_111216_7_2.fastq.gz	9ebbe6040533e129eaacd1a621952121;481236542ba104cae72198bc7834a809	3481512101;3490676809
ERR188306	ftp.sra.ebi.ac.uk/vol1/run/ERR188/ERR188306/NA19138.3.M_120202_8_1.fastq.gz;ftp.sra.ebi.ac.uk/vol1/run/ERR188/ERR188306/NA19138.3.M_120202_8_2.fastq.gz	e7adcbc41c880193c0236dc5044ddd3b;d39fdc83862568ad1abc4fb27c5549da	1616923379;1611170481
ERR188310	ftp.sra.ebi.ac.uk/vol1/run/ERR188/ERR188310/HG00124.3.M_120223_7_1.fastq.gz;ftp.sra.ebi.ac.uk/vol1/run/ERR188/ERR188310/HG00124.3.M_120223_7_2.fastq.gz	0e07a7fbdb4bed342aad1835404fd513;7420aa180f6e6a3d855068523dcf5f64	2269025327;2359310740
ERR188313	ftp.sra.ebi.ac.uk/vol1/run/ERR188/ERR188313/NA18873.4.M_120208_7_1.fastq.gz;ftp.sra.ebi.ac.uk/vol1/run/ERR188/ERR188313/NA18873.4.M_120208_7_2.fastq.gz	ab98621ce861c6613646d361a27cf0f4;01673ac2cd02d278714b240c3b676696	1892745534;1888213485
ERR188330	ftp.sra.ebi.ac.uk/vol1/run/ERR188/ERR188330/HG00379.5.M_120131_3_1.fastq.gz;ftp.sra.ebi.ac.uk/vol1/run/ERR188/ERR188330/HG00379.5.M_120131_3_2.fastq.gz	724263798addedba0a8fc9b9328bc4e6;570a63d204f073de50087ce5124d3e6d	2274470207;2274292149
ERR188334	ftp.sra.ebi.ac.uk/vol1/run/ERR188/ERR188334/NA20543.2.M_111215_5_1.fastq.gz;ftp.sra.ebi.ac.uk/vol1/run/ERR188/ERR188334/NA20543.2.M_111215_5_2.fastq.gz	5a60c141b834f9155eb7e40ae0a1c406;0511ad65cddb0bb96b9b8afa095e143c	2195033719;2205332018
ERR188347	ftp.sra.ebi.ac.uk/vol1/run/ERR188/ERR188347/NA20525.1.M_111124_1_1.fastq.gz;ftp.sra.ebi.ac.uk/vol1/run/ERR188/ERR188347/NA20525.1.M_111124_1_2.fastq.gz	9af6112f1c78c328e937ca953496ab83;436e600e58c204ec6afcb09d89aa8c89	2003643300;2024472617
ERR188348	ftp.sra.ebi.ac.uk/vol1/run/ERR188/ERR188348/NA11995.7.M_120219_5_1.fastq.gz;ftp.sra.ebi.ac.uk/vol1/run/ERR188/ERR188348/NA11995.7.M_120219_5_2.fastq.gz	3872cb64d77ab6c93c5077c80d477e7c;240490248f56e4eb07f6016eefecbab9	2134524133;2162689684
ERR188352	ftp.sra.ebi.ac.uk/vol1/run/ERR188/ERR188352/NA18909.4.M_120208_8_1.fastq.gz;ftp.sra.ebi.ac.uk/vol1/run/ERR188/ERR188352/NA18909.4.M_120208_8_2.fastq.gz	032db58e30b08c9a6f7e8016864731d9;27168fcf967e9a0a737b1bd95406750b	2107923924;2110896765
ERR188355	ftp.sra.ebi.ac.uk/vol1/run/ERR188/ERR188355/HG00267.4.M_120208_6_1.fastq.gz;ftp.sra.ebi.ac.uk/vol1/run/ERR188/ERR188355/HG00267.4.M_120208_6_2.fastq.gz	cc04743fc3453deecfdd71f76fa94ed8;83f10a04298f148a3af9fa87328d2141	2039988459;2038052614
ERR188356	ftp.sra.ebi.ac.uk/vol1/run/ERR188/ERR188356/NA20514.1.M_111124_4_1.fastq.gz;ftp.sra.ebi.ac.uk/vol1/run/ERR188/ERR188356/NA20514.1.M_111124_4_2.fastq.gz	5054ecf745a2477c5c154336985e39da;ae3e691947d4591f347258cfd5ca42f9	1840579518;1847884514
ERR188358	ftp.sra.ebi.ac.uk/vol1/run/ERR188/ERR188358/HG00367.2.M_120131_1_1.fastq.gz;ftp.sra.ebi.ac.uk/vol1/run/ERR188/ERR188358/HG00367.2.M_120131_1_2.fastq.gz	f03e20d972747545ecaf16db3932144c;bc667385b42271614ce9b0797d01128f	2852049014;2848272419
ERR188362	ftp.sra.ebi.ac.uk/vol1/run/ERR188/ERR188362/HG00371.1.M_111124_3_1.fastq.gz;ftp.sra.ebi.ac.uk/vol1/run/ERR188/ERR188362/HG00371.1.M_111124_3_2.fastq.gz	6e54c7bffdf8be54561933140c5ef535;fb04d486e24b91169fc40ccd2eec45ae	1814361298;1840817632
ERR188364	ftp.sra.ebi.ac.uk/vol1/run/ERR188/ERR188364/NA19248.5.M_120131_1_1.fastq.gz;ftp.sra.ebi.ac.uk/vol1/run/ERR188/ERR188364/NA19248.5.M_120131_1_2.fastq.gz	f2cbf1f8af4223029525a709e38c7efe;05ffba5fda2a30f40d374135f9ba9adf	2002291281;2054191781
ERR188374	ftp.sra.ebi.ac.uk/vol1/run/ERR188/ERR188374/HG00360.3.M_120202_8_1.fastq.gz;ftp.sra.ebi.ac.uk/vol1/run/ERR188/ERR188374/HG00360.3.M_120202_8_2.fastq.gz	eeb0023a9d261724503f1e9b8a26ff7d;3a7cb3c2e4f0425eb19ba2125c7292ff	1803792028;1797639948
ERR188380	ftp.sra.ebi.ac.uk/vol1/run/ERR188/ERR188380/NA20502.3.M_120202_4_1.fastq.gz;ftp.sra.ebi.ac.uk/vol1/run/ERR188/ERR188380/NA20502.3.M_120202_4_2.fastq.gz	f321432d67c1430baffef2313306b332;c0318166c9df6e70c4e55ad054f92a30	1799534047;1793598436
ERR188385	ftp.sra.ebi.ac.uk/vol1/run/ERR188/ERR188385/HG00138.5.M_120131_5_1.fastq.gz;ftp.sra.ebi.ac.uk/vol1/run/ERR188/ERR188385/HG00138.5.M_120131_5_2.fastq.gz	97ef653eeed41948d9b3c61e54970052;023a50c2edd6c850c7b80e6f5ce96e5b	1948089796;1988243586
ERR188386	ftp.sra.ebi.ac.uk/vol1/run/ERR188/ERR188386/NA20521.7.M_120219_7_1.fastq.gz;ftp.sra.ebi.ac.uk/vol1/run/ERR188/ERR188386/NA20521.7.M_120219_7_2.fastq.gz	f5ceb7de3be0fda6048900ec49ec210d;f1c89afbea5d2da892abd34de4954326	1812056602;1830333471
ERR188388	ftp.sra.ebi.ac.uk/vol1/run/ERR188/ERR188388/NA12341.1.M_111124_5_1.fastq.gz;ftp.sra.ebi.ac.uk/vol1/run/ERR188/ERR188388/NA12341.1.M_111124_5_2.fastq.gz	92f05f3c00720a55bc3b941681ee3693;1402e3836b2630c76cb80f781ad5579e	2139427989;2174945369
ERR188390	ftp.sra.ebi.ac.uk/vol1/run/ERR188/ERR188390/NA19235.1.M_111124_6_1.fastq.gz;ftp.sra.ebi.ac.uk/vol1/run/ERR188/ERR188390/NA19235.1.M_111124_6_2.fastq.gz	bcf187f7dd76a1ac4eafbeea57132296;d1e60713e975f57cb5baa846bc1a71c7	2391291089;2429662689
ERR188391	ftp.sra.ebi.ac.uk/vol1/run/ERR188/ERR188391/HG01789.6.M_120119_1_1.fastq.gz;ftp.sra.ebi.ac.uk/vol1/run/ERR188/ERR188391/HG01789.6.M_120119_1_2.fastq.gz	c6adfd289363e41ee596aed05fe67a59;2be251f728a7d93026c765cfe4fb9844	1725953336;1739229878
ERR188398	ftp.sra.ebi.ac.uk/vol1/run/ERR188/ERR188398/NA20535.3.M_120202_2_1.fastq.gz;ftp.sra.ebi.ac.uk/vol1/run/ERR188/ERR188398/NA20535.3.M_120202_2_2.fastq.gz	8f1e4842b6ec83392ef6549b13350968;6c8d8398f5f77ddc0da7da6b8cbedfaf	2026234855;2029927298
ERR188402	ftp.sra.ebi.ac.uk/vol1/run/ERR188/ERR188402/NA20581.1.M_111124_4_1.fastq.gz;ftp.sra.ebi.ac.uk/vol1/run/ERR188/ERR188402/NA20581.1.M_111124_4_2.fastq.gz	596f1ef18e8a1fbf9e0250a279e85d41;0a93c344c2277aead70ad64bb9b4fd1b	1660255116;1674050834
ERR188417	ftp.sra.ebi.ac.uk/vol1/run/ERR188/ERR188417/HG00327.3.M_120202_4_1.fastq.gz;ftp.sra.ebi.ac.uk/vol1/run/ERR188/ERR188417/HG00327.3.M_120202_4_2.fastq.gz	596bc89bda73dc8f73059c2ab21c133b;8b01a85e3046e8a8f6884a22f873e4a3	1493442942;1487336133
ERR188427	ftp.sra.ebi.ac.uk/vol1/run/ERR188/ERR188427/NA19159.3.M_120223_6_1.fastq.gz;ftp.sra.ebi.ac.uk/vol1/run/ERR188/ERR188427/NA19159.3.M_120223_6_2.fastq.gz	df4254956a271129e49ada1af8243c6e;981fcd4a71fbc3e389ca679a8c9837d6	6262500180;6368749785
ERR188437	ftp.sra.ebi.ac.uk/vol1/run/ERR188/ERR188437/NA20803.7.M_120219_1_1.fastq.gz;ftp.sra.ebi.ac.uk/vol1/run/ERR188/ERR188437/NA20803.7.M_120219_1_2.fastq.gz	10cbf28c6f936a29cb2a840ea73d0173;563601294ff03268570fcda1e0702784	4516424927;4494190642
ERR188439	ftp.sra.ebi.ac.uk/vol1/run/ERR188/ERR188439/HG00329.5.M_120131_3_1.fastq.gz;ftp.sra.ebi.ac.uk/vol1/run/ERR188/ERR188439/HG00329.5.M_120131_3_2.fastq.gz	2edd9a1f4f5cf7832ce5b5920c2a6e6e;372840d9558ab3b36c564488c04fd261	1505650980;1537310791
ERR188448	ftp.sra.ebi.ac.uk/vol1/run/ERR188/ERR188448/HG00244.5.M_120131_7_1.fastq.gz;ftp.sra.ebi.ac.uk/vol1/run/ERR188/ERR188448/HG00244.5.M_120131_7_2.fastq.gz	97185e74bae658fbced6d4e1a973935c;1d3668aa0127fcf17fec058edd6a810c	2263829731;2268342458
ERR188450	ftp.sra.ebi.ac.uk/vol1/run/ERR188/ERR188450/HG00235.1.M_111124_1_1.fastq.gz;ftp.sra.ebi.ac.uk/vol1/run/ERR188/ERR188450/HG00235.1.M_111124_1_2.fastq.gz	c2ec9c77b4d5fd7a3f349cdd4ed24b8a;df53ec7d53b3806f26c17f4c808ed0f6	1649874500;1671507947
ERR188455	ftp.sra.ebi.ac.uk/vol1/run/ERR188/ERR188455/HG00146.2.M_111216_1_1.fastq.gz;ftp.sra.ebi.ac.uk/vol1/run/ERR188/ERR188455/HG00146.2.M_111216_1_2.fastq.gz	384fab1884bb9d83594cfc7c9b9657f1;5c098d0f84cd31f11f7999deccc8d409	2366888356;2385642611
ERR188468	ftp.sra.ebi.ac.uk/vol1/run/ERR188/ERR188468/HG00154.5.M_120131_7_1.fastq.gz;ftp.sra.ebi.ac.uk/vol1/run/ERR188/ERR188468/HG00154.5.M_120131_7_2.fastq.gz	f71c28e88b47c95530ac1f96fbd8068f;d888954c4493c1a8818830a36b2e771a	2200010463;2229804068
ERR188476	ftp.sra.ebi.ac.uk/vol1/run/ERR188/ERR188476/NA19093.7.M_120219_7_1.fastq.gz;ftp.sra.ebi.ac.uk/vol1/run/ERR188/ERR188476/NA19093.7.M_120219_7_2.fastq.gz	261137967b32d36ba337931e9db24531;be699c5dae441e4398f7c83392843ded	2536333662;2575305123
ERR188478	ftp.sra.ebi.ac.uk/vol1/run/ERR188/ERR188478/HG01791.2.M_111216_5_1.fastq.gz;ftp.sra.ebi.ac.uk/vol1/run/ERR188/ERR188478/HG01791.2.M_111216_5_2.fastq.gz	18e2caaa8a86f36676f84828e035f7ac;2448e69118a58bde1e6fe85d286253d1	2671581601;2682308012
ERR204820	ftp.sra.ebi.ac.uk/vol1/run/ERR204/ERR204820/NA19223.1.M_120209_1_1.fastq.gz;ftp.sra.ebi.ac.uk/vol1/run/ERR204/ERR204820/NA19223.1.M_120209_1_2.fastq.gz	78de22762e831962be79af37f080ebb4;e6f5451ef5f8ba5e139be83e059ce8d4	1235628997;1251865623
ERR204826	ftp.sra.ebi.ac.uk/vol1/run/ERR204/ERR204826/HG00114.1.M_120209_3_1.fastq.gz;ftp.sra.ebi.ac.uk/vol1/run/ERR204/ERR204826/HG00114.1.M_120209_3_2.fastq.gz	3909ef95e5a6a3efe7c0825ac4e945e5;f0e70693058eb2e55d11b224617517b9	1752000899;1781827527
ERR204828	ftp.sra.ebi.ac.uk/vol1/run/ERR204/ERR204828/NA19129.1.M_120209_6_1.fastq.gz;ftp.sra.ebi.ac.uk/vol1/run/ERR204/ERR204828/NA19129.1.M_120209_6_2.fastq.gz	7c2378da498273643c260b4507d92322;461a2f46389f62a81720ae883de48507	1391756759;1406247540
ERR204833	ftp.sra.ebi.ac.uk/vol1/run/ERR204/ERR204833/NA12873.1.M_120209_7_1.fastq.gz;ftp.sra.ebi.ac.uk/vol1/run/ERR204/ERR204833/NA12873.1.M_120209_7_2.fastq.gz	37ad2a1c01f1b06a13f3489da4c58f2e;9d1214d1c318ab12fab004d6a7370d7f	770218314;784251673
ERR204836	ftp.sra.ebi.ac.uk/vol1/run/ERR204/ERR204836/NA12763.1.M_120209_5_1.fastq.gz;ftp.sra.ebi.ac.uk/vol1/run/ERR204/ERR204836/NA12763.1.M_120209_5_2.fastq.gz	c77a65c1d8904ac72a926409ce35ad4b;b271506004dcee0737023331c4637c77	736333339;744796346
ERR204839	ftp.sra.ebi.ac.uk/vol1/run/ERR204/ERR204839/NA12761.1.M_120209_3_1.fastq.gz;ftp.sra.ebi.ac.uk/vol1/run/ERR204/ERR204839/NA12761.1.M_120209_3_2.fastq.gz	62eadf743c861286d4d79ea7176246ee;0b811fb870971febd3c344b8b68442e5	833498712;849671683
ERR204842	ftp.sra.ebi.ac.uk/vol1/run/ERR204/ERR204842/NA18873.1.M_120209_6_1.fastq.gz;ftp.sra.ebi.ac.uk/vol1/run/ERR204/ERR204842/NA18873.1.M_120209_6_2.fastq.gz	ea4f9a48769b1827d2eb004bc5eb5588;64686bb53bbcd6b5972d3e15d1fd99c2	1031239512;1043820629
ERR204847	ftp.sra.ebi.ac.uk/vol1/run/ERR204/ERR204847/NA19118.1.M_120209_5_1.fastq.gz;ftp.sra.ebi.ac.uk/vol1/run/ERR204/ERR204847/NA19118.1.M_120209_5_2.fastq.gz	c26c4b0863114c0d0a773fa1aafbabd9;8eeac397267ad88d21c42f834a4478f5	1127252843;1144949494
ERR204853	ftp.sra.ebi.ac.uk/vol1/run/ERR204/ERR204853/NA07347.1.M_120209_7_1.fastq.gz;ftp.sra.ebi.ac.uk/vol1/run/ERR204/ERR204853/NA07347.1.M_120209_7_2.fastq.gz	95e5a021df45a3c9485f8c9f30b044a9;6c9531bf25d713c3aa9df86b9471ebb3	1205538814;1245350074
ERR204857	ftp.sra.ebi.ac.uk/vol1/run/ERR204/ERR204857/HG00349.1.M_120209_4_1.fastq.gz;ftp.sra.ebi.ac.uk/vol1/run/ERR204/ERR204857/HG00349.1.M_120209_4_2.fastq.gz	a1b9441238b886776589bb46a8d3e0fb;9cf6c60fac2f0d59c26b64d81e552c2e	1246538169;1248419470
ERR204870	ftp.sra.ebi.ac.uk/vol1/run/ERR204/ERR204870/HG00315.1.M_120209_5_1.fastq.gz;ftp.sra.ebi.ac.uk/vol1/run/ERR204/ERR204870/HG00315.1.M_120209_5_2.fastq.gz	4d55bb1b4d361880dfd8575db98dc854;053c64fc3cb70e193274d6cd2ab4c0ef	711032532;739907258
ERR204872	ftp.sra.ebi.ac.uk/vol1/run/ERR204/ERR204872/HG00338.1.M_120209_3_1.fastq.gz;ftp.sra.ebi.ac.uk/vol1/run/ERR204/ERR204872/HG00338.1.M_120209_3_2.fastq.gz	5275315fff34d3536e5205bc4a679747;8464715a4c96bbfdb1f55859cb0924b6	864022788;879121205
ERR204877	ftp.sra.ebi.ac.uk/vol1/run/ERR204/ERR204877/NA18910.1.M_120209_5_1.fastq.gz;ftp.sra.ebi.ac.uk/vol1/run/ERR204/ERR204877/NA18910.1.M_120209_5_2.fastq.gz	aaa4909e5e7ef682fc7138703b84ce46;0b8d392a7daf3d0c34cbdf513ce6fdac	1159791296;1178512217
ERR204881	ftp.sra.ebi.ac.uk/vol1/run/ERR204/ERR204881/NA07000.1.M_120209_2_1.fastq.gz;ftp.sra.ebi.ac.uk/vol1/run/ERR204/ERR204881/NA07000.1.M_120209_2_2.fastq.gz	16ea0ba1d7687805b47550db47fcdb64;3859be595dc056320fc9c388e875ca60	1806748433;1835464706
ERR204885	ftp.sra.ebi.ac.uk/vol1/run/ERR204/ERR204885/NA11840.1.M_120209_4_1.fastq.gz;ftp.sra.ebi.ac.uk/vol1/run/ERR204/ERR204885/NA11840.1.M_120209_4_2.fastq.gz	1357099358cdffca931a7afde54ec10f;46efa4216fead983fe13832852ec738b	805014699;820391871
ERR204890	ftp.sra.ebi.ac.uk/vol1/run/ERR204/ERR204890/NA20773.1.M_120209_7_1.fastq.gz;ftp.sra.ebi.ac.uk/vol1/run/ERR204/ERR204890/NA20773.1.M_120209_7_2.fastq.gz	b8fe0cb2c5d2f405134c9bf5b0b7f826;30a698954d6ba678ffe58761e0f17697	1115471877;1128903458
ERR204891	ftp.sra.ebi.ac.uk/vol1/run/ERR204/ERR204891/NA19095.7.M_120219_8_1.fastq.gz;ftp.sra.ebi.ac.uk/vol1/run/ERR204/ERR204891/NA19095.7.M_120219_8_2.fastq.gz	7e62dc5621e5d79c8ebd34c939b3ca6c;3ff3b9b2e9151f0d86ddd01ed1d2dfa1	1972439778;1974365848
ERR204892	ftp.sra.ebi.ac.uk/vol1/run/ERR204/ERR204892/NA19121.1.M_120209_6_1.fastq.gz;ftp.sra.ebi.ac.uk/vol1/run/ERR204/ERR204892/NA19121.1.M_120209_6_2.fastq.gz	507d37e229734a2274029759b370579c;6b45055b3336d015bea61f17ba21fbda	1426145798;1455941175
ERR204893	ftp.sra.ebi.ac.uk/vol1/run/ERR204/ERR204893/NA12843.1.M_120209_5_1.fastq.gz;ftp.sra.ebi.ac.uk/vol1/run/ERR204/ERR204893/NA12843.1.M_120209_5_2.fastq.gz	e73546176bc124cea7f407857b8eb976;7e5de21bac006473932bcf876dcca6c8	669703848;682934693
ERR204896	ftp.sra.ebi.ac.uk/vol1/run/ERR204/ERR204896/NA18909.1.M_120209_8_1.fastq.gz;ftp.sra.ebi.ac.uk/vol1/run/ERR204/ERR204896/NA18909.1.M_120209_8_2.fastq.gz	fb33d5b3ddfc447ff136a12c4e1b8086;9ddef4cde2ad753c920c457a36cd1450	1016669064;1029784222
ERR204898	ftp.sra.ebi.ac.uk/vol1/run/ERR204/ERR204898/NA12776.1.M_120209_3_1.fastq.gz;ftp.sra.ebi.ac.uk/vol1/run/ERR204/ERR204898/NA12776.1.M_120209_3_2.fastq.gz	a026105476f230d166055ea80ff666a8;1353c1c053084c6ece1f43d2bf7d14c0	733387933;750502205
ERR204904	ftp.sra.ebi.ac.uk/vol1/run/ERR204/ERR204904/NA19189.1.M_120209_8_1.fastq.gz;ftp.sra.ebi.ac.uk/vol1/run/ERR204/ERR204904/NA19189.1.M_120209_8_2.fastq.gz	eeb4b1bb35c347a401a5a013455dbe79;525ee28751ccecc6906cfd8f8e2df5d4	1271600492;1294247919
ERR204909	ftp.sra.ebi.ac.uk/vol1/run/ERR204/ERR204909/HG00117.4.M_120208_4_1.fastq.gz;ftp.sra.ebi.ac.uk/vol1/run/ERR204/ERR204909/HG00117.4.M_120208_4_2.fastq.gz	55bc4dc78e8d9c02b1fb9578442dd59a;8071d4a1581e3c6d38d4afbd3fd49c81	1757032913;1755905074
ERR204910	ftp.sra.ebi.ac.uk/vol1/run/ERR204/ERR204910/NA12829.1.M_120209_4_1.fastq.gz;ftp.sra.ebi.ac.uk/vol1/run/ERR204/ERR204910/NA12829.1.M_120209_4_2.fastq.gz	bf38e2fecb852969ed98344e42dfae0e;b4569cac23e598d3b4a7aaa37460ee64	854891178;871963535
ERR204923	ftp.sra.ebi.ac.uk/vol1/run/ERR204/ERR204923/NA19214.1.M_120209_7_1.fastq.gz;ftp.sra.ebi.ac.uk/vol1/run/ERR204/ERR204923/NA19214.1.M_120209_7_2.fastq.gz	e6ca4cf0fe4be4d60655d9deb957c461;97205e5663744bcda0271cf5e9a151b8	1412049493;1432079978
ERR204931	ftp.sra.ebi.ac.uk/vol1/run/ERR204/ERR204931/NA11831.1.M_120209_5_1.fastq.gz;ftp.sra.ebi.ac.uk/vol1/run/ERR204/ERR204931/NA11831.1.M_120209_5_2.fastq.gz	0a89c5f9d0c2de50ccc9afb5d6aaadb3;d220f17bde404525486b44102f0cf6ed	1487152917;1512857498
ERR204934	ftp.sra.ebi.ac.uk/vol1/run/ERR204/ERR204934/NA20527.4.M_120208_2_1.fastq.gz;ftp.sra.ebi.ac.uk/vol1/run/ERR204/ERR204934/NA20527.4.M_120208_2_2.fastq.gz	0d94910750569cd2905a7cf7f6be8d8c;9398087cf98ea63e05f9c13ba05b6d96	1945806619;1960402012
ERR204937	ftp.sra.ebi.ac.uk/vol1/run/ERR204/ERR204937/NA20512.1.M_120209_8_1.fastq.gz;ftp.sra.ebi.ac.uk/vol1/run/ERR204/ERR204937/NA20512.1.M_120209_8_2.fastq.gz	d7f0425e4696c29442821da4452c16f5;ae81f98fc71a1d46100d04c2c8cadff6	1289592848;1303572644
ERR204939	ftp.sra.ebi.ac.uk/vol1/run/ERR204/ERR204939/NA12155.1.M_120209_5_1.fastq.gz;ftp.sra.ebi.ac.uk/vol1/run/ERR204/ERR204939/NA12155.1.M_120209_5_2.fastq.gz	3c99f892938f2d7a6a3072be2ceaac42;49d06be8b56e459dfbb65d3431a84f20	1195829596;1207340558
ERR204944	ftp.sra.ebi.ac.uk/vol1/run/ERR204/ERR204944/NA12340.1.M_120209_3_1.fastq.gz;ftp.sra.ebi.ac.uk/vol1/run/ERR204/ERR204944/NA12340.1.M_120209_3_2.fastq.gz	7637362485696226242798c9751fd2a5;fe1be2677a13f517a76ee9603d1ccfe5	1030685408;1049493152
ERR204946	ftp.sra.ebi.ac.uk/vol1/run/ERR204/ERR204946/NA12287.1.M_120209_6_1.fastq.gz;ftp.sra.ebi.ac.uk/vol1/run/ERR204/ERR204946/NA12287.1.M_120209_6_2.fastq.gz	ca86ce6928607fccbec26f433b458055;191d9e8fe5d1e8fc5e0c8c151964df32	858458408;872336901
ERR204950	ftp.sra.ebi.ac.uk/vol1/run/ERR204/ERR204950/HG00117.7.M_120219_4_1.fastq.gz;ftp.sra.ebi.ac.uk/vol1/run/ERR204/ERR204950/HG00117.7.M_120219_4_2.fastq.gz	2fc532acd370ec33afe493863ed87c9f;01a1310914831bc3927cf49df70456bd	2422081708;2445985849
ERR204955	ftp.sra.ebi.ac.uk/vol1/run/ERR204/ERR204955/NA06986.1.M_111124_7_1.fastq.gz;ftp.sra.ebi.ac.uk/vol1/run/ERR204/ERR204955/NA06986.1.M_111124_7_2.fastq.gz	8dc51297038f299cb49d59a673998b57;139f568a2de328092e8588e01f85ed12	1857360861;1864638894
ERR204957	ftp.sra.ebi.ac.uk/vol1/run/ERR204/ERR204957/HG00277.1.M_120209_5_1.fastq.gz;ftp.sra.ebi.ac.uk/vol1/run/ERR204/ERR204957/HG00277.1.M_120209_5_2.fastq.gz	cdda92a68d2a6074c161b49e75a549a3;38aca315f1f4ca8f2126f734cf9a35f0	857768450;874392618
ERR204963	ftp.sra.ebi.ac.uk/vol1/run/ERR204/ERR204963/NA18868.1.M_120209_7_1.fastq.gz;ftp.sra.ebi.ac.uk/vol1/run/ERR204/ERR204963/NA18868.1.M_120209_7_2.fastq.gz	5c64623c67af3523f6f7b37b0c431f45;41b97579aaa3b2796ff2df1d4ab8b7ad	1021433280;1031324655
ERR204964	ftp.sra.ebi.ac.uk/vol1/run/ERR204/ERR204964/NA12348.1.M_120209_3_1.fastq.gz;ftp.sra.ebi.ac.uk/vol1/run/ERR204/ERR204964/NA12348.1.M_120209_3_2.fastq.gz	5c04000cf4f13a111815d2d25a7f229c;460cc647b9c3c8ca1fe178d5f30c295e	722606240;734948475
ERR204965	ftp.sra.ebi.ac.uk/vol1/run/ERR204/ERR204965/NA20527.6.M_120119_5_1.fastq.gz;ftp.sra.ebi.ac.uk/vol1/run/ERR204/ERR204965/NA20527.6.M_120119_5_2.fastq.gz	f63b70a9bc92918d3884d6b900106191;7d73e84e58c69761eeee91f7fc0adee3	1459611351;1473743726
ERR204970	ftp.sra.ebi.ac.uk/vol1/run/ERR204/ERR204970/NA19222.1.M_120209_1_1.fastq.gz;ftp.sra.ebi.ac.uk/vol1/run/ERR204/ERR204970/NA19222.1.M_120209_1_2.fastq.gz	a192280bde438023d966b3544b29e6e8;5e7192e66b4e69954a54770fdff834bd	1196139048;1219080175
ERR204972	ftp.sra.ebi.ac.uk/vol1/run/ERR204/ERR204972/HG00355.3.M_120202_6_1.fastq.gz;ftp.sra.ebi.ac.uk/vol1/run/ERR204/ERR204972/HG00355.3.M_120202_6_2.fastq.gz	4894565641ddbfc568f38e820365ccdb;30e74ed18c56025a5689f95ac85e0582	1544223520;1552703369
ERR204973	ftp.sra.ebi.ac.uk/vol1/run/ERR204/ERR204973/NA12400.1.M_120209_7_1.fastq.gz;ftp.sra.ebi.ac.uk/vol1/run/ERR204/ERR204973/NA12400.1.M_120209_7_2.fastq.gz	03669013f0162b83e38b5e807abb634f;c54f0b1d353f926c5f57ce9604d6697a	862149520;880836088
ERR204975	ftp.sra.ebi.ac.uk/vol1/run/ERR204/ERR204975/HG00117.3.M_120202_6_1.fastq.gz;ftp.sra.ebi.ac.uk/vol1/run/ERR204/ERR204975/HG00117.3.M_120202_6_2.fastq.gz	e4c1faaae29b2bdb95df8dd8f0ce7008;104259f7484417cd93698f6616e4578a	1290961152;1279836822
ERR204977	ftp.sra.ebi.ac.uk/vol1/run/ERR204/ERR204977/NA12775.1.M_120209_4_1.fastq.gz;ftp.sra.ebi.ac.uk/vol1/run/ERR204/ERR204977/NA12775.1.M_120209_4_2.fastq.gz	22bd86a5c134b366b9f5c3cac7acdb8f;ca8f754a7a3ef39ae1261399830cc815	919982028;940308894
ERR204978	ftp.sra.ebi.ac.uk/vol1/run/ERR204/ERR204978/NA20527.1.M_111124_6_1.fastq.gz;ftp.sra.ebi.ac.uk/vol1/run/ERR204/ERR204978/NA20527.1.M_111124_6_2.fastq.gz	df28bcd7458d54157f2e53dc92b668cf;1430e2de4368e466003ae5e361bcc16b	2532793552;3387369698
ERR204984	ftp.sra.ebi.ac.uk/vol1/run/ERR204/ERR204984/HG00133.1.M_120209_5_1.fastq.gz;ftp.sra.ebi.ac.uk/vol1/run/ERR204/ERR204984/HG00133.1.M_120209_5_2.fastq.gz	cb439aa984c0f5e2e77c899efad40dd3;29492282baff8ba9696596f74f2b2af5	1647584542;1672352637
ERR204987	ftp.sra.ebi.ac.uk/vol1/run/ERR204/ERR204987/NA19130.1.M_120209_1_1.fastq.gz;ftp.sra.ebi.ac.uk/vol1/run/ERR204/ERR204987/NA19130.1.M_120209_1_2.fastq.gz	580230f8d03d350e1bd4bd4c1aea5d44;f2d961cdff4c229d7a48377fe6bf0131	1210386845;1235714410
ERR204991	ftp.sra.ebi.ac.uk/vol1/run/ERR204/ERR204991/NA18487.1.M_120209_7_1.fastq.gz;ftp.sra.ebi.ac.uk/vol1/run/ERR204/ERR204991/NA18487.1.M_120209_7_2.fastq.gz	bc12cac85ad62df5fa954ffbf94ca390;4812731d2e32f9435b7da6e7fc5fcf6b	1159204955;1169774950
ERR204993	ftp.sra.ebi.ac.uk/vol1/run/ERR204/ERR204993/NA20527.1.M_120209_1_1.fastq.gz;ftp.sra.ebi.ac.uk/vol1/run/ERR204/ERR204993/NA20527.1.M_120209_1_2.fastq.gz	3e2291deaa5e654d3e7541dd0703fc5f;242d70cff1f1016eb7987ab0d16bf685	2078466065;2116157508
ERR205000	ftp.sra.ebi.ac.uk/vol1/run/ERR205/ERR205000/NA19114.1.M_120209_8_1.fastq.gz;ftp.sra.ebi.ac.uk/vol1/run/ERR205/ERR205000/NA19114.1.M_120209_8_2.fastq.gz	88bae2fd4a48ffdb026ed36e770c151b;c5f69a1b843b28e70eb4daf816282cd3	1368375519;1390276658
ERR205003	ftp.sra.ebi.ac.uk/vol1/run/ERR205/ERR205003/NA12058.1.M_120209_7_1.fastq.gz;ftp.sra.ebi.ac.uk/vol1/run/ERR205/ERR205003/NA12058.1.M_120209_7_2.fastq.gz	8f96d40fcf041256628775a3df3f37fc;5b0fca10749c383d826b91627131cf7b	1204577918;1222568832
ERR205005	ftp.sra.ebi.ac.uk/vol1/run/ERR205/ERR205005/NA06986.4.M_120208_1_1.fastq.gz;ftp.sra.ebi.ac.uk/vol1/run/ERR205/ERR205005/NA06986.4.M_120208_1_2.fastq.gz	a7de0b3734c7fc536af002593ed3f191;6472dab67bb1a6dc6d2a7802e798b6b1	1856628999;1871088210
ERR205009	ftp.sra.ebi.ac.uk/vol1/run/ERR205/ERR205009/NA19095.6.M_120119_4_1.fastq.gz;ftp.sra.ebi.ac.uk/vol1/run/ERR205/ERR205009/NA19095.6.M_120119_4_2.fastq.gz	5dc80ba912e96d8a11966c0802eed12b;9420e7070c4a4ee54f3ffb25924d5447	1847623117;1873031993
ERR205013	ftp.sra.ebi.ac.uk/vol1/run/ERR205/ERR205013/NA18858.1.M_120209_7_1.fastq.gz;ftp.sra.ebi.ac.uk/vol1/run/ERR205/ERR205013/NA18858.1.M_120209_7_2.fastq.gz	d7629d9ca0e77d53e9c6ff7cac235aab;5b384b135ea758b06f4270394219cb54	1367646931;1381973173
ERR205017	ftp.sra.ebi.ac.uk/vol1/run/ERR205/ERR205017/NA18870.1.M_120209_4_1.fastq.gz;ftp.sra.ebi.ac.uk/vol1/run/ERR205/ERR205017/NA18870.1.M_120209_4_2.fastq.gz	6c93650c593fc93740b1f81ba5968d19;1b679f4a1fb0f98c211df5808036c81d	1062381398;1065720942
ERR188024	ftp.sra.ebi.ac.uk/vol1/run/ERR188/ERR188024/NA12749.1.M_111124_2_1.fastq.gz;ftp.sra.ebi.ac.uk/vol1/run/ERR188/ERR188024/NA12749.1.M_111124_2_2.fastq.gz	d9ea9f53a2807413ad5a4710ef28264b;93c99a47ce7bccad9f79c15b30dc97ef	1653365282;1669285984
ERR188026	ftp.sra.ebi.ac.uk/vol1/run/ERR188/ERR188026/NA20510.3.M_120202_3_1.fastq.gz;ftp.sra.ebi.ac.uk/vol1/run/ERR188/ERR188026/NA20510.3.M_120202_3_2.fastq.gz	ee45472f860f107746c9dd566701f3a6;24ebb595905009d3c0dfe69275f05603	1227885584;1220578011
ERR188034	ftp.sra.ebi.ac.uk/vol1/run/ERR188/ERR188034/HG00273.3.M_120202_7_1.fastq.gz;ftp.sra.ebi.ac.uk/vol1/run/ERR188/ERR188034/HG00273.3.M_120202_7_2.fastq.gz	566c9b4a33cc692de35230e423a95e37;643e9eb8a7f76078e17cc37f276c8a10	1309969720;1292953985
ERR188045	ftp.sra.ebi.ac.uk/vol1/run/ERR188/ERR188045/HG00321.2.M_111216_2_1.fastq.gz;ftp.sra.ebi.ac.uk/vol1/run/ERR188/ERR188045/HG00321.2.M_111216_2_2.fastq.gz	7b3793e3bbd1d33ec4f7d6e76dcc3241;1bcf30188a2f8b268ce9977f0bed4be5	2583893801;2602043478
ERR188046	ftp.sra.ebi.ac.uk/vol1/run/ERR188/ERR188046/HG00320.1.M_111124_1_1.fastq.gz;ftp.sra.ebi.ac.uk/vol1/run/ERR188/ERR188046/HG00320.1.M_111124_1_2.fastq.gz	225ac63cf7b8fb86dfc842bc339d3ea8;197e607f32762bb8bdabb77be01ece59	2184503768;2219262786
ERR188050	ftp.sra.ebi.ac.uk/vol1/run/ERR188/ERR188050/NA20518.4.M_120208_3_1.fastq.gz;ftp.sra.ebi.ac.uk/vol1/run/ERR188/ERR188050/NA20518.4.M_120208_3_2.fastq.gz	a37326cce0cfccea3fb0efa053864d97;579b927f077f3a5e751145891e3abf10	2266633504;2277373957
ERR188060	ftp.sra.ebi.ac.uk/vol1/run/ERR188/ERR188060/NA18517.3.M_120202_1_1.fastq.gz;ftp.sra.ebi.ac.uk/vol1/run/ERR188/ERR188060/NA18517.3.M_120202_1_2.fastq.gz	4be648bc464f134a4a60c09570b30080;ebb86b4a1c6cfe7b10c86b54f1fbbaa8	1194520776;1201033982
ERR188061	ftp.sra.ebi.ac.uk/vol1/run/ERR188/ERR188061/NA12761.6.M_120119_2_1.fastq.gz;ftp.sra.ebi.ac.uk/vol1/run/ERR188/ERR188061/NA12761.6.M_120119_2_2.fastq.gz	a58966131b53a67c25b17252549b13c6;d3386f1aa5c9337e38e71ed97f701f95	1986385859;2003752886
ERR188066	ftp.sra.ebi.ac.uk/vol1/run/ERR188/ERR188066/NA19118.7.M_120219_8_1.fastq.gz;ftp.sra.ebi.ac.uk/vol1/run/ERR188/ERR188066/NA19118.7.M_120219_8_2.fastq.gz	88449c6fd7c4d08f8f4aff130b55cdfa;165741cdc52432620372789736c6e8c6	3832972916;3838972091
ERR188068	ftp.sra.ebi.ac.uk/vol1/run/ERR188/ERR188068/NA20759.4.M_120208_3_1.fastq.gz;ftp.sra.ebi.ac.uk/vol1/run/ERR188/ERR188068/NA20759.4.M_120208_3_2.fastq.gz	2027ed9bfc3a489a985de6caba3d27b2;3729188408e7e4ab101449b72f543500	1729157848;1742987313
ERR188071	ftp.sra.ebi.ac.uk/vol1/run/ERR188/ERR188071/HG00114.6.M_120217_1_1.fastq.gz;ftp.sra.ebi.ac.uk/vol1/run/ERR188/ERR188071/HG00114.6.M_120217_1_2.fastq.gz	21bea5358dabf26e60f217751c827d87;8059a0485d517e80b173dd85973af80c	1368090322;1346680501
ERR188086	ftp.sra.ebi.ac.uk/vol1/run/ERR188/ERR188086/NA11892.1.M_111124_2_1.fastq.gz;ftp.sra.ebi.ac.uk/vol1/run/ERR188/ERR188086/NA11892.1.M_111124_2_2.fastq.gz	2ac809b7156e6b0a68e3d139b3eaf85b;7abc1082eb5e4b80e5b3e3e1a89d04ba	1702312681;1718084796
ERR188088	ftp.sra.ebi.ac.uk/vol1/run/ERR188/ERR188088/NA20504.1.M_111124_7_1.fastq.gz;ftp.sra.ebi.ac.uk/vol1/run/ERR188/ERR188088/NA20504.1.M_111124_7_2.fastq.gz	d02267099d5c9039b0a345838373b1e3;ebbdac918e9dedeaa4cbc5628da6dbcb	1810279120;1819539396
ERR188093	ftp.sra.ebi.ac.uk/vol1/run/ERR188/ERR188093/NA19150.5.M_120131_7_1.fastq.gz;ftp.sra.ebi.ac.uk/vol1/run/ERR188/ERR188093/NA19150.5.M_120131_7_2.fastq.gz	946b23c4f8ef43a8dfcbc5685499965b;ce1f99ba3dc3be80dfc77585e7b4398e	2001982924;2009553052
ERR188096	ftp.sra.ebi.ac.uk/vol1/run/ERR188/ERR188096/NA18933.1.M_111124_2_1.fastq.gz;ftp.sra.ebi.ac.uk/vol1/run/ERR188/ERR188096/NA18933.1.M_111124_2_2.fastq.gz	0f1bcc8725227f5cf73ebb17f9d58620;4098968b757d428ecf4dfb5534e5f100	1704062221;1719783440
ERR188098	ftp.sra.ebi.ac.uk/vol1/run/ERR188/ERR188098/HG00337.5.M_120131_5_1.fastq.gz;ftp.sra.ebi.ac.uk/vol1/run/ERR188/ERR188098/HG00337.5.M_120131_5_2.fastq.gz	da0e117b04b4ace2ba8a221f39ba4b6b;d0625f2852d1064b353a4a0774d47ccd	1656881806;1701350145
ERR188113	ftp.sra.ebi.ac.uk/vol1/run/ERR188/ERR188113/HG00324.1.M_111124_2_1.fastq.gz;ftp.sra.ebi.ac.uk/vol1/run/ERR188/ERR188113/HG00324.1.M_111124_2_2.fastq.gz	606d7058fe749b089e968bfa4f35c879;f463d65c87ad889f4bb4d62ea8d926fa	2277727885;2299051810
ERR188118	ftp.sra.ebi.ac.uk/vol1/run/ERR188/ERR188118/HG00181.4.M_120208_4_1.fastq.gz;ftp.sra.ebi.ac.uk/vol1/run/ERR188/ERR188118/HG00181.4.M_120208_4_2.fastq.gz	2efb07c18ac808071e5ff4631f407071;8da66a6cab98cff5c88d2c0f0a0ca0cc	1824013748;1825648322
ERR188126	ftp.sra.ebi.ac.uk/vol1/run/ERR188/ERR188126/NA20766.1.M_111124_4_1.fastq.gz;ftp.sra.ebi.ac.uk/vol1/run/ERR188/ERR188126/NA20766.1.M_111124_4_2.fastq.gz	811152b207307dfcb88501ebbcc6ea9b;732a0a87b8c24399d28a8f18e639956a	2059402645;2062186889
ERR188127	ftp.sra.ebi.ac.uk/vol1/run/ERR188/ERR188127/HG00334.2.M_111216_5_1.fastq.gz;ftp.sra.ebi.ac.uk/vol1/run/ERR188/ERR188127/HG00334.2.M_111216_5_2.fastq.gz	4f2abcb5ffeeaccfeebc05c32a30cc6b;56a292239ffbd18cc4ff5c10f14c0525	2247305237;2256094010
ERR188130	ftp.sra.ebi.ac.uk/vol1/run/ERR188/ERR188130/HG00261.6.M_120119_2_1.fastq.gz;ftp.sra.ebi.ac.uk/vol1/run/ERR188/ERR188130/HG00261.6.M_120119_2_2.fastq.gz	004d9c55b8e5537b804f367098eebc51;e1622d65ddc9d56030e7f5172b341c41	1933671638;1940864837
ERR188132	ftp.sra.ebi.ac.uk/vol1/run/ERR188/ERR188132/NA20797.2.M_111215_6_1.fastq.gz;ftp.sra.ebi.ac.uk/vol1/run/ERR188/ERR188132/NA20797.2.M_111215_6_2.fastq.gz	0aba644290d26e915c0bdf3871924342;bcfdde1d7acb1b83d9b8ee81ff89f35b	3118880519;3127278470
ERR188134	ftp.sra.ebi.ac.uk/vol1/run/ERR188/ERR188134/NA12827.3.M_120202_2_1.fastq.gz;ftp.sra.ebi.ac.uk/vol1/run/ERR188/ERR188134/NA12827.3.M_120202_2_2.fastq.gz	e61ef617c328c476fbaf8f138bb0e5aa;ed3f312fe1e68bdea2785d538718cb4c	1229242172;1227469948
ERR188144	ftp.sra.ebi.ac.uk/vol1/run/ERR188/ERR188144/HG00139.7.M_120219_1_1.fastq.gz;ftp.sra.ebi.ac.uk/vol1/run/ERR188/ERR188144/HG00139.7.M_120219_1_2.fastq.gz	0ca07ec144b65ff250b4f323aa73c425;68c83d59ceee1f625985660795272aa0	3451352789;3433447521
ERR188151	ftp.sra.ebi.ac.uk/vol1/run/ERR188/ERR188151/NA18489.2.M_111216_1_1.fastq.gz;ftp.sra.ebi.ac.uk/vol1/run/ERR188/ERR188151/NA18489.2.M_111216_1_2.fastq.gz	de72e99a877f022366313acaeee95d9a;3707ea7d1ef0d8204e8d3ca8d0aac003	2167822478;2183390449
ERR188153	ftp.sra.ebi.ac.uk/vol1/run/ERR188/ERR188153/NA20765.2.M_111215_5_1.fastq.gz;ftp.sra.ebi.ac.uk/vol1/run/ERR188/ERR188153/NA20765.2.M_111215_5_2.fastq.gz	84520817b0de725d8f735ddeeec67994;68ed43ca642fe09ac2f08101904dfda3	3498200308;3516437110
ERR188161	ftp.sra.ebi.ac.uk/vol1/run/ERR188/ERR188161/NA11918.1.M_111124_3_1.fastq.gz;ftp.sra.ebi.ac.uk/vol1/run/ERR188/ERR188161/NA11918.1.M_111124_3_2.fastq.gz	ed59e610ae26af1a37ff13b3d6f9e28a;2206042c61e8e5bf4e8780104cd9133f	1681693660;1705272126
ERR188162	ftp.sra.ebi.ac.uk/vol1/run/ERR188/ERR188162/NA18508.1.M_111124_1_1.fastq.gz;ftp.sra.ebi.ac.uk/vol1/run/ERR188/ERR188162/NA18508.1.M_111124_1_2.fastq.gz	7ad05a7c9f09891de148fa06936aa092;de751ff755e56216e2ec52f0f691a0a4	1760492927;1768015796
ERR188163	ftp.sra.ebi.ac.uk/vol1/run/ERR188/ERR188163/HG00174.4.M_120208_3_1.fastq.gz;ftp.sra.ebi.ac.uk/vol1/run/ERR188/ERR188163/HG00174.4.M_120208_3_2.fastq.gz	44e7d26d4464d3b88271fbdb864457c0;413401ece0cb0e4fb119babac145b54a	2052196468;2063700503
ERR188164	ftp.sra.ebi.ac.uk/vol1/run/ERR188/ERR188164/HG00159.7.M_120219_6_1.fastq.gz;ftp.sra.ebi.ac.uk/vol1/run/ERR188/ERR188164/HG00159.7.M_120219_6_2.fastq.gz	05773bec3ec72c339ecf577d065636fd;3dd39f00a37ba70253e45911a1acda7b	2744566262;2766326038
ERR188168	ftp.sra.ebi.ac.uk/vol1/run/ERR188/ERR188168/HG00346.2.M_120131_1_1.fastq.gz;ftp.sra.ebi.ac.uk/vol1/run/ERR188/ERR188168/HG00346.2.M_120131_1_2.fastq.gz	f160518a0e4900461f8026f97bf595c3;502cc26c3d0be36697f9438ca5724caa	2770387434;2760537236
ERR188170	ftp.sra.ebi.ac.uk/vol1/run/ERR188/ERR188170/NA19131.2.M_111215_8_1.fastq.gz;ftp.sra.ebi.ac.uk/vol1/run/ERR188/ERR188170/NA19131.2.M_111215_8_2.fastq.gz	50fa8d24fa3dc8da8346021b22543d31;314040de07ac6ad7cd42d7abeb6a1598	2991760035;2995376384
ERR188189	ftp.sra.ebi.ac.uk/vol1/run/ERR188/ERR188189/HG00133.2.M_111216_2_1.fastq.gz;ftp.sra.ebi.ac.uk/vol1/run/ERR188/ERR188189/HG00133.2.M_111216_2_2.fastq.gz	ec1f6beafa57aa94067fdc2ec19bcc9c;e3a1a127464729035951438965b02e22	2218734206;2233880230
ERR188191	ftp.sra.ebi.ac.uk/vol1/run/ERR188/ERR188191/NA20770.3.M_120202_1_1.fastq.gz;ftp.sra.ebi.ac.uk/vol1/run/ERR188/ERR188191/NA20770.3.M_120202_1_2.fastq.gz	d751be3e8ad759c33d305518a6f63f46;f0de395991442e96999622cfa056aa56	1307587026;1309435682
ERR188209	ftp.sra.ebi.ac.uk/vol1/run/ERR188/ERR188209/NA19214.6.M_120119_2_1.fastq.gz;ftp.sra.ebi.ac.uk/vol1/run/ERR188/ERR188209/NA19214.6.M_120119_2_2.fastq.gz	aeed555fa5d1053e19934e83c6bd6a11;2f153986a4db0705030281a4c494cd31	1923425726;1941505998
ERR188220	ftp.sra.ebi.ac.uk/vol1/run/ERR188/ERR188220/NA12400.2.M_111216_2_1.fastq.gz;ftp.sra.ebi.ac.uk/vol1/run/ERR188/ERR188220/NA12400.2.M_111216_2_2.fastq.gz	12de8608c0d0a139dde371c5e87e0d0b;f391eb0314ba1d8ff339177f722e61a1	2078686990;2094247178
ERR188221	ftp.sra.ebi.ac.uk/vol1/run/ERR188/ERR188221/NA19113.3.M_120202_1_1.fastq.gz;ftp.sra.ebi.ac.uk/vol1/run/ERR188/ERR188221/NA19113.3.M_120202_1_2.fastq.gz	9a1ef1a4bbe729b9205c39ba6069c284;0bd5bdb09fb69612940d85a3044475fe	1205631054;1222842536
ERR188232	ftp.sra.ebi.ac.uk/vol1/run/ERR188/ERR188232/NA19160.3.M_120202_3_1.fastq.gz;ftp.sra.ebi.ac.uk/vol1/run/ERR188/ERR188232/NA19160.3.M_120202_3_2.fastq.gz	05ac201ac247a62348d828f67d4d5ac9;c6232e9d3c7fc4bc68bd5bf04b38c990	1509864031;1507535530
ERR188238	ftp.sra.ebi.ac.uk/vol1/run/ERR188/ERR188238/HG00269.2.M_111216_7_1.fastq.gz;ftp.sra.ebi.ac.uk/vol1/run/ERR188/ERR188238/HG00269.2.M_111216_7_2.fastq.gz	58cd6d44b8ddeff75aae62f31a083ded;095c012c3bbe1104370e997cd76bf036	2157725176;2165143824
ERR188239	ftp.sra.ebi.ac.uk/vol1/run/ERR188/ERR188239/NA20520.3.M_120202_2_1.fastq.gz;ftp.sra.ebi.ac.uk/vol1/run/ERR188/ERR188239/NA20520.3.M_120202_2_2.fastq.gz	8e73afe4df7e26db84413196f18f4ebc;1d35726516740f064ba50e534b5d6146	1132544033;1148478905
ERR188248	ftp.sra.ebi.ac.uk/vol1/run/ERR188/ERR188248/HG00178.4.M_120208_8_1.fastq.gz;ftp.sra.ebi.ac.uk/vol1/run/ERR188/ERR188248/HG00178.4.M_120208_8_2.fastq.gz	a3736d6ec6f5700bf78121f312c052ac;5626fad37581e8bdc07880acde814721	2192781164;2189252075
ERR188249	ftp.sra.ebi.ac.uk/vol1/run/ERR188/ERR188249/NA20802.1.M_111124_7_1.fastq.gz;ftp.sra.ebi.ac.uk/vol1/run/ERR188/ERR188249/NA20802.1.M_111124_7_2.fastq.gz	b16fdb27b1230de68c76d788f4332653;25dd7a04a67f73c43262adb9811453fd	1990874993;2009355665
ERR188250	ftp.sra.ebi.ac.uk/vol1/run/ERR188/ERR188250/HG00272.7.M_120219_7_1.fastq.gz;ftp.sra.ebi.ac.uk/vol1/run/ERR188/ERR188250/HG00272.7.M_120219_7_2.fastq.gz	1541e1b9f761263dffafcf29e0e0316b;48b0bce4b90bbdb8b27c7e3c3a2b6b01	2207942602;2233225565
ERR188251	ftp.sra.ebi.ac.uk/vol1/run/ERR188/ERR188251/NA20756.2.M_111216_6_1.fastq.gz;ftp.sra.ebi.ac.uk/vol1/run/ERR188/ERR188251/NA20756.2.M_111216_6_2.fastq.gz	60e7a3a6a036c91741097e04f794d282;7093a533d5eb343f3f465e4c64bfe4c6	2272150509;2279506052
ERR188252	ftp.sra.ebi.ac.uk/vol1/run/ERR188/ERR188252/NA20544.4.M_120208_5_1.fastq.gz;ftp.sra.ebi.ac.uk/vol1/run/ERR188/ERR188252/NA20544.4.M_120208_5_2.fastq.gz	32df37f49cbd4d6a704ae1483dbe1a1a;100941ca6729bf7183cd4fee8e3f4aa8	1965874435;1955847656
ERR188256	ftp.sra.ebi.ac.uk/vol1/run/ERR188/ERR188256/NA12777.4.M_120208_6_1.fastq.gz;ftp.sra.ebi.ac.uk/vol1/run/ERR188/ERR188256/NA12777.4.M_120208_6_2.fastq.gz	3a8a0496e3e44b980ba020927132ffb0;6cbd5c6810f5aed0398b1f46a0b83453	1915927236;1913617332
ERR188257	ftp.sra.ebi.ac.uk/vol1/run/ERR188/ERR188257/HG00143.7.M_120219_2_1.fastq.gz;ftp.sra.ebi.ac.uk/vol1/run/ERR188/ERR188257/HG00143.7.M_120219_2_2.fastq.gz	a0409c9383280e59771538f27869989d;94268a6e326679ff6ee86f6e7a606f79	2302914385;2315744957
ERR188267	ftp.sra.ebi.ac.uk/vol1/run/ERR188/ERR188267/HG00266.6.M_120119_3_1.fastq.gz;ftp.sra.ebi.ac.uk/vol1/run/ERR188/ERR188267/HG00266.6.M_120119_3_2.fastq.gz	c6eb60051b5f620dc891aa5a3a3e66e7;eaeee89194e46e25c57bef23ba018b92	2122026938;2122762137
ERR188268	ftp.sra.ebi.ac.uk/vol1/run/ERR188/ERR188268/NA19095.2.M_120131_2_1.fastq.gz;ftp.sra.ebi.ac.uk/vol1/run/ERR188/ERR188268/NA19095.2.M_120131_2_2.fastq.gz	f489181cfb4e53dc400a6ef9d9fd4316;823e0b07784fbd30fca48accdadd0e4a	3326619007;3318707262
ERR188271	ftp.sra.ebi.ac.uk/vol1/run/ERR188/ERR188271/HG00246.7.M_120219_4_1.fastq.gz;ftp.sra.ebi.ac.uk/vol1/run/ERR188/ERR188271/HG00246.7.M_120219_4_2.fastq.gz	c3d7fffb43623dce0d4cc2987e75b65b;7cdba2b813af7182c6e3efd4cb80b0ce	2612606907;2640125453
ERR188279	ftp.sra.ebi.ac.uk/vol1/run/ERR188/ERR188279/NA12776.6.M_120119_6_1.fastq.gz;ftp.sra.ebi.ac.uk/vol1/run/ERR188/ERR188279/NA12776.6.M_120119_6_2.fastq.gz	db42ce1dbd12f48be64a9b6b81a72c08;c520a3d73484d59e8b250c483aba512d	2090961033;2116725753
ERR188282	ftp.sra.ebi.ac.uk/vol1/run/ERR188/ERR188282/NA20809.6.M_120119_2_1.fastq.gz;ftp.sra.ebi.ac.uk/vol1/run/ERR188/ERR188282/NA20809.6.M_120119_2_2.fastq.gz	93a808091779efef48770ddfb5c69b88;30374ea8ce79c6fa588c1065051b2a7a	1687629426;1704477809
ERR188283	ftp.sra.ebi.ac.uk/vol1/run/ERR188/ERR188283/NA18907.6.M_120217_1_1.fastq.gz;ftp.sra.ebi.ac.uk/vol1/run/ERR188/ERR188283/NA18907.6.M_120217_1_2.fastq.gz	52b607905c34a2c651da7b3077838671;f422dc6f0d71319388878ee56c01d53d	1677124874;1652196462
ERR188287	ftp.sra.ebi.ac.uk/vol1/run/ERR188/ERR188287/HG00156.4.M_120208_1_1.fastq.gz;ftp.sra.ebi.ac.uk/vol1/run/ERR188/ERR188287/HG00156.4.M_120208_1_2.fastq.gz	87e5df275a528392a4f8145f2c2636bf;51520f26232574f9c2a7eabd386cb5c8	1840162072;1854373689
ERR188295	ftp.sra.ebi.ac.uk/vol1/run/ERR188/ERR188295/NA20757.1.M_111124_1_1.fastq.gz;ftp.sra.ebi.ac.uk/vol1/run/ERR188/ERR188295/NA20757.1.M_111124_1_2.fastq.gz	d48b8204de141645dbc06d4bd78928c9;5eda06da76c49b5738a41ad3d48f6ca8	2071220610;2087847692
ERR188298	ftp.sra.ebi.ac.uk/vol1/run/ERR188/ERR188298/NA18867.1.M_111124_2_1.fastq.gz;ftp.sra.ebi.ac.uk/vol1/run/ERR188/ERR188298/NA18867.1.M_111124_2_2.fastq.gz	4b3c1e60688c48171f8fbf815f724e01;67297ff4b10c53e9343e8ef3b57078f1	2050686056;2081591867
ERR188308	ftp.sra.ebi.ac.uk/vol1/run/ERR188/ERR188308/NA12760.3.M_120202_3_1.fastq.gz;ftp.sra.ebi.ac.uk/vol1/run/ERR188/ERR188308/NA12760.3.M_120202_3_2.fastq.gz	050f62cc9abc7b95450c54d15f7181df;9f9075be325884a4ebdd0bdd52990840	1170541528;1165397341
ERR188312	ftp.sra.ebi.ac.uk/vol1/run/ERR188/ERR188312/HG00233.2.M_111215_8_1.fastq.gz;ftp.sra.ebi.ac.uk/vol1/run/ERR188/ERR188312/HG00233.2.M_111215_8_2.fastq.gz	568d202505f3ff8fdb485335581ca64f;bb27a9e519939e61ef87a6670ca224fe	2564449501;2600694139
ERR188332	ftp.sra.ebi.ac.uk/vol1/run/ERR188/ERR188332/HG00158.1.M_111124_8_1.fastq.gz;ftp.sra.ebi.ac.uk/vol1/run/ERR188/ERR188332/HG00158.1.M_111124_8_2.fastq.gz	2f9f33373cb99c90d83d6a5e0723034e;3bfb241ad03b3490f4c3dac9b8948b17	2152777628;2179308979
ERR188337	ftp.sra.ebi.ac.uk/vol1/run/ERR188/ERR188337/HG00127.1.M_111124_2_1.fastq.gz;ftp.sra.ebi.ac.uk/vol1/run/ERR188/ERR188337/HG00127.1.M_111124_2_2.fastq.gz	e6598eb260900c4895dbab8ddac08be1;d6ad7dde03a73f4c9e2ecedb8ec2c4ab	2553764692;2570524273
ERR188339	ftp.sra.ebi.ac.uk/vol1/run/ERR188/ERR188339/NA12815.1.M_111124_3_1.fastq.gz;ftp.sra.ebi.ac.uk/vol1/run/ERR188/ERR188339/NA12815.1.M_111124_3_2.fastq.gz	c153b509f12b2af54719180cb3e04dad;5d55492732243ae29967974d8f198299	2676325438;2721439243
ERR188340	ftp.sra.ebi.ac.uk/vol1/run/ERR188/ERR188340/HG00353.1.M_111124_6_1.fastq.gz;ftp.sra.ebi.ac.uk/vol1/run/ERR188/ERR188340/HG00353.1.M_111124_6_2.fastq.gz	42f2abe6f80b36b9edd6ab8388ffff6c;6b48add283f6ed2268fa4685af9a97bb	2040477045;2077759113
ERR188343	ftp.sra.ebi.ac.uk/vol1/run/ERR188/ERR188343/NA20589.1.M_111124_3_1.fastq.gz;ftp.sra.ebi.ac.uk/vol1/run/ERR188/ERR188343/NA20589.1.M_111124_3_2.fastq.gz	cb34a8abe20fb56e52fae9de3b4351f0;0537953f252ab78b80cd7ecca662ea26	2185586394;2219407311
ERR188349	ftp.sra.ebi.ac.uk/vol1/run/ERR188/ERR188349/NA12842.6.M_120119_4_1.fastq.gz;ftp.sra.ebi.ac.uk/vol1/run/ERR188/ERR188349/NA12842.6.M_120119_4_2.fastq.gz	a1fbb6b2833a5ba546bfc0385d30556d;f27635b1716275635ceff9fe34178911	2258976555;2288405341
ERR188351	ftp.sra.ebi.ac.uk/vol1/run/ERR188/ERR188351/HG00253.5.M_120131_7_1.fastq.gz;ftp.sra.ebi.ac.uk/vol1/run/ERR188/ERR188351/HG00253.5.M_120131_7_2.fastq.gz	0ad0f5cff2de8a66ee752e97c869f018;f3a08c9083e756148f0ec42af963e822	2357690828;2360628568
ERR188353	ftp.sra.ebi.ac.uk/vol1/run/ERR188/ERR188353/NA20586.2.M_111215_7_1.fastq.gz;ftp.sra.ebi.ac.uk/vol1/run/ERR188/ERR188353/NA20586.2.M_111215_7_2.fastq.gz	9da05eecc9727a2c496be13a96b68cf8;edc7a94197eec590ea91c706592a4c41	2460368281;2496091918
ERR188366	ftp.sra.ebi.ac.uk/vol1/run/ERR188/ERR188366/HG00264.6.M_120119_5_1.fastq.gz;ftp.sra.ebi.ac.uk/vol1/run/ERR188/ERR188366/HG00264.6.M_120119_5_2.fastq.gz	45d89afb7db8fd8844a786f1b6f7b6b4;52b65cbdee54394180cba92a9825848c	1514213482;1522558636
ERR188368	ftp.sra.ebi.ac.uk/vol1/run/ERR188/ERR188368/HG00105.3.M_120223_6_1.fastq.gz;ftp.sra.ebi.ac.uk/vol1/run/ERR188/ERR188368/HG00105.3.M_120223_6_2.fastq.gz	1834b354fe1d712ac1ad232f13df2cbf;90d402743a675e27c9a05b9d3d2e36f6	3427598319;3548951702
ERR188369	ftp.sra.ebi.ac.uk/vol1/run/ERR188/ERR188369/NA20512.6.M_120119_6_1.fastq.gz;ftp.sra.ebi.ac.uk/vol1/run/ERR188/ERR188369/NA20512.6.M_120119_6_2.fastq.gz	0575dcf827186d21560d6d77c0fca00a;98b199b10c3ca7581587b9c0c3a66f21	1658726944;1677011162
ERR188370	ftp.sra.ebi.ac.uk/vol1/run/ERR188/ERR188370/HG00240.2.M_111215_5_1.fastq.gz;ftp.sra.ebi.ac.uk/vol1/run/ERR188/ERR188370/HG00240.2.M_111215_5_2.fastq.gz	6214e34ca9ee3d43833de30c87be0485;3d093e9f494f53e6bf939f5c6d6b91e1	3036879324;3066092406
ERR188373	ftp.sra.ebi.ac.uk/vol1/run/ERR188/ERR188373/NA18870.6.M_120119_4_1.fastq.gz;ftp.sra.ebi.ac.uk/vol1/run/ERR188/ERR188373/NA18870.6.M_120119_4_2.fastq.gz	a4e06beebda1c0269175dfe0c85e8df3;d1ace399fd01c3fb525ac876719c746f	1597458449;1618177031
ERR188381	ftp.sra.ebi.ac.uk/vol1/run/ERR188/ERR188381/NA20769.6.M_120119_5_1.fastq.gz;ftp.sra.ebi.ac.uk/vol1/run/ERR188/ERR188381/NA20769.6.M_120119_5_2.fastq.gz	26888652d5c4682cc1537cb6803c2e1d;4db902c22d3d54ac7d122beb77305d7e	1471845546;1481415512
ERR188384	ftp.sra.ebi.ac.uk/vol1/run/ERR188/ERR188384/NA20795.5.M_120131_1_1.fastq.gz;ftp.sra.ebi.ac.uk/vol1/run/ERR188/ERR188384/NA20795.5.M_120131_1_2.fastq.gz	4203779b4adac28145ab05ae253217a9;51050c6fd40a122b9a74759e42b264d1	2413643174;2440395997
ERR188393	ftp.sra.ebi.ac.uk/vol1/run/ERR188/ERR188393/NA20772.3.M_120223_6_1.fastq.gz;ftp.sra.ebi.ac.uk/vol1/run/ERR188/ERR188393/NA20772.3.M_120223_6_2.fastq.gz	18b75f796e51f64e3e93b168ee79d567;fa587ba31b7e14a6677e7c882b069963	2963639163;3059052775
ERR188394	ftp.sra.ebi.ac.uk/vol1/run/ERR188/ERR188394/NA20813.5.M_120131_1_1.fastq.gz;ftp.sra.ebi.ac.uk/vol1/run/ERR188/ERR188394/NA20813.5.M_120131_1_2.fastq.gz	2cef923c1ced6eff53369277d7b52561;ce2c3892f684db876022a09caa234647	2262746700;2287725335
ERR188399	ftp.sra.ebi.ac.uk/vol1/run/ERR188/ERR188399/NA20531.4.M_120208_1_1.fastq.gz;ftp.sra.ebi.ac.uk/vol1/run/ERR188/ERR188399/NA20531.4.M_120208_1_2.fastq.gz	b96919f33b8ac6df01ece0b239959e26;5e5363f1942d2a5251a927a50f5bdfe0	2081097456;2083253461
ERR188404	ftp.sra.ebi.ac.uk/vol1/run/ERR188/ERR188404/NA12750.2.M_111216_2_1.fastq.gz;ftp.sra.ebi.ac.uk/vol1/run/ERR188/ERR188404/NA12750.2.M_111216_2_2.fastq.gz	298e616ed3dde53bbaca501bc5121d6a;925549a0726a9fc59cb5c9f891db025a	2321344017;2337335219
ERR188406	ftp.sra.ebi.ac.uk/vol1/run/ERR188/ERR188406/NA20828.2.M_111216_8_1.fastq.gz;ftp.sra.ebi.ac.uk/vol1/run/ERR188/ERR188406/NA20828.2.M_111216_8_2.fastq.gz	e3a4dca9db70d207adc8d05ddc0aeacc;09f61f0e4bdbdb8eaf245fe91e35ac90	3595780739;3599585658
ERR188409	ftp.sra.ebi.ac.uk/vol1/run/ERR188/ERR188409/NA18923.2.M_111216_5_1.fastq.gz;ftp.sra.ebi.ac.uk/vol1/run/ERR188/ERR188409/NA18923.2.M_111216_5_2.fastq.gz	39dce4449f3b90fe996c895cb710034f;cadbe6bf98591fc42ac7179ea8d8d7fb	2617027502;2626604835
ERR188413	ftp.sra.ebi.ac.uk/vol1/run/ERR188/ERR188413/NA12890.1.M_111124_3_1.fastq.gz;ftp.sra.ebi.ac.uk/vol1/run/ERR188/ERR188413/NA12890.1.M_111124_3_2.fastq.gz	ac155c32e0c7ec2526899d50ac46f798;9ce3e591aac35568a0f83901e5031400	2026200278;2068861652
ERR188418	ftp.sra.ebi.ac.uk/vol1/run/ERR188/ERR188418/HG00326.1.M_111124_7_1.fastq.gz;ftp.sra.ebi.ac.uk/vol1/run/ERR188/ERR188418/HG00326.1.M_111124_7_2.fastq.gz	fcc213655ac853fa109a25024672b1a5;bd4e6cf202f5131f273db13353ac45d7	2196192453;2205047113
ERR188419	ftp.sra.ebi.ac.uk/vol1/run/ERR188/ERR188419/NA20800.1.M_111124_5_1.fastq.gz;ftp.sra.ebi.ac.uk/vol1/run/ERR188/ERR188419/NA20800.1.M_111124_5_2.fastq.gz	186e93db862d295c0a409db3dcb8c332;095b0de4c2e728ae5dcc4cd5ff2fde6e	2509990472;2545777753
ERR188420	ftp.sra.ebi.ac.uk/vol1/run/ERR188/ERR188420/NA12763.2.M_111216_8_1.fastq.gz;ftp.sra.ebi.ac.uk/vol1/run/ERR188/ERR188420/NA12763.2.M_111216_8_2.fastq.gz	3d27999d530af4c16cdf2ec8593177bb;d964ef39cd58a37726733e3d40f6846d	2550929228;2553155512
ERR188431	ftp.sra.ebi.ac.uk/vol1/run/ERR188/ERR188431/NA12273.1.M_111124_4_1.fastq.gz;ftp.sra.ebi.ac.uk/vol1/run/ERR188/ERR188431/NA12273.1.M_111124_4_2.fastq.gz	39e43710a489651e9a49638d912d8cb2;2557cfd4b0667230ba6b10ad269ac6b6	2273799249;2277687063
ERR188440	ftp.sra.ebi.ac.uk/vol1/run/ERR188/ERR188440/NA19200.2.M_111216_1_1.fastq.gz;ftp.sra.ebi.ac.uk/vol1/run/ERR188/ERR188440/NA19200.2.M_111216_1_2.fastq.gz	c85a4d977a9bfe4132eab297458efdc2;d93bb220625aa3f4a8b2fcb7414f2c4d	2356526066;2372704827
ERR188444	ftp.sra.ebi.ac.uk/vol1/run/ERR188/ERR188444/NA19129.6.M_120217_1_1.fastq.gz;ftp.sra.ebi.ac.uk/vol1/run/ERR188/ERR188444/NA19129.6.M_120217_1_2.fastq.gz	bceab4ae95021e3b9d521fda2c4e9ecd;0fc519906c29940b3dbfcc8354871484	1623568237;1595237601
ERR188023	ftp.sra.ebi.ac.uk/vol1/run/ERR188/ERR188023/HG00315.2.M_111215_5_1.fastq.gz;ftp.sra.ebi.ac.uk/vol1/run/ERR188/ERR188023/HG00315.2.M_111215_5_2.fastq.gz	cce602b1293562217931499d600723eb;41addcd61bda60ff199c6c92660e1685	2973065441;3005353069
ERR188447	ftp.sra.ebi.ac.uk/vol1/run/ERR188/ERR188447/NA18934.3.M_120223_7_1.fastq.gz;ftp.sra.ebi.ac.uk/vol1/run/ERR188/ERR188447/NA18934.3.M_120223_7_2.fastq.gz	a41af5ad30bcc246d06ebb10bb28d993;619684627e91bb21873700e6b611d7ae	3594978279;3720188236
ERR188449	ftp.sra.ebi.ac.uk/vol1/run/ERR188/ERR188449/NA18499.1.M_111124_2_1.fastq.gz;ftp.sra.ebi.ac.uk/vol1/run/ERR188/ERR188449/NA18499.1.M_111124_2_2.fastq.gz	00cff8a47646406d67bdcdb8c0fc689b;9e33c8ccb17be696670eab2de800b4d1	2230861682;2252635303
ERR188028	ftp.sra.ebi.ac.uk/vol1/run/ERR188/ERR188028/HG00155.1.M_111124_2_1.fastq.gz;ftp.sra.ebi.ac.uk/vol1/run/ERR188/ERR188028/HG00155.1.M_111124_2_2.fastq.gz	e61b5c002e0980988d4e47b729d8094f;4a802129cee7413af27d0fcd16756a76	1541533072;1558315068
ERR188453	ftp.sra.ebi.ac.uk/vol1/run/ERR188/ERR188453/NA20529.2.M_111215_6_1.fastq.gz;ftp.sra.ebi.ac.uk/vol1/run/ERR188/ERR188453/NA20529.2.M_111215_6_2.fastq.gz	6df125a3345be4890aeb4ffcd4d1496d;ea470eef0a50518cda72e06b9043dc02	2478496812;2513587266
ERR188031	ftp.sra.ebi.ac.uk/vol1/run/ERR188/ERR188031/HG00350.3.M_120202_3_1.fastq.gz;ftp.sra.ebi.ac.uk/vol1/run/ERR188/ERR188031/HG00350.3.M_120202_3_2.fastq.gz	f085aa5106517a46ddb6f0fbad924298;3e573a2ea956c447ef466c6fe5e70e6d	1206826892;1210051906
ERR188454	ftp.sra.ebi.ac.uk/vol1/run/ERR188/ERR188454/NA19207.4.M_120208_5_1.fastq.gz;ftp.sra.ebi.ac.uk/vol1/run/ERR188/ERR188454/NA19207.4.M_120208_5_2.fastq.gz	0cff0e2fe3fc0e37b193e7d522c3d11f;af30e2063da991db30c64462cf7319c3	2137542607;2126072821
ERR188032	ftp.sra.ebi.ac.uk/vol1/run/ERR188/ERR188032/NA12275.7.M_120219_5_1.fastq.gz;ftp.sra.ebi.ac.uk/vol1/run/ERR188/ERR188032/NA12275.7.M_120219_5_2.fastq.gz	c3935297bc437b590e0c643b2f2ae07c;30ff7b462d42386b9bc8753c37b25d49	2474507985;2510723313
ERR188459	ftp.sra.ebi.ac.uk/vol1/run/ERR188/ERR188459/NA19143.2.M_111216_8_1.fastq.gz;ftp.sra.ebi.ac.uk/vol1/run/ERR188/ERR188459/NA19143.2.M_111216_8_2.fastq.gz	5041bca2d82f4eeff7d625580be9f467;09fc9683630bbb449a585cad7d5ab822	2687370481;2689890394
ERR188035	ftp.sra.ebi.ac.uk/vol1/run/ERR188/ERR188035/HG00123.4.M_120208_7_1.fastq.gz;ftp.sra.ebi.ac.uk/vol1/run/ERR188/ERR188035/HG00123.4.M_120208_7_2.fastq.gz	8ba47c7c06bba3ec47df73a8e6cd71e1;ed587e7418b15c374df64b11c1bfbbdb	2241915521;2234033828
ERR188461	ftp.sra.ebi.ac.uk/vol1/run/ERR188/ERR188461/HG00126.1.M_111124_8_1.fastq.gz;ftp.sra.ebi.ac.uk/vol1/run/ERR188/ERR188461/HG00126.1.M_111124_8_2.fastq.gz	a83ddd21b5e37aa4c264ca3eb613e601;219c17059e07cb322fb955700e4a5726	2581042607;2604065956
ERR188039	ftp.sra.ebi.ac.uk/vol1/run/ERR188/ERR188039/NA12144.4.M_120208_1_1.fastq.gz;ftp.sra.ebi.ac.uk/vol1/run/ERR188/ERR188039/NA12144.4.M_120208_1_2.fastq.gz	a8f950f953d56c1c34db3b71f3b3db4e;117702b062b668924f428e2fadbdfaa2	2395659158;2418632271
ERR188462	ftp.sra.ebi.ac.uk/vol1/run/ERR188/ERR188462/HG00375.4.M_120208_4_1.fastq.gz;ftp.sra.ebi.ac.uk/vol1/run/ERR188/ERR188462/HG00375.4.M_120208_4_2.fastq.gz	9483efa3caff6f3365baf0ca01d9289a;4677f75c9e68b6d2187cb752501e07af	2188403941;2190987352
ERR188043	ftp.sra.ebi.ac.uk/vol1/run/ERR188/ERR188043/HG00384.2.M_111216_4_1.fastq.gz;ftp.sra.ebi.ac.uk/vol1/run/ERR188/ERR188043/HG00384.2.M_111216_4_2.fastq.gz	09757c3e4cd32b408308e3f9d8eac937;1cffb1220ae895481467dbbb9064a923	3284272674;3298033832
ERR188466	ftp.sra.ebi.ac.uk/vol1/run/ERR188/ERR188466/HG00142.4.M_120208_6_1.fastq.gz;ftp.sra.ebi.ac.uk/vol1/run/ERR188/ERR188466/HG00142.4.M_120208_6_2.fastq.gz	c6a314701fb9d84a45f2558369d64569;a98e984067d4064ccb4e46217f511324	1874104164;1869974653
ERR188044	ftp.sra.ebi.ac.uk/vol1/run/ERR188/ERR188044/NA18498.2.M_120131_1_1.fastq.gz;ftp.sra.ebi.ac.uk/vol1/run/ERR188/ERR188044/NA18498.2.M_120131_1_2.fastq.gz	bf6e845322fa0b404ee373b3dde5bae3;93d39bca9e47ec3d4ab6d6d77d723add	2854049233;2847198652
ERR188469	ftp.sra.ebi.ac.uk/vol1/run/ERR188/ERR188469/HG01334.7.M_120219_8_1.fastq.gz;ftp.sra.ebi.ac.uk/vol1/run/ERR188/ERR188469/HG01334.7.M_120219_8_2.fastq.gz	bd1d28d2ec4f0eb19e3d78957738863c;ca6383cac72619d2936576a5ca1cee0e	3331594294;3330613983
ERR188049	ftp.sra.ebi.ac.uk/vol1/run/ERR188/ERR188049/NA11931.1.M_111124_8_1.fastq.gz;ftp.sra.ebi.ac.uk/vol1/run/ERR188/ERR188049/NA11931.1.M_111124_8_2.fastq.gz	2e80b4da2079cbdfed402b1c98d1d46c;bdf5accb15c4c3ccc4f8f4d54c566f18	1815376847;1832333001
ERR188477	ftp.sra.ebi.ac.uk/vol1/run/ERR188/ERR188477/NA12778.1.M_111124_4_1.fastq.gz;ftp.sra.ebi.ac.uk/vol1/run/ERR188/ERR188477/NA12778.1.M_111124_4_2.fastq.gz	ab139594e72b431478115744d9f4ed8d;9315070eae6b61e0e279ed50b45b88f1	2078889013;2085669630
ERR188051	ftp.sra.ebi.ac.uk/vol1/run/ERR188/ERR188051/NA12830.1.M_111124_2_1.fastq.gz;ftp.sra.ebi.ac.uk/vol1/run/ERR188/ERR188051/NA12830.1.M_111124_2_2.fastq.gz	c2937e53c75d4fb339193afd607b9fdc;b9bbf7c8895baaf9281cb40427917627	1433545888;1450603728
ERR188054	ftp.sra.ebi.ac.uk/vol1/run/ERR188/ERR188054/NA20752.5.M_120131_7_1.fastq.gz;ftp.sra.ebi.ac.uk/vol1/run/ERR188/ERR188054/NA20752.5.M_120131_7_2.fastq.gz	a5e702cff5cffd338cd529956634606e;b5c9afcd95ebfc3f95b8fadb9290bfc5	2394690631;2394164739
ERR188055	ftp.sra.ebi.ac.uk/vol1/run/ERR188/ERR188055/NA19171.1.M_111124_7_1.fastq.gz;ftp.sra.ebi.ac.uk/vol1/run/ERR188/ERR188055/NA19171.1.M_111124_7_2.fastq.gz	1868830350662d632add3f3a09f7d58a;960e0d81b1e42b7da1b4d7c94258bcee	2419315785;2433202924
ERR188479	ftp.sra.ebi.ac.uk/vol1/run/ERR188/ERR188479/NA20761.1.M_111124_7_1.fastq.gz;ftp.sra.ebi.ac.uk/vol1/run/ERR188/ERR188479/NA20761.1.M_111124_7_2.fastq.gz	95d34dc03d5fa37f64b4e98055be597e;fe1cc61e4ff55578b69d43bb6333b4c8	1971645969;1983747463
ERR188058	ftp.sra.ebi.ac.uk/vol1/run/ERR188/ERR188058/NA12005.4.M_120208_1_1.fastq.gz;ftp.sra.ebi.ac.uk/vol1/run/ERR188/ERR188058/NA12005.4.M_120208_1_2.fastq.gz	5759baeae51a70ad30b20c6cab23a7c4;402d0c50d99a615f16cd37ae2244143c	2029975131;2024772138
ERR188063	ftp.sra.ebi.ac.uk/vol1/run/ERR188/ERR188063/NA20509.7.M_120219_7_1.fastq.gz;ftp.sra.ebi.ac.uk/vol1/run/ERR188/ERR188063/NA20509.7.M_120219_7_2.fastq.gz	daf62eb7bfc8353a0c62a62e036de439;a16e85f8cfdbfe2d2b3883b5c8494492	4411377061;4475874161
ERR204822	ftp.sra.ebi.ac.uk/vol1/run/ERR204/ERR204822/NA12889.1.M_120209_4_1.fastq.gz;ftp.sra.ebi.ac.uk/vol1/run/ERR204/ERR204822/NA12889.1.M_120209_4_2.fastq.gz	ce73606561c92d73160ab68107d2e050;bda51f5acaae1c3e18403b8abc5088ec	895300387;915576598
ERR188065	ftp.sra.ebi.ac.uk/vol1/run/ERR188/ERR188065/HG00149.1.M_111124_6_1.fastq.gz;ftp.sra.ebi.ac.uk/vol1/run/ERR188/ERR188065/HG00149.1.M_111124_6_2.fastq.gz	54b28b785e7d80769447aa36c67b8dd8;657597ed794a15e6ce1add68593676ba	2103610152;2135099575
ERR204823	ftp.sra.ebi.ac.uk/vol1/run/ERR204/ERR204823/HG00109.1.M_120209_4_1.fastq.gz;ftp.sra.ebi.ac.uk/vol1/run/ERR204/ERR204823/HG00109.1.M_120209_4_2.fastq.gz	de40b97c3b464fa99ec05bd2007ff6b5;b18b18081ffd76cd48ae4d9b85d39b66	1341990462;1349731019
ERR188069	ftp.sra.ebi.ac.uk/vol1/run/ERR188/ERR188069/NA19096.4.M_120208_4_1.fastq.gz;ftp.sra.ebi.ac.uk/vol1/run/ERR188/ERR188069/NA19096.4.M_120208_4_2.fastq.gz	62340efcae56a02f7d2a09bd8b901880;e00d9163aa18e15e390a671c1f36c25b	1810428614;1811019410
ERR204824	ftp.sra.ebi.ac.uk/vol1/run/ERR204/ERR204824/HG00355.7.M_120219_6_1.fastq.gz;ftp.sra.ebi.ac.uk/vol1/run/ERR204/ERR204824/HG00355.7.M_120219_6_2.fastq.gz	6064d816cdcbfe7b2e82ad40eaa2e62b;b838ac1f624c0e7d63b1d9385597c283	2305718546;2324257965
ERR188073	ftp.sra.ebi.ac.uk/vol1/run/ERR188/ERR188073/HG00145.6.M_120119_1_1.fastq.gz;ftp.sra.ebi.ac.uk/vol1/run/ERR188/ERR188073/HG00145.6.M_120119_1_2.fastq.gz	24e0d4a9d51fdaa22415d53e608d2fb9;8ba057ef5a342bb8116d89f72382ee41	2014501003;2045697273
ERR204831	ftp.sra.ebi.ac.uk/vol1/run/ERR204/ERR204831/HG00355.6.M_120119_1_1.fastq.gz;ftp.sra.ebi.ac.uk/vol1/run/ERR204/ERR204831/HG00355.6.M_120119_1_2.fastq.gz	412b787b507e775ad566ca65e35e706f;a17be09c0cf033f662b621575df57f22	2042875787;2063166653
ERR188075	ftp.sra.ebi.ac.uk/vol1/run/ERR188/ERR188075/HG00349.4.M_120208_4_1.fastq.gz;ftp.sra.ebi.ac.uk/vol1/run/ERR188/ERR188075/HG00349.4.M_120208_4_2.fastq.gz	04e9818bb5eb5e75c026540cec119d99;8797905ab535caa416027de3a0d7b66e	1929770381;1929787135
ERR204835	ftp.sra.ebi.ac.uk/vol1/run/ERR204/ERR204835/NA18517.1.M_120209_7_1.fastq.gz;ftp.sra.ebi.ac.uk/vol1/run/ERR204/ERR204835/NA18517.1.M_120209_7_2.fastq.gz	0dc2331a09a8033a358d71791541f528;8995b2f12c8f19d38e3d53074f03406b	864814104;873610160
ERR188076	ftp.sra.ebi.ac.uk/vol1/run/ERR188/ERR188076/NA12006.5.M_120131_1_1.fastq.gz;ftp.sra.ebi.ac.uk/vol1/run/ERR188/ERR188076/NA12006.5.M_120131_1_2.fastq.gz	d63462f75e9e5d83b5da46fc78e84e83;c3a2cf586dd22c1f8ad87fc31fb7eb3b	2076148568;2094219801
ERR204838	ftp.sra.ebi.ac.uk/vol1/run/ERR204/ERR204838/HG00377.1.M_120209_6_1.fastq.gz;ftp.sra.ebi.ac.uk/vol1/run/ERR204/ERR204838/HG00377.1.M_120209_6_2.fastq.gz	1eef296828261dcad739d2203075d8df;d138ba0db225c492e16ec73187e22c90	1007593880;1022360557
ERR188078	ftp.sra.ebi.ac.uk/vol1/run/ERR188/ERR188078/HG00372.4.M_120208_3_1.fastq.gz;ftp.sra.ebi.ac.uk/vol1/run/ERR188/ERR188078/HG00372.4.M_120208_3_2.fastq.gz	5b965155568196f8f966eef60688fe7e;c5ed5c6950e3ee4169dc994068802456	2013831461;2022417505
ERR188080	ftp.sra.ebi.ac.uk/vol1/run/ERR188/ERR188080/HG00250.1.M_111124_4_1.fastq.gz;ftp.sra.ebi.ac.uk/vol1/run/ERR188/ERR188080/HG00250.1.M_111124_4_2.fastq.gz	f2f2199ad66913b2847ea33c15d60da7;12657823fa3ca2559d6a84f95fc32e3f	1605026762;1615074604
ERR204840	ftp.sra.ebi.ac.uk/vol1/run/ERR204/ERR204840/NA12827.1.M_120209_8_1.fastq.gz;ftp.sra.ebi.ac.uk/vol1/run/ERR204/ERR204840/NA12827.1.M_120209_8_2.fastq.gz	e89e78195809c52369c7ac325397db78;880e8a348c8cc6363e001a277f8becfa	773998394;788741486
ERR204843	ftp.sra.ebi.ac.uk/vol1/run/ERR204/ERR204843/NA19095.5.M_120131_5_1.fastq.gz;ftp.sra.ebi.ac.uk/vol1/run/ERR204/ERR204843/NA19095.5.M_120131_5_2.fastq.gz	9dbc15da968ba88a5348776be394ca98;ef9dd6e82601b4865f862d547dc30421	2051254456;2056957526
ERR188084	ftp.sra.ebi.ac.uk/vol1/run/ERR188/ERR188084/HG00152.7.M_120219_3_1.fastq.gz;ftp.sra.ebi.ac.uk/vol1/run/ERR188/ERR188084/HG00152.7.M_120219_3_2.fastq.gz	19b8ac3c74a4eb166ddb89ea22e7a3a5;5d1f502646f390f4743ac37c5ba4167c	4348841311;4409255846
ERR188087	ftp.sra.ebi.ac.uk/vol1/run/ERR188/ERR188087/HG00121.1.M_111124_7_1.fastq.gz;ftp.sra.ebi.ac.uk/vol1/run/ERR188/ERR188087/HG00121.1.M_111124_7_2.fastq.gz	5c7d4b0e02ad64729ae09793defcdfb1;9e2891ae1621541834c3c63ba79049ab	1431564475;1443946005
ERR204844	ftp.sra.ebi.ac.uk/vol1/run/ERR204/ERR204844/NA20798.1.M_120209_7_1.fastq.gz;ftp.sra.ebi.ac.uk/vol1/run/ERR204/ERR204844/NA20798.1.M_120209_7_2.fastq.gz	9b23ceb37c41001f708497ed16f495ad;4158f13a32c56d42ad11df8a9fc021b1	1294497743;1306632200
ERR188091	ftp.sra.ebi.ac.uk/vol1/run/ERR188/ERR188091/HG00256.2.M_111215_7_1.fastq.gz;ftp.sra.ebi.ac.uk/vol1/run/ERR188/ERR188091/HG00256.2.M_111215_7_2.fastq.gz	be835566a834bc1ae0506ce71494472a;a9a0d737445e9c82669cc862eb8db4de	2896280269;2906905672
ERR204845	ftp.sra.ebi.ac.uk/vol1/run/ERR204/ERR204845/NA19152.1.M_120209_3_1.fastq.gz;ftp.sra.ebi.ac.uk/vol1/run/ERR204/ERR204845/NA19152.1.M_120209_3_2.fastq.gz	508adefc225747c3284b3d88f7240874;001c327319ae0145a92fdadeb4d23b4c	987551206;1009425837
ERR188092	ftp.sra.ebi.ac.uk/vol1/run/ERR188/ERR188092/NA12546.3.M_120202_4_1.fastq.gz;ftp.sra.ebi.ac.uk/vol1/run/ERR188/ERR188092/NA12546.3.M_120202_4_2.fastq.gz	a7cf6da42740d7385f3a797acca73b92;2b6f914dfcc3a2e889e6ed0de32788ea	1451731501;1452478060
ERR204854	ftp.sra.ebi.ac.uk/vol1/run/ERR204/ERR204854/HG00355.4.M_120208_3_1.fastq.gz;ftp.sra.ebi.ac.uk/vol1/run/ERR204/ERR204854/HG00355.4.M_120208_3_2.fastq.gz	d2d8c1c680143fec81619859b9c0828e;015fc45df266373d33181096b37128af	1926295686;1948623490
ERR188102	ftp.sra.ebi.ac.uk/vol1/run/ERR188/ERR188102/HG00383.1.M_111124_1_1.fastq.gz;ftp.sra.ebi.ac.uk/vol1/run/ERR188/ERR188102/HG00383.1.M_111124_1_2.fastq.gz	daf0247d0b9aca061e88e70513612b49;b2122b38676adabc75e2f0f51473c7a9	2300997099;2322637936
ERR204856	ftp.sra.ebi.ac.uk/vol1/run/ERR204/ERR204856/NA12275.1.M_120209_4_1.fastq.gz;ftp.sra.ebi.ac.uk/vol1/run/ERR204/ERR204856/NA12275.1.M_120209_4_2.fastq.gz	e5bb57adb27656428082a7f9facd5bba;64c5202115b4c976d2a1674290fce010	791739547;809294134
ERR188103	ftp.sra.ebi.ac.uk/vol1/run/ERR188/ERR188103/NA19184.1.M_111124_1_1.fastq.gz;ftp.sra.ebi.ac.uk/vol1/run/ERR188/ERR188103/NA19184.1.M_111124_1_2.fastq.gz	7fc9edb2509b285fc3c33e95cf5bfb10;628dcfe3c8713bba14dca690b687cc9d	2558624241;2571618231
ERR204862	ftp.sra.ebi.ac.uk/vol1/run/ERR204/ERR204862/NA20771.1.M_120209_4_1.fastq.gz;ftp.sra.ebi.ac.uk/vol1/run/ERR204/ERR204862/NA20771.1.M_120209_4_2.fastq.gz	caac805fccf4c1fa246f034ff07e46a4;51ba24c774a8450625999d976a29f776	1061260455;1063166251
ERR188105	ftp.sra.ebi.ac.uk/vol1/run/ERR188/ERR188105/NA20768.5.M_120131_1_1.fastq.gz;ftp.sra.ebi.ac.uk/vol1/run/ERR188/ERR188105/NA20768.5.M_120131_1_2.fastq.gz	533939fc0e0a89d42fd4b96f1596518c;426f43eaf6060c2b3d84bbe3893ecfd0	1996485111;2011779803
ERR188117	ftp.sra.ebi.ac.uk/vol1/run/ERR188/ERR188117/HG00268.5.M_120131_3_1.fastq.gz;ftp.sra.ebi.ac.uk/vol1/run/ERR188/ERR188117/HG00268.5.M_120131_3_2.fastq.gz	10c81c0f4b6f8f8b26bb6d507c8e133a;993b5ad18908ab018427a1af31710a27	1999864769;2007727447
ERR204864	ftp.sra.ebi.ac.uk/vol1/run/ERR204/ERR204864/HG00321.1.M_120209_6_1.fastq.gz;ftp.sra.ebi.ac.uk/vol1/run/ERR204/ERR204864/HG00321.1.M_120209_6_2.fastq.gz	170d2e4b78c09d7aa2a313faf27c9c4f;1b0ea2065ca4784ef5f9c8ed42522618	691957492;699409830
ERR188124	ftp.sra.ebi.ac.uk/vol1/run/ERR188/ERR188124/HG00351.6.M_120119_5_1.fastq.gz;ftp.sra.ebi.ac.uk/vol1/run/ERR188/ERR188124/HG00351.6.M_120119_5_2.fastq.gz	e4c9d2b26e1de997e589e9b1dc95a8e8;530d88d57e8712b35b22993246bc8b3c	1352377805;1359258820
ERR204868	ftp.sra.ebi.ac.uk/vol1/run/ERR204/ERR204868/NA19095.1.M_111124_8_1.fastq.gz;ftp.sra.ebi.ac.uk/vol1/run/ERR204/ERR204868/NA19095.1.M_111124_8_2.fastq.gz	125288d2b37f191aee579112ed1e1241;4e264265983757004b061dc759ee4d35	2257494812;2279874111
ERR188149	ftp.sra.ebi.ac.uk/vol1/run/ERR188/ERR188149/HG00182.1.M_111124_4_1.fastq.gz;ftp.sra.ebi.ac.uk/vol1/run/ERR188/ERR188149/HG00182.1.M_111124_4_2.fastq.gz	6046d9aac472554884006b58989b00c6;5241e1bdeaa61b99b9a08f78385f6dc9	1891121440;1904255140
ERR204871	ftp.sra.ebi.ac.uk/vol1/run/ERR204/ERR204871/NA20532.1.M_120209_5_1.fastq.gz;ftp.sra.ebi.ac.uk/vol1/run/ERR204/ERR204871/NA20532.1.M_120209_5_2.fastq.gz	3007cae2b37b2d2c7fca85d48e919187;0521eb4cae7e62a63ae0d596d14397e9	1207829572;1225025966
ERR188150	ftp.sra.ebi.ac.uk/vol1/run/ERR188/ERR188150/HG00366.4.M_120208_1_1.fastq.gz;ftp.sra.ebi.ac.uk/vol1/run/ERR188/ERR188150/HG00366.4.M_120208_1_2.fastq.gz	325ae96bd6da1c44839fdf27a2f6104a;6d24590cda0415476678db1bc351f998	2277773638;2301886761
ERR204883	ftp.sra.ebi.ac.uk/vol1/run/ERR204/ERR204883/NA12286.1.M_120209_6_1.fastq.gz;ftp.sra.ebi.ac.uk/vol1/run/ERR204/ERR204883/NA12286.1.M_120209_6_2.fastq.gz	de27c7cbbd5990b186afb5016f1dfb8d;64e4d753b0968fbe3918125f9bb248c1	869600266;887489799
ERR188171	ftp.sra.ebi.ac.uk/vol1/run/ERR188/ERR188171/NA20783.4.M_120208_6_1.fastq.gz;ftp.sra.ebi.ac.uk/vol1/run/ERR188/ERR188171/NA20783.4.M_120208_6_2.fastq.gz	1ad593ab4516e4b35e13d933e4d277b7;bbafef0be665a3ce25ea48748c8f84e3	2269324808;2270076264
ERR188173	ftp.sra.ebi.ac.uk/vol1/run/ERR188/ERR188173/NA20785.4.M_120208_1_1.fastq.gz;ftp.sra.ebi.ac.uk/vol1/run/ERR188/ERR188173/NA20785.4.M_120208_1_2.fastq.gz	f60b86262609510c282036764e255a6e;d6cb13a4e33dd362530083a7cbedf7a8	2038300081;2053097610
ERR204886	ftp.sra.ebi.ac.uk/vol1/run/ERR204/ERR204886/NA07357.1.M_120209_8_1.fastq.gz;ftp.sra.ebi.ac.uk/vol1/run/ERR204/ERR204886/NA07357.1.M_120209_8_2.fastq.gz	6be1810f48e6cfea96987a147f779158;4decf7f701fadfadd678960640ef1038	1004965388;1021175348
ERR204887	ftp.sra.ebi.ac.uk/vol1/run/ERR204/ERR204887/HG00111.1.M_120209_8_1.fastq.gz;ftp.sra.ebi.ac.uk/vol1/run/ERR204/ERR204887/HG00111.1.M_120209_8_2.fastq.gz	46114e7d8fd64fd3d117a6430c5e3c6e;0dd90c1fd33b1785ffc54432e38239c9	1465673400;1479362153
ERR188176	ftp.sra.ebi.ac.uk/vol1/run/ERR188/ERR188176/NA07357.2.M_111216_5_1.fastq.gz;ftp.sra.ebi.ac.uk/vol1/run/ERR188/ERR188176/NA07357.2.M_111216_5_2.fastq.gz	ed7a88e6c202a1bad6e3fab84863a85f;8e29ae013122d69be74adfe7e54d4b93	2204397807;2211627950
ERR204895	ftp.sra.ebi.ac.uk/vol1/run/ERR204/ERR204895/NA12272.1.M_120209_5_1.fastq.gz;ftp.sra.ebi.ac.uk/vol1/run/ERR204/ERR204895/NA12272.1.M_120209_5_2.fastq.gz	7e415a67d956d59a2e355c22e67ce17f;6f277595d36bc7d3f6ad61c1f026c063	966860879;976490332
ERR188178	ftp.sra.ebi.ac.uk/vol1/run/ERR188/ERR188178/NA19114.2.M_111215_7_1.fastq.gz;ftp.sra.ebi.ac.uk/vol1/run/ERR188/ERR188178/NA19114.2.M_111215_7_2.fastq.gz	f709f7a0c38280c9df78fd04690013ef;8453e1625f516eecd9051300e45f8178	2557198226;2588780700
ERR204899	ftp.sra.ebi.ac.uk/vol1/run/ERR204/ERR204899/NA12716.1.M_120209_5_1.fastq.gz;ftp.sra.ebi.ac.uk/vol1/run/ERR204/ERR204899/NA12716.1.M_120209_5_2.fastq.gz	21cf8bdf198add03414ab551e05f3b8f;694e8c4d9c882858379808f044bc8436	1379358931;1403044660
ERR188179	ftp.sra.ebi.ac.uk/vol1/run/ERR188/ERR188179/NA20774.7.M_120219_1_1.fastq.gz;ftp.sra.ebi.ac.uk/vol1/run/ERR188/ERR188179/NA20774.7.M_120219_1_2.fastq.gz	a9c5a0d1e694d67f369395b71675468c;3af876722b7792416d3353c497934ae3	1694566505;1689828383
ERR204921	ftp.sra.ebi.ac.uk/vol1/run/ERR204/ERR204921/NA11894.1.M_120209_4_1.fastq.gz;ftp.sra.ebi.ac.uk/vol1/run/ERR204/ERR204921/NA11894.1.M_120209_4_2.fastq.gz	e8b568b75350b1f40ae600701d854cbd;d39089f74b0024911fecc8ab0b8ea333	758642671;773764950
ERR188181	ftp.sra.ebi.ac.uk/vol1/run/ERR188/ERR188181/NA12413.2.M_111215_6_1.fastq.gz;ftp.sra.ebi.ac.uk/vol1/run/ERR188/ERR188181/NA12413.2.M_111215_6_2.fastq.gz	601b626305df2af0a1ca34cbab49982d;c5017eaabac11403fb3b82cb2eabb542	2990036220;3035757994
ERR204924	ftp.sra.ebi.ac.uk/vol1/run/ERR204/ERR204924/NA12045.1.M_120209_3_1.fastq.gz;ftp.sra.ebi.ac.uk/vol1/run/ERR204/ERR204924/NA12045.1.M_120209_3_2.fastq.gz	95021148f5a508e0d26e70ea9e0c24c3;9d506a92e1bafd51d0e51c994f545434	1039197121;1060099177
ERR188183	ftp.sra.ebi.ac.uk/vol1/run/ERR188/ERR188183/NA19185.6.M_120119_4_1.fastq.gz;ftp.sra.ebi.ac.uk/vol1/run/ERR188/ERR188183/NA19185.6.M_120119_4_2.fastq.gz	acb6dcf6337df41197c094d4fc51fd0a;206880043704fc783e1064a0694e3472	2005046434;2030615287
ERR204927	ftp.sra.ebi.ac.uk/vol1/run/ERR204/ERR204927/NA12814.1.M_120209_3_1.fastq.gz;ftp.sra.ebi.ac.uk/vol1/run/ERR204/ERR204927/NA12814.1.M_120209_3_2.fastq.gz	5a87636a992e376100c6d4b9e502dcc6;f60f8a39000a8b665d013270883548f5	1138883876;1162885714
ERR188195	ftp.sra.ebi.ac.uk/vol1/run/ERR188/ERR188195/NA20792.6.M_120119_6_1.fastq.gz;ftp.sra.ebi.ac.uk/vol1/run/ERR188/ERR188195/NA20792.6.M_120119_6_2.fastq.gz	6513d6bf96c840846e1d471711152b89;9b6182db6efcf03cf9aa3927ae018f16	1793344456;1809638139
ERR204929	ftp.sra.ebi.ac.uk/vol1/run/ERR204/ERR204929/NA06986.3.M_120202_1_1.fastq.gz;ftp.sra.ebi.ac.uk/vol1/run/ERR204/ERR204929/NA06986.3.M_120202_1_2.fastq.gz	f061ad9604e3a37e6344d0b27a1060c7;5d30876afbbea354ad135f97a866e216	1549459574;1540726614
ERR188199	ftp.sra.ebi.ac.uk/vol1/run/ERR188/ERR188199/NA20585.3.M_120202_6_1.fastq.gz;ftp.sra.ebi.ac.uk/vol1/run/ERR188/ERR188199/NA20585.3.M_120202_6_2.fastq.gz	61bfcfe81d619460c3bb7f957eff0dda;375c0138547981fcb2a5403b6d46d400	1504065519;1495540601
ERR204930	ftp.sra.ebi.ac.uk/vol1/run/ERR204/ERR204930/NA19095.4.M_120208_2_1.fastq.gz;ftp.sra.ebi.ac.uk/vol1/run/ERR204/ERR204930/NA19095.4.M_120208_2_2.fastq.gz	abcd18f4bd40287bca6a88c2e8239270;bf79f15933f0da4c2636cef8169228d0	1515763860;1510337133
ERR188202	ftp.sra.ebi.ac.uk/vol1/run/ERR188/ERR188202/NA06989.3.M_120202_7_1.fastq.gz;ftp.sra.ebi.ac.uk/vol1/run/ERR188/ERR188202/NA06989.3.M_120202_7_2.fastq.gz	f3f6ab65e7a9e0f49fe5e8aea3a9ca4c;fa7ebc6dd6ac85d40c0b82ddef14ebbe	1646649416;1626174328
ERR204933	ftp.sra.ebi.ac.uk/vol1/run/ERR204/ERR204933/NA19256.1.M_120209_3_1.fastq.gz;ftp.sra.ebi.ac.uk/vol1/run/ERR204/ERR204933/NA19256.1.M_120209_3_2.fastq.gz	1b784151a0ba14d7cf397aa794fbe1a5;d36f2c426cbda0b422b1b73ad3c17ad2	919510099;932807980
ERR188203	ftp.sra.ebi.ac.uk/vol1/run/ERR188/ERR188203/NA20542.7.M_120219_2_1.fastq.gz;ftp.sra.ebi.ac.uk/vol1/run/ERR188/ERR188203/NA20542.7.M_120219_2_2.fastq.gz	17f9a29d39d8fb62d425e46e0088f8e2;5cb7c844140f8bcea0d42e0df9ef51f8	1610017471;1619401419
ERR204940	ftp.sra.ebi.ac.uk/vol1/run/ERR204/ERR204940/NA18861.4.M_120208_5_1.fastq.gz;ftp.sra.ebi.ac.uk/vol1/run/ERR204/ERR204940/NA18861.4.M_120208_5_2.fastq.gz	80e9616c851d181ad1c4de2e920e49b3;e37deadd06f4b154fb577d29fd6edee4	1834124296;1821072472
ERR188207	ftp.sra.ebi.ac.uk/vol1/run/ERR188/ERR188207/NA19222.2.M_111216_7_1.fastq.gz;ftp.sra.ebi.ac.uk/vol1/run/ERR188/ERR188207/NA19222.2.M_111216_7_2.fastq.gz	9fa3a4471036f58ce3cd2e6968dd5d08;a66b48186c3afa6061692dd91b91b66d	2648486211;2656922833
ERR204942	ftp.sra.ebi.ac.uk/vol1/run/ERR204/ERR204942/NA18908.1.M_120209_8_1.fastq.gz;ftp.sra.ebi.ac.uk/vol1/run/ERR204/ERR204942/NA18908.1.M_120209_8_2.fastq.gz	72bcccbd2c082b773971089492885a39;40dd5d17c26e63d96e0f4552e41a7e3a	1267971606;1283211557
ERR188208	ftp.sra.ebi.ac.uk/vol1/run/ERR188/ERR188208/NA20538.3.M_120202_6_1.fastq.gz;ftp.sra.ebi.ac.uk/vol1/run/ERR188/ERR188208/NA20538.3.M_120202_6_2.fastq.gz	bf6b43fb38655368f679274b58fd6bd7;7a8086dbefd56fe2b5194f5e41654a74	1205844404;1203702455
ERR204947	ftp.sra.ebi.ac.uk/vol1/run/ERR204/ERR204947/HG00137.1.M_120209_6_1.fastq.gz;ftp.sra.ebi.ac.uk/vol1/run/ERR204/ERR204947/HG00137.1.M_120209_6_2.fastq.gz	82e27a6a658b123c5176afe23108e8de;0cdc32f6cb486676a7bf32b7a5093d1d	1474564455;1501177511
ERR188210	ftp.sra.ebi.ac.uk/vol1/run/ERR188/ERR188210/NA20816.3.M_120202_7_1.fastq.gz;ftp.sra.ebi.ac.uk/vol1/run/ERR188/ERR188210/NA20816.3.M_120202_7_2.fastq.gz	c63eb9586f8a5db57b54a352426d12e7;6736261a03a9f8fa074e9481cafd72e6	2116870722;2085950725
ERR204951	ftp.sra.ebi.ac.uk/vol1/run/ERR204/ERR204951/HG00131.1.M_120209_8_1.fastq.gz;ftp.sra.ebi.ac.uk/vol1/run/ERR204/ERR204951/HG00131.1.M_120209_8_2.fastq.gz	b29a3bcf761fe26178c88e3cbaab6b3e;bab34e8fbeeb0e3c82881d26b55010a6	969158695;982159194
ERR188215	ftp.sra.ebi.ac.uk/vol1/run/ERR188/ERR188215/HG00361.7.M_120219_5_1.fastq.gz;ftp.sra.ebi.ac.uk/vol1/run/ERR188/ERR188215/HG00361.7.M_120219_5_2.fastq.gz	11673171087e596f686daee26717fdfb;aa6d9048c10623aecc4bed6dd15f43dc	2849418709;2880639885
ERR204959	ftp.sra.ebi.ac.uk/vol1/run/ERR204/ERR204959/NA19206.1.M_120209_2_1.fastq.gz;ftp.sra.ebi.ac.uk/vol1/run/ERR204/ERR204959/NA19206.1.M_120209_2_2.fastq.gz	3a8a6dde60b2351a70c77ac350942328;789b8e2c42fcaf3de47120a5c43d4122	872921038;885947501
ERR188218	ftp.sra.ebi.ac.uk/vol1/run/ERR188/ERR188218/HG00325.5.M_120131_1_1.fastq.gz;ftp.sra.ebi.ac.uk/vol1/run/ERR188/ERR188218/HG00325.5.M_120131_1_2.fastq.gz	cca2666203f82aa1a90eea27e2466471;1b99356645cdd641f8492b3c459941db	2359534229;2379224262
ERR204969	ftp.sra.ebi.ac.uk/vol1/run/ERR204/ERR204969/NA19096.1.M_120209_8_1.fastq.gz;ftp.sra.ebi.ac.uk/vol1/run/ERR204/ERR204969/NA19096.1.M_120209_8_2.fastq.gz	1e0539f0548f87e8e18b9c58b1d196a9;eed78f8601c35393952c7799eb9c4c02	935693671;944591402
ERR188222	ftp.sra.ebi.ac.uk/vol1/run/ERR188/ERR188222/HG00265.2.M_111215_4_1.fastq.gz;ftp.sra.ebi.ac.uk/vol1/run/ERR188/ERR188222/HG00265.2.M_111215_4_2.fastq.gz	6fca83cfd2af00d367675b7a1de9f9ef;9e4c60ccd795974179c06f0716d26769	2249105757;2259637117
ERR188226	ftp.sra.ebi.ac.uk/vol1/run/ERR188/ERR188226/NA20532.3.M_120202_7_1.fastq.gz;ftp.sra.ebi.ac.uk/vol1/run/ERR188/ERR188226/NA20532.3.M_120202_7_2.fastq.gz	69d9523c915aaced2e5a903a4716a5b8;eefb0c473a24f5c5aca3de0a72e27459	1610995444;1584633687
ERR204971	ftp.sra.ebi.ac.uk/vol1/run/ERR204/ERR204971/NA19185.1.M_120209_4_1.fastq.gz;ftp.sra.ebi.ac.uk/vol1/run/ERR204/ERR204971/NA19185.1.M_120209_4_2.fastq.gz	a0a024bf2fc3e7493e293ed09c46c944;752a7dc0ee105b7426c14a6795a7d03e	948019924;949814326
ERR188229	ftp.sra.ebi.ac.uk/vol1/run/ERR188/ERR188229/NA12044.4.M_120208_8_1.fastq.gz;ftp.sra.ebi.ac.uk/vol1/run/ERR188/ERR188229/NA12044.4.M_120208_8_2.fastq.gz	7ec66afecee329295ac43c1d3b8a4855;9cf3b4452e83c52a924bf909118492e3	2272528808;2266795827
ERR204981	ftp.sra.ebi.ac.uk/vol1/run/ERR204/ERR204981/NA19160.1.M_120209_5_1.fastq.gz;ftp.sra.ebi.ac.uk/vol1/run/ERR204/ERR204981/NA19160.1.M_120209_5_2.fastq.gz	0a210b594db2bfefceae755e48585837;f0e06068c8a6ac4914f94cc8c867c544	1169564993;1189633953
ERR188230	ftp.sra.ebi.ac.uk/vol1/run/ERR188/ERR188230/HG00278.1.M_111124_5_1.fastq.gz;ftp.sra.ebi.ac.uk/vol1/run/ERR188/ERR188230/HG00278.1.M_111124_5_2.fastq.gz	677af777178b4ec56d4ff3c54a3eb372;d8af1496f14921cbffda6f85e320622b	1625055391;1642870334
ERR204989	ftp.sra.ebi.ac.uk/vol1/run/ERR204/ERR204989/NA19150.1.M_120209_7_1.fastq.gz;ftp.sra.ebi.ac.uk/vol1/run/ERR204/ERR204989/NA19150.1.M_120209_7_2.fastq.gz	92c514a09f5d0113f8f8ee011c0bad43;944f130229ee08bbc8b997022c0e092d	1271020902;1291407829
ERR188240	ftp.sra.ebi.ac.uk/vol1/run/ERR188/ERR188240/HG00306.1.M_111124_1_1.fastq.gz;ftp.sra.ebi.ac.uk/vol1/run/ERR188/ERR188240/HG00306.1.M_111124_1_2.fastq.gz	3c87f670cbfac279d7e45c49907bb660;e3a96bfbe2aec2ef5d3bab1505cb5c7b	1708063375;1726483698
ERR204998	ftp.sra.ebi.ac.uk/vol1/run/ERR204/ERR204998/HG00328.1.M_120209_2_1.fastq.gz;ftp.sra.ebi.ac.uk/vol1/run/ERR204/ERR204998/HG00328.1.M_120209_2_2.fastq.gz	16e27d52862279bd8080154584b2b90c;d5332f3f0fe32fdb1f6072dc06dc58ac	1035060003;1053029805
ERR188241	ftp.sra.ebi.ac.uk/vol1/run/ERR188/ERR188241/HG00356.2.M_111215_6_1.fastq.gz;ftp.sra.ebi.ac.uk/vol1/run/ERR188/ERR188241/HG00356.2.M_111215_6_2.fastq.gz	a7f9888f5b37e144b011d89b675492ab;89cf08a61992a41346f068aa750101b0	3040324039;3084222481
ERR205002	ftp.sra.ebi.ac.uk/vol1/run/ERR205/ERR205002/HG00134.1.M_120209_3_1.fastq.gz;ftp.sra.ebi.ac.uk/vol1/run/ERR205/ERR205002/HG00134.1.M_120209_3_2.fastq.gz	6c53b4ec63c806f152961f6b4e3182e5;2311b6dbda2d3619ebfbe55eb501550a	1043491675;1061094049
ERR188243	ftp.sra.ebi.ac.uk/vol1/run/ERR188/ERR188243/NA19098.5.M_120131_1_1.fastq.gz;ftp.sra.ebi.ac.uk/vol1/run/ERR188/ERR188243/NA19098.5.M_120131_1_2.fastq.gz	656add85164ff0fd67160caadbc30fae;911c466512e16c110b1f4df6215f4ccf	2643505484;2661355160
ERR205015	ftp.sra.ebi.ac.uk/vol1/run/ERR205/ERR205015/HG00325.1.M_120209_3_1.fastq.gz;ftp.sra.ebi.ac.uk/vol1/run/ERR205/ERR205015/HG00325.1.M_120209_3_2.fastq.gz	eca823f0f4ef2c83955621849766a853;dea5b5edc778b86b57904ba1290ae963	785820184;800184850
ERR188247	ftp.sra.ebi.ac.uk/vol1/run/ERR188/ERR188247/HG00104.1.M_111124_5_1.fastq.gz;ftp.sra.ebi.ac.uk/vol1/run/ERR188/ERR188247/HG00104.1.M_111124_5_2.fastq.gz	661be9089c99d9cc25436c0adccbe35c;9bf8302d8d9dd0fa26b1a1791d118e7b	1898029156;1913772196
ERR205021	ftp.sra.ebi.ac.uk/vol1/run/ERR205/ERR205021/NA19210.1.M_120209_1_1.fastq.gz;ftp.sra.ebi.ac.uk/vol1/run/ERR205/ERR205021/NA19210.1.M_120209_1_2.fastq.gz	c2687377c58d25b6996c8fed52f93596;5ba97b2b75470a458006c86e064dd507	1159901843;1181157429
ERR188255	ftp.sra.ebi.ac.uk/vol1/run/ERR188/ERR188255/HG00323.1.M_111124_4_1.fastq.gz;ftp.sra.ebi.ac.uk/vol1/run/ERR188/ERR188255/HG00323.1.M_111124_4_2.fastq.gz	dbff88f46ba3fe4fbf9b8253ff549666;971a3c077921a0362f96ea01f884ed31	1553496295;1562871812
ERR188260	ftp.sra.ebi.ac.uk/vol1/run/ERR188/ERR188260/HG00369.5.M_120131_1_1.fastq.gz;ftp.sra.ebi.ac.uk/vol1/run/ERR188/ERR188260/HG00369.5.M_120131_1_2.fastq.gz	2be44c63ae3e24ff136359cb5293bded;25cdf9af8beb102deac4c59db9554f8c	2204964188;2219178721
ERR188264	ftp.sra.ebi.ac.uk/vol1/run/ERR188/ERR188264/HG00274.6.M_120119_1_1.fastq.gz;ftp.sra.ebi.ac.uk/vol1/run/ERR188/ERR188264/HG00274.6.M_120119_1_2.fastq.gz	c0ed34f6c9d041d775978c094175f1f4;187d0d8107d7f07066b85c899e472878	2176259739;2188451679
ERR188270	ftp.sra.ebi.ac.uk/vol1/run/ERR188/ERR188270/HG00342.1.M_111124_1_1.fastq.gz;ftp.sra.ebi.ac.uk/vol1/run/ERR188/ERR188270/HG00342.1.M_111124_1_2.fastq.gz	40a1f00d5c2303ca4e9ea006a5d98eed;e4590d229086dfaa2042fdd584b1a60d	2465846985;2494635653
ERR188274	ftp.sra.ebi.ac.uk/vol1/run/ERR188/ERR188274/HG00277.3.M_120202_6_1.fastq.gz;ftp.sra.ebi.ac.uk/vol1/run/ERR188/ERR188274/HG00277.3.M_120202_6_2.fastq.gz	e9b67c657fe46d538ca43788c5ef5602;e49f55e12c78f92059ee78852005e1dc	1715166283;1711821990
ERR188275	ftp.sra.ebi.ac.uk/vol1/run/ERR188/ERR188275/NA19201.1.M_111124_3_1.fastq.gz;ftp.sra.ebi.ac.uk/vol1/run/ERR188/ERR188275/NA19201.1.M_111124_3_2.fastq.gz	a10f2b8ac0a4f4bb736972736c27d000;8b054434eef35b33a6f960bfa8318bc7	2101714956;2146727924
ERR188277	ftp.sra.ebi.ac.uk/vol1/run/ERR188/ERR188277/NA12340.5.M_120131_7_1.fastq.gz;ftp.sra.ebi.ac.uk/vol1/run/ERR188/ERR188277/NA12340.5.M_120131_7_2.fastq.gz	909d75487fcf42f015badae8ea90762d;6bc01c3e77f1e6e698f38e73bca33075	2077889105;2086840497
ERR188280	ftp.sra.ebi.ac.uk/vol1/run/ERR188/ERR188280/HG00381.3.M_120202_7_1.fastq.gz;ftp.sra.ebi.ac.uk/vol1/run/ERR188/ERR188280/HG00381.3.M_120202_7_2.fastq.gz	0b17c488e2c1a0bb5c98e6bc7c4e9394;1fceb089ea4d9313c9c288d0860c1364	979360400;988800141
ERR188290	ftp.sra.ebi.ac.uk/vol1/run/ERR188/ERR188290/NA20811.1.M_111124_5_1.fastq.gz;ftp.sra.ebi.ac.uk/vol1/run/ERR188/ERR188290/NA20811.1.M_111124_5_2.fastq.gz	5bc0040515ad14e9f5169db400c985c2;0390e440e8852c6df6c42de1d37c234a	1667785692;1687340654
ERR188299	ftp.sra.ebi.ac.uk/vol1/run/ERR188/ERR188299/HG00376.2.M_111216_1_1.fastq.gz;ftp.sra.ebi.ac.uk/vol1/run/ERR188/ERR188299/HG00376.2.M_111216_1_2.fastq.gz	b5d72e6bd5559b86ecdeaf7604431ed9;a176e5b9ce1d5a380efed5e21ff20176	2549537029;2565871723
ERR188300	ftp.sra.ebi.ac.uk/vol1/run/ERR188/ERR188300/HG00319.4.M_120208_7_1.fastq.gz;ftp.sra.ebi.ac.uk/vol1/run/ERR188/ERR188300/HG00319.4.M_120208_7_2.fastq.gz	a4494edcddf93644441f43bb7c4d383a;76f3fe8e0ad758b00c774e81293d9daf	1863942447;1857106268
ERR188303	ftp.sra.ebi.ac.uk/vol1/run/ERR188/ERR188303/HG00364.2.M_111215_8_1.fastq.gz;ftp.sra.ebi.ac.uk/vol1/run/ERR188/ERR188303/HG00364.2.M_111215_8_2.fastq.gz	11e2025b5d2920cea944120a751d763e;663afa5d0c1ac056f152ff494fa41b67	2812912151;2851482693
ERR188304	ftp.sra.ebi.ac.uk/vol1/run/ERR188/ERR188304/HG00179.1.M_111124_8_1.fastq.gz;ftp.sra.ebi.ac.uk/vol1/run/ERR188/ERR188304/HG00179.1.M_111124_8_2.fastq.gz	9e06c967d99af03a2a2a683c3eff04bd;85b20c9c50ed54a22e5b76d1ae0a8443	1752681770;1770750953
ERR188305	ftp.sra.ebi.ac.uk/vol1/run/ERR188/ERR188305/NA20773.6.M_120119_4_1.fastq.gz;ftp.sra.ebi.ac.uk/vol1/run/ERR188/ERR188305/NA20773.6.M_120119_4_2.fastq.gz	226fd0225ec5f44fb67529295f65d17f;c87fe3f111d1c404587e2d3cc416e2a1	1677397438;1698169612
ERR188309	ftp.sra.ebi.ac.uk/vol1/run/ERR188/ERR188309/HG00150.4.M_120208_7_1.fastq.gz;ftp.sra.ebi.ac.uk/vol1/run/ERR188/ERR188309/HG00150.4.M_120208_7_2.fastq.gz	712cc38ebca970a779c8ed78e78c553e;e67a0f63f24726b51c4025e7cb84ec96	2124773000;2114169336
ERR188314	ftp.sra.ebi.ac.uk/vol1/run/ERR188/ERR188314/HG00380.3.M_120202_8_1.fastq.gz;ftp.sra.ebi.ac.uk/vol1/run/ERR188/ERR188314/HG00380.3.M_120202_8_2.fastq.gz	37b2b8dce4cc9ed5b681e5047ae2efa5;b92b4f893bc789cb19bdab2003d0c2e4	1672054292;1664817881
ERR188315	ftp.sra.ebi.ac.uk/vol1/run/ERR188/ERR188315/HG00120.3.M_120202_2_1.fastq.gz;ftp.sra.ebi.ac.uk/vol1/run/ERR188/ERR188315/HG00120.3.M_120202_2_2.fastq.gz	b3e81361056b06ad8e87d4d9b039bbc0;abb6dc892b15cafb95aeab8c411f98ee	1110563669;1126652537
ERR188319	ftp.sra.ebi.ac.uk/vol1/run/ERR188/ERR188319/NA12249.1.M_120209_1_1.fastq.gz;ftp.sra.ebi.ac.uk/vol1/run/ERR188/ERR188319/NA12249.1.M_120209_1_2.fastq.gz	b2f82a24b5e0c22f805b1fd8bd38865c;d9b173e3ac79c8d7d137cfd478048e83	1905867475;1939063746
ERR188321	ftp.sra.ebi.ac.uk/vol1/run/ERR188/ERR188321/HG00339.4.M_120208_1_1.fastq.gz;ftp.sra.ebi.ac.uk/vol1/run/ERR188/ERR188321/HG00339.4.M_120208_1_2.fastq.gz	daf7142b41298c4839c5ac0d1bf2e031;44a8ac3fee083afb93bf69126b88869a	2007689389;2025317584
ERR188324	ftp.sra.ebi.ac.uk/vol1/run/ERR188/ERR188324/NA07347.7.M_120219_3_1.fastq.gz;ftp.sra.ebi.ac.uk/vol1/run/ERR188/ERR188324/NA07347.7.M_120219_3_2.fastq.gz	a0557b38ecabd0382a1ef3a095de0ef8;04077a9718918c8db0ce8564309e8465	2657794738;2700190341
ERR188325	ftp.sra.ebi.ac.uk/vol1/run/ERR188/ERR188325/NA06984.1.M_111124_4_1.fastq.gz;ftp.sra.ebi.ac.uk/vol1/run/ERR188/ERR188325/NA06984.1.M_111124_4_2.fastq.gz	684486af0594522edca1112a45cc0ca4;d8230133fd54b255198466053beb1d3b	1553654248;1552581205
ERR188327	ftp.sra.ebi.ac.uk/vol1/run/ERR188/ERR188327/NA06985.1.M_111124_7_1.fastq.gz;ftp.sra.ebi.ac.uk/vol1/run/ERR188/ERR188327/NA06985.1.M_111124_7_2.fastq.gz	d73dba1f414116000a226c1475af1266;583119ca3697f393b2aecf3cd9584d66	2232727774;2242556946
ERR188331	ftp.sra.ebi.ac.uk/vol1/run/ERR188/ERR188331/NA12155.4.M_120208_8_1.fastq.gz;ftp.sra.ebi.ac.uk/vol1/run/ERR188/ERR188331/NA12155.4.M_120208_8_2.fastq.gz	3de9006cc8846d0eb41e3c136994100e;0c77290639c0efc7022e4cc61ca2b0ba	1655366701;1654575862
ERR188333	ftp.sra.ebi.ac.uk/vol1/run/ERR188/ERR188333/HG00238.5.M_120131_5_1.fastq.gz;ftp.sra.ebi.ac.uk/vol1/run/ERR188/ERR188333/HG00238.5.M_120131_5_2.fastq.gz	6c8301193dcebcbc460faa56bfdeea52;b9dd5850de88809dca911d8c03b1bbf8	2011673359;2020002974
ERR188336	ftp.sra.ebi.ac.uk/vol1/run/ERR188/ERR188336/NA12004.4.M_120208_5_1.fastq.gz;ftp.sra.ebi.ac.uk/vol1/run/ERR188/ERR188336/NA12004.4.M_120208_5_2.fastq.gz	66aaab87d6998fc338db7495f9b777a2;dca8cde49d4976f05f5db491ba9f32eb	1724808118;1721871766
ERR188338	ftp.sra.ebi.ac.uk/vol1/run/ERR188/ERR188338/HG00134.6.M_120119_6_1.fastq.gz;ftp.sra.ebi.ac.uk/vol1/run/ERR188/ERR188338/HG00134.6.M_120119_6_2.fastq.gz	473bf66157d5aeb824d6a1626f74b5e8;8a66b94d585658c7ce95fbb3986ec702	2704379323;2729293575
ERR188345	ftp.sra.ebi.ac.uk/vol1/run/ERR188/ERR188345/NA20771.2.M_111215_7_1.fastq.gz;ftp.sra.ebi.ac.uk/vol1/run/ERR188/ERR188345/NA20771.2.M_111215_7_2.fastq.gz	092c2b7a228eaafa315a0744695be5d5;eab0c2c33c3f5075e47f30fca61c314c	2276262963;2308871756
ERR188346	ftp.sra.ebi.ac.uk/vol1/run/ERR188/ERR188346/HG00312.7.M_120219_6_1.fastq.gz;ftp.sra.ebi.ac.uk/vol1/run/ERR188/ERR188346/HG00312.7.M_120219_6_2.fastq.gz	2deb1f938bbca57bbd27d37045747016;d938baf7301811b1a286a6784e74682e	4185873755;4216960891
ERR188350	ftp.sra.ebi.ac.uk/vol1/run/ERR188/ERR188350/NA12399.1.M_120209_4_1.fastq.gz;ftp.sra.ebi.ac.uk/vol1/run/ERR188/ERR188350/NA12399.1.M_120209_4_2.fastq.gz	641e9d40b4a9db468b19095f5342b718;42a305abc181e570acf3a8b6793c287f	949284716;966029170
ERR188354	ftp.sra.ebi.ac.uk/vol1/run/ERR188/ERR188354/NA12775.7.M_120219_5_1.fastq.gz;ftp.sra.ebi.ac.uk/vol1/run/ERR188/ERR188354/NA12775.7.M_120219_5_2.fastq.gz	9e475353cce2dac34c27d6cf654f8795;495a476b179230e1ad8457b3cbac4b97	3828550604;3902481197
ERR188360	ftp.sra.ebi.ac.uk/vol1/run/ERR188/ERR188360/NA20787.6.M_120119_3_1.fastq.gz;ftp.sra.ebi.ac.uk/vol1/run/ERR188/ERR188360/NA20787.6.M_120119_3_2.fastq.gz	60b6bcd6ce8a9387827ce38f18d04b80;b678d7bcadf60320b72edca05ed5ef4f	2004026654;2007749171
ERR188363	ftp.sra.ebi.ac.uk/vol1/run/ERR188/ERR188363/NA19206.2.M_111215_5_1.fastq.gz;ftp.sra.ebi.ac.uk/vol1/run/ERR188/ERR188363/NA19206.2.M_111215_5_2.fastq.gz	90f01fff0c3a714325fb04ab5ececda1;66605e522c49503e56a4f58f0ce65a66	3092031284;3108505717
ERR188365	ftp.sra.ebi.ac.uk/vol1/run/ERR188/ERR188365/NA19117.1.M_111124_4_1.fastq.gz;ftp.sra.ebi.ac.uk/vol1/run/ERR188/ERR188365/NA19117.1.M_111124_4_2.fastq.gz	64f51474fac6fd840440023ba5bc38a0;206b76255a0f03985b993cd87ba11f3b	2366745005;2388163890
ERR188371	ftp.sra.ebi.ac.uk/vol1/run/ERR188/ERR188371/NA11920.2.M_120131_1_1.fastq.gz;ftp.sra.ebi.ac.uk/vol1/run/ERR188/ERR188371/NA11920.2.M_120131_1_2.fastq.gz	7feb66654a67b027caede872b2b79d83;1b5543d7988b6d63c28c0e2e7013135d	2469026039;2464516430
ERR188375	ftp.sra.ebi.ac.uk/vol1/run/ERR188/ERR188375/NA18858.2.M_111216_8_1.fastq.gz;ftp.sra.ebi.ac.uk/vol1/run/ERR188/ERR188375/NA18858.2.M_111216_8_2.fastq.gz	4e33b6f8434eb6e8b2906a6d9d35dd8a;337bacf5395e09a934b5729f42a7516a	2351685212;2355927538
ERR188377	ftp.sra.ebi.ac.uk/vol1/run/ERR188/ERR188377/NA12045.3.M_120202_3_1.fastq.gz;ftp.sra.ebi.ac.uk/vol1/run/ERR188/ERR188377/NA12045.3.M_120202_3_2.fastq.gz	f6d5c21d3ce1e493bedbb0e542f58568;6adafa71b28458e8a01ec411e4afe7e9	1458721605;1450266954
ERR188383	ftp.sra.ebi.ac.uk/vol1/run/ERR188/ERR188383/HG00136.4.M_120208_7_1.fastq.gz;ftp.sra.ebi.ac.uk/vol1/run/ERR188/ERR188383/HG00136.4.M_120208_7_2.fastq.gz	a38475b5f122e76ada6d69cdf6c64067;ae337a2fecea2624ea73d360dd6ca2e0	1974926529;1962964847
ERR188395	ftp.sra.ebi.ac.uk/vol1/run/ERR188/ERR188395/HG00365.7.M_120219_5_1.fastq.gz;ftp.sra.ebi.ac.uk/vol1/run/ERR188/ERR188395/HG00365.7.M_120219_5_2.fastq.gz	fa449b7b5eb93f900d58fa81f7f47977;54ff8d780a940bc50a5c9a75babae069	4603740043;4690845560
ERR188396	ftp.sra.ebi.ac.uk/vol1/run/ERR188/ERR188396/NA12383.1.M_111124_3_1.fastq.gz;ftp.sra.ebi.ac.uk/vol1/run/ERR188/ERR188396/NA12383.1.M_111124_3_2.fastq.gz	47d13a7300502fb6ca3ebaa447882ec2;3a64e9e6d52fd7b0a746756699dad255	1986331085;2018179489
ERR188400	ftp.sra.ebi.ac.uk/vol1/run/ERR188/ERR188400/HG00188.1.M_111124_3_1.fastq.gz;ftp.sra.ebi.ac.uk/vol1/run/ERR188/ERR188400/HG00188.1.M_111124_3_2.fastq.gz	142350b55ede4051b513e1990c51b82f;1f9563ba38fc2b2ee96db9d9d3d78498	2544652529;2575497327
ERR188403	ftp.sra.ebi.ac.uk/vol1/run/ERR188/ERR188403/HG00131.2.M_111215_5_1.fastq.gz;ftp.sra.ebi.ac.uk/vol1/run/ERR188/ERR188403/HG00131.2.M_111215_5_2.fastq.gz	2d70be23396bcb13c26a55374aeaa153;78b4e67e186ea2ca3ce21b20892d32c2	2419338287;2433351036
ERR188405	ftp.sra.ebi.ac.uk/vol1/run/ERR188/ERR188405/NA20799.1.M_111124_3_1.fastq.gz;ftp.sra.ebi.ac.uk/vol1/run/ERR188/ERR188405/NA20799.1.M_111124_3_2.fastq.gz	5cebe553e6d814216e1a6681c2c06762;5f3c2510442a0c6d96d908a79b6b94ab	2339626281;2377282630
ERR188411	ftp.sra.ebi.ac.uk/vol1/run/ERR188/ERR188411/HG00243.4.M_120208_2_1.fastq.gz;ftp.sra.ebi.ac.uk/vol1/run/ERR188/ERR188411/HG00243.4.M_120208_2_2.fastq.gz	1fdcab65654173501a9d7d4b8518d909;3280842e4b9de0e8b41c578157461420	1969818311;1957870666
ERR188412	ftp.sra.ebi.ac.uk/vol1/run/ERR188/ERR188412/HG00129.4.M_120208_8_1.fastq.gz;ftp.sra.ebi.ac.uk/vol1/run/ERR188/ERR188412/HG00129.4.M_120208_8_2.fastq.gz	1cc409fcbbd8aa373d586fac550eacee;f339f5d4ae97ccfed5977504bafb8b9e	1801532550;1810725989
ERR188415	ftp.sra.ebi.ac.uk/vol1/run/ERR188/ERR188415/NA12058.5.M_120131_7_1.fastq.gz;ftp.sra.ebi.ac.uk/vol1/run/ERR188/ERR188415/NA12058.5.M_120131_7_2.fastq.gz	286c516f821bffe696b8747ce55590fc;35352a9834355860b7c270770345f766	2145376225;2155834519
ERR188416	ftp.sra.ebi.ac.uk/vol1/run/ERR188/ERR188416/HG00102.3.M_120202_8_1.fastq.gz;ftp.sra.ebi.ac.uk/vol1/run/ERR188/ERR188416/HG00102.3.M_120202_8_2.fastq.gz	2fb52fb24b91518096e7dccd65b96455;4c84cfe60910de0ca3c58793ed40b1e8	1675589959;1686509517
ERR188423	ftp.sra.ebi.ac.uk/vol1/run/ERR188/ERR188423/NA19107.2.M_111216_5_1.fastq.gz;ftp.sra.ebi.ac.uk/vol1/run/ERR188/ERR188423/NA19107.2.M_111216_5_2.fastq.gz	b6dec6cc9960151b1c04e27ae9b81cd3;e68a2ee16f3bd2d8a755e93f411da4ea	2247106995;2254612925
ERR188424	ftp.sra.ebi.ac.uk/vol1/run/ERR188/ERR188424/NA20819.3.M_120202_2_1.fastq.gz;ftp.sra.ebi.ac.uk/vol1/run/ERR188/ERR188424/NA20819.3.M_120202_2_2.fastq.gz	fc6414260d007dde9e0ecef521c23d52;d1a0b7d1cb7d13e71f1888969e799df6	1685633205;1686938906
ERR188426	ftp.sra.ebi.ac.uk/vol1/run/ERR188/ERR188426/NA11843.4.M_120208_6_1.fastq.gz;ftp.sra.ebi.ac.uk/vol1/run/ERR188/ERR188426/NA11843.4.M_120208_6_2.fastq.gz	9b7c56cedf4d82131462908d7ed818f5;28b4ee53e321eb1d785e0206c1b00457	2140176725;2149733323
ERR188428	ftp.sra.ebi.ac.uk/vol1/run/ERR188/ERR188428/HG00099.5.M_120131_3_1.fastq.gz;ftp.sra.ebi.ac.uk/vol1/run/ERR188/ERR188428/HG00099.5.M_120131_3_2.fastq.gz	438339b92ff75bae11ceb82a0fd501a3;ed196e43a5b898a2959492c808ac47a7	2522415367;2532732024
ERR188432	ftp.sra.ebi.ac.uk/vol1/run/ERR188/ERR188432/HG00309.7.M_120219_7_1.fastq.gz;ftp.sra.ebi.ac.uk/vol1/run/ERR188/ERR188432/HG00309.7.M_120219_7_2.fastq.gz	73f627597e45ac6fa1c31fc501f0d058;fe9bc208fac999490ff3c38d69104dc1	4338028265;4385587489
ERR188435	ftp.sra.ebi.ac.uk/vol1/run/ERR188/ERR188435/NA11830.3.M_120202_4_1.fastq.gz;ftp.sra.ebi.ac.uk/vol1/run/ERR188/ERR188435/NA11830.3.M_120202_4_2.fastq.gz	bacffe0c20be821f1b1577ad95fed9c4;107c1ba77e8bc01fe740beb4fc73bfdb	1903046096;1891245749
ERR188445	ftp.sra.ebi.ac.uk/vol1/run/ERR188/ERR188445/HG00173.3.M_120202_1_1.fastq.gz;ftp.sra.ebi.ac.uk/vol1/run/ERR188/ERR188445/HG00173.3.M_120202_1_2.fastq.gz	ec9364ddaa8fb52ffe0082af2c787547;d13fcc6afbc019adf1d003d9454dd97e	1352743295;1350877543
ERR188451	ftp.sra.ebi.ac.uk/vol1/run/ERR188/ERR188451/NA19149.1.M_111124_2_1.fastq.gz;ftp.sra.ebi.ac.uk/vol1/run/ERR188/ERR188451/NA19149.1.M_111124_2_2.fastq.gz	2483200060489cc7a3c8ee717e79cb1d;5e17b0184990f8492b10ef4157125c38	1915560345;1934803449
ERR188456	ftp.sra.ebi.ac.uk/vol1/run/ERR188/ERR188456/HG00249.3.M_120202_4_1.fastq.gz;ftp.sra.ebi.ac.uk/vol1/run/ERR188/ERR188456/HG00249.3.M_120202_4_2.fastq.gz	65dbfc4519361d5aac76807da07c9852;920817c238f461815ec99bdf54b8ce01	1207288306;1196406459
ERR188457	ftp.sra.ebi.ac.uk/vol1/run/ERR188/ERR188457/HG00280.1.M_111124_6_1.fastq.gz;ftp.sra.ebi.ac.uk/vol1/run/ERR188/ERR188457/HG00280.1.M_111124_6_2.fastq.gz	3d4809fa4cb0e2a70b4c9ba0b4156b61;6a46664542175e0fa7359f1946dd13dc	2070367193;2110450107
ERR188460	ftp.sra.ebi.ac.uk/vol1/run/ERR188/ERR188460/NA19153.1.M_111124_7_1.fastq.gz;ftp.sra.ebi.ac.uk/vol1/run/ERR188/ERR188460/NA19153.1.M_111124_7_2.fastq.gz	daa53e8f37e9f145bb73d0ee6f0dbd05;2e7682071c522a8ed8f6645355593355	2461336089;2486656504
ERR188481	ftp.sra.ebi.ac.uk/vol1/run/ERR188/ERR188481/NA07048.6.M_120119_6_1.fastq.gz;ftp.sra.ebi.ac.uk/vol1/run/ERR188/ERR188481/NA07048.6.M_120119_6_2.fastq.gz	e78b301803c4dc6f033c1925921b4598;63609c691d30d27f9e57f0134187aa50	1584891814;1600889702
ERR188482	ftp.sra.ebi.ac.uk/vol1/run/ERR188/ERR188482/HG00308.3.M_120202_3_1.fastq.gz;ftp.sra.ebi.ac.uk/vol1/run/ERR188/ERR188482/HG00308.3.M_120202_3_2.fastq.gz	9bf7b0624448f1b7517049c551d7bca8;14c0d393aa35da8e21029be19bafe780	1323321232;1316854639
ERR204825	ftp.sra.ebi.ac.uk/vol1/run/ERR204/ERR204825/NA19093.1.M_120209_7_1.fastq.gz;ftp.sra.ebi.ac.uk/vol1/run/ERR204/ERR204825/NA19093.1.M_120209_7_2.fastq.gz	0c1a22b66d71457f64d0a1092e5fd10f;cc8135c695b4aca9e37dc6c53096def5	1076666894;1089302179
ERR204832	ftp.sra.ebi.ac.uk/vol1/run/ERR204/ERR204832/NA20756.1.M_120209_4_1.fastq.gz;ftp.sra.ebi.ac.uk/vol1/run/ERR204/ERR204832/NA20756.1.M_120209_4_2.fastq.gz	b733551531092cd8d0fc1be7f00729ed;a75f922d3f9eb4d28592398a8a1faee3	1099355585;1101959842
ERR204841	ftp.sra.ebi.ac.uk/vol1/run/ERR204/ERR204841/NA11994.1.M_120209_3_1.fastq.gz;ftp.sra.ebi.ac.uk/vol1/run/ERR204/ERR204841/NA11994.1.M_120209_3_2.fastq.gz	53bca977d7623d536e9c3578ef8eefd5;81cb4c4fe4a9c8a5f4221105208fbd3d	1274568546;1296308800
ERR204850	ftp.sra.ebi.ac.uk/vol1/run/ERR204/ERR204850/NA20518.1.M_120209_6_1.fastq.gz;ftp.sra.ebi.ac.uk/vol1/run/ERR204/ERR204850/NA20518.1.M_120209_6_2.fastq.gz	eb5320792a4a893b2132bb95967e8b13;55575b9aa98e90ebc018452d6df0555e	1233652941;1251355130
ERR204852	ftp.sra.ebi.ac.uk/vol1/run/ERR204/ERR204852/NA19248.1.M_120209_2_1.fastq.gz;ftp.sra.ebi.ac.uk/vol1/run/ERR204/ERR204852/NA19248.1.M_120209_2_2.fastq.gz	c930146c7ab0b827a48609e0e7e472b9;2beb2e9083fe8fcde7117187b605e509	1118467014;1135571499
ERR204859	ftp.sra.ebi.ac.uk/vol1/run/ERR204/ERR204859/NA18486.1.M_120209_6_1.fastq.gz;ftp.sra.ebi.ac.uk/vol1/run/ERR204/ERR204859/NA18486.1.M_120209_6_2.fastq.gz	7e73087d82500b4cdbc689564aa74ad2;eb7424db67cdf73206ebd6444274a328	1002038561;1016102034
ERR204866	ftp.sra.ebi.ac.uk/vol1/run/ERR204/ERR204866/NA19197.1.M_120209_3_1.fastq.gz;ftp.sra.ebi.ac.uk/vol1/run/ERR204/ERR204866/NA19197.1.M_120209_3_2.fastq.gz	5a50e31587f55759bd636e1f82d276ae;1cdbf43cc65b9459af377b15a5ef3d9a	1125333266;1146259061
ERR204869	ftp.sra.ebi.ac.uk/vol1/run/ERR204/ERR204869/NA12144.1.M_120209_3_1.fastq.gz;ftp.sra.ebi.ac.uk/vol1/run/ERR204/ERR204869/NA12144.1.M_120209_3_2.fastq.gz	44d977878a10ceae9ac553c16fc08949;1b33001d21341b0168dc7c5dd6df3d2e	1209603990;1241395682
ERR204875	ftp.sra.ebi.ac.uk/vol1/run/ERR204/ERR204875/NA12546.1.M_120209_6_1.fastq.gz;ftp.sra.ebi.ac.uk/vol1/run/ERR204/ERR204875/NA12546.1.M_120209_6_2.fastq.gz	0e6a2060eec6287a6edd4665d33e99c6;495de8ce8cc606e456c8ac5dc4fc3428	898459819;913090377
ERR204879	ftp.sra.ebi.ac.uk/vol1/run/ERR204/ERR204879/HG00117.6.M_120217_1_1.fastq.gz;ftp.sra.ebi.ac.uk/vol1/run/ERR204/ERR204879/HG00117.6.M_120217_1_2.fastq.gz	d955c477ede7b3fc891f3c7adf5fb9f4;df28fd1d4888b9992a5661674ad2cbde	1573142706;1546341999
ERR204884	ftp.sra.ebi.ac.uk/vol1/run/ERR204/ERR204884/HG00138.1.M_120209_2_1.fastq.gz;ftp.sra.ebi.ac.uk/vol1/run/ERR204/ERR204884/HG00138.1.M_120209_2_2.fastq.gz	930c04255abeb8f9631a600f30b4ef64;6bd69ba6826e33ed6f14f982ceb6bfaa	1818799699;1846846791
ERR204897	ftp.sra.ebi.ac.uk/vol1/run/ERR204/ERR204897/NA12399.7.M_120219_1_1.fastq.gz;ftp.sra.ebi.ac.uk/vol1/run/ERR204/ERR204897/NA12399.7.M_120219_1_2.fastq.gz	6d171a00758fd74ce064510761759812;7c3d6c37e57583c568f64bd61a084ab6	5893580349;5858184606
ERR204903	ftp.sra.ebi.ac.uk/vol1/run/ERR204/ERR204903/NA18916.1.M_120209_7_1.fastq.gz;ftp.sra.ebi.ac.uk/vol1/run/ERR204/ERR204903/NA18916.1.M_120209_7_2.fastq.gz	e58a2ee4e850e47ae2ca3d8266e636d9;87eccc2ccdac921a14476d8d3dcffe08	1203788061;1214187458
ERR204906	ftp.sra.ebi.ac.uk/vol1/run/ERR204/ERR204906/NA19213.1.M_120209_1_1.fastq.gz;ftp.sra.ebi.ac.uk/vol1/run/ERR204/ERR204906/NA19213.1.M_120209_1_2.fastq.gz	80a241173efa54aa7621d28db5d2f188;779af7feb172b8e0388ea61cdbced614	1341268073;1364485085
ERR204914	ftp.sra.ebi.ac.uk/vol1/run/ERR204/ERR204914/HG00143.1.M_120209_7_1.fastq.gz;ftp.sra.ebi.ac.uk/vol1/run/ERR204/ERR204914/HG00143.1.M_120209_7_2.fastq.gz	7655c1c72c4802e1060e225595c8929f;d1f6a736191fa962cf69834e0b009625	872626132;878960026
ERR204919	ftp.sra.ebi.ac.uk/vol1/run/ERR204/ERR204919/NA18907.1.M_120209_1_1.fastq.gz;ftp.sra.ebi.ac.uk/vol1/run/ERR204/ERR204919/NA18907.1.M_120209_1_2.fastq.gz	7c3cf63c2795fea29be8b7af298501f8;018f16ed950cf2a34d9ed5e49a48655a	1164134253;1185945801
ERR204932	ftp.sra.ebi.ac.uk/vol1/run/ERR204/ERR204932/NA12006.1.M_120209_5_1.fastq.gz;ftp.sra.ebi.ac.uk/vol1/run/ERR204/ERR204932/NA12006.1.M_120209_5_2.fastq.gz	f9d13246b5ac40abd86bf6da82435abb;0e70ccfea9f666b56512351a4f5ed167	1050399926;1063699857
ERR204936	ftp.sra.ebi.ac.uk/vol1/run/ERR204/ERR204936/HG00105.1.M_120209_7_1.fastq.gz;ftp.sra.ebi.ac.uk/vol1/run/ERR204/ERR204936/HG00105.1.M_120209_7_2.fastq.gz	ed0822bfcf997f293c357086b35f9757;63d2a7103cfb858f351f216c50aa2612	1495772012;1510200313
ERR204943	ftp.sra.ebi.ac.uk/vol1/run/ERR204/ERR204943/NA12750.1.M_120209_7_1.fastq.gz;ftp.sra.ebi.ac.uk/vol1/run/ERR204/ERR204943/NA12750.1.M_120209_7_2.fastq.gz	357d22c5cce6c53be8f3bafa776d2e1b;acffe2035c5b7941345591b691d7cfa1	839106925;857400020
ERR204952	ftp.sra.ebi.ac.uk/vol1/run/ERR204/ERR204952/NA18505.1.M_120209_4_1.fastq.gz;ftp.sra.ebi.ac.uk/vol1/run/ERR204/ERR204952/NA18505.1.M_120209_4_2.fastq.gz	cca51fa563f3b90cc160089f795b4a7c;e3a0f48cb596bc9c3eb15a5095958a6e	1065537098;1068122265
ERR204954	ftp.sra.ebi.ac.uk/vol1/run/ERR204/ERR204954/NA20765.1.M_120209_7_1.fastq.gz;ftp.sra.ebi.ac.uk/vol1/run/ERR204/ERR204954/NA20765.1.M_120209_7_2.fastq.gz	b6842d8eb6943c467d8542b46148f4fb;7059ad20f3fffde192bc345d4524ed87	1282439716;1293735702
ERR204961	ftp.sra.ebi.ac.uk/vol1/run/ERR204/ERR204961/NA18488.1.M_120209_8_1.fastq.gz;ftp.sra.ebi.ac.uk/vol1/run/ERR204/ERR204961/NA18488.1.M_120209_8_2.fastq.gz	1467cebb7c9e84a680576c852263f9f2;0441bafd99a98e3b394f2fe29645bc00	938752280;951234527
ERR204976	ftp.sra.ebi.ac.uk/vol1/run/ERR204/ERR204976/NA12874.1.M_120209_3_1.fastq.gz;ftp.sra.ebi.ac.uk/vol1/run/ERR204/ERR204976/NA12874.1.M_120209_3_2.fastq.gz	5157ead39913c90fa22d694aa7628784;ca8eec79e272594ff3ad1f6322184bb3	763746817;780262903
ERR204980	ftp.sra.ebi.ac.uk/vol1/run/ERR204/ERR204980/NA19116.1.M_120209_3_1.fastq.gz;ftp.sra.ebi.ac.uk/vol1/run/ERR204/ERR204980/NA19116.1.M_120209_3_2.fastq.gz	dc016f5a02a9aff4fe6a483a30553af8;9f362b650e1021acdcc51a3b9e154239	1113933010;1133293684
ERR204985	ftp.sra.ebi.ac.uk/vol1/run/ERR204/ERR204985/NA19144.4.M_120208_2_1.fastq.gz;ftp.sra.ebi.ac.uk/vol1/run/ERR204/ERR204985/NA19144.4.M_120208_2_2.fastq.gz	9eabc6403d0249265b22c94f0ec18329;70c59cb0c06035b93df459b6d73098ba	1766217677;1755204857
ERR204992	ftp.sra.ebi.ac.uk/vol1/run/ERR204/ERR204992/NA11830.1.M_120209_6_1.fastq.gz;ftp.sra.ebi.ac.uk/vol1/run/ERR204/ERR204992/NA11830.1.M_120209_6_2.fastq.gz	71b08cc5b9ebcb3aa7c9e872c8d79b4b;54a18aeaef5b4687095b53e9f712021b	1305915341;1327183425
ERR204994	ftp.sra.ebi.ac.uk/vol1/run/ERR204/ERR204994/NA19119.1.M_120209_5_1.fastq.gz;ftp.sra.ebi.ac.uk/vol1/run/ERR204/ERR204994/NA19119.1.M_120209_5_2.fastq.gz	aa362a0d81031ebd602b083df9d1c54f;65f2e4296d8b63e3c31875ebd4af2f25	1010574809;1029666528
ERR204995	ftp.sra.ebi.ac.uk/vol1/run/ERR204/ERR204995/NA19236.1.M_120209_5_1.fastq.gz;ftp.sra.ebi.ac.uk/vol1/run/ERR204/ERR204995/NA19236.1.M_120209_5_2.fastq.gz	d36728b942719152c931a5367db3a6ef;846cf8dc108723614316bf095cb1ed67	1085758162;1100225649
ERR205001	ftp.sra.ebi.ac.uk/vol1/run/ERR205/ERR205001/NA11992.1.M_120209_6_1.fastq.gz;ftp.sra.ebi.ac.uk/vol1/run/ERR205/ERR205001/NA11992.1.M_120209_6_2.fastq.gz	4d1767f9e9d14d9258485283b3ff25e1;535f4af54266f11dfb151d67a62f3fe6	1279200652;1297929274
ERR205007	ftp.sra.ebi.ac.uk/vol1/run/ERR205/ERR205007/NA19146.1.M_120209_8_1.fastq.gz;ftp.sra.ebi.ac.uk/vol1/run/ERR205/ERR205007/NA19146.1.M_120209_8_2.fastq.gz	8820b4f8e29f97c3574ffe39420a5d22;3d5ac83cf0ea2df29083bb07477260e0	1162617388;1173538189
ERR205010	ftp.sra.ebi.ac.uk/vol1/run/ERR205/ERR205010/NA12842.1.M_120209_5_1.fastq.gz;ftp.sra.ebi.ac.uk/vol1/run/ERR205/ERR205010/NA12842.1.M_120209_5_2.fastq.gz	046c2014fd09ca5102af5b9e9a6436e0;2c675ab7b43d414fb1f89504e4214bab	934897258;945164024
ERR205011	ftp.sra.ebi.ac.uk/vol1/run/ERR205/ERR205011/NA12777.1.M_120209_4_1.fastq.gz;ftp.sra.ebi.ac.uk/vol1/run/ERR205/ERR205011/NA12777.1.M_120209_4_2.fastq.gz	f4c652dd107690eeafe9f814764517ad;314347e7da318ff7381aaafac944f032	957611082;974591047
ERR205014	ftp.sra.ebi.ac.uk/vol1/run/ERR205/ERR205014/NA07346.1.M_120209_4_1.fastq.gz;ftp.sra.ebi.ac.uk/vol1/run/ERR205/ERR205014/NA07346.1.M_120209_4_2.fastq.gz	79d319fea82352c639b0d4935dc1c788;6351e092d718b3365b26cb2752397c48	791211448;807552722
ERR205018	ftp.sra.ebi.ac.uk/vol1/run/ERR205/ERR205018/NA19113.1.M_120209_1_1.fastq.gz;ftp.sra.ebi.ac.uk/vol1/run/ERR205/ERR205018/NA19113.1.M_120209_1_2.fastq.gz	20267c275d40d4b5d9505726ed8fd9b3;a3419088fbbc32add99c1c37a4e292fe	1478778583;1504896638
ERR205023	ftp.sra.ebi.ac.uk/vol1/run/ERR205/ERR205023/NA11843.1.M_120209_5_1.fastq.gz;ftp.sra.ebi.ac.uk/vol1/run/ERR205/ERR205023/NA11843.1.M_120209_5_2.fastq.gz	e2491d79a95ea76bc3cb73ec3d5462f2;0fa7f12b7e95a7e8df45532adc64fc24	1093089542;1103146531
