cohort	repository_sample	donor	aliases	modality	sequencing_accession	biosample_accession	experiment_accession	file_accessions	source_urls	truth_identifier	sample_link_status	existing_champhla_overlap	relatedness	independence_stratum	access_class	gate_status	exclusion_reason
AFGR_MKK	ENCBS999LUG	NA21295	GM21295	rnaseq	ENCSR660NVC	ENCBS999LUG	ENCSR660NVC	ENCFF843OQB,ENCFF813APT		NA21295	unresolved_truth_file_mapping	none	requires_coriell_family_audit	donor_independent	mixed	blocked_truth_crosswalk	EGA truth file not opened; donor-level mapping unverified
AFGR_MKK	NA21295	NA21295	GM21295	wgs						NA21295	literature_only	none	requires_coriell_family_audit	donor_independent	unresolved	blocked_raw_accession	AFGR reports WGS but ENCODE AFGR collection has no WGS experiment
AFGR_MKK	ENCBS299NJK	NA21297	GM21297	rnaseq	ENCSR398IOH	ENCBS299NJK	ENCSR398IOH	ENCFF248ZEB,ENCFF946BQX		NA21297	unresolved_truth_file_mapping	none	requires_coriell_family_audit	donor_independent	mixed	blocked_truth_crosswalk	EGA truth file not opened; donor-level mapping unverified
AFGR_MKK	NA21297	NA21297	GM21297	wgs						NA21297	literature_only	none	requires_coriell_family_audit	donor_independent	unresolved	blocked_raw_accession	AFGR reports WGS but ENCODE AFGR collection has no WGS experiment
AFGR_MKK	ENCBS286FFN	NA21298	GM21298	rnaseq	ENCSR427TCZ	ENCBS286FFN	ENCSR427TCZ	ENCFF353HVN,ENCFF511OSW		NA21298	unresolved_truth_file_mapping	none	requires_coriell_family_audit	donor_independent	mixed	blocked_truth_crosswalk	EGA truth file not opened; donor-level mapping unverified
AFGR_MKK	NA21298	NA21298	GM21298	wgs						NA21298	literature_only	none	requires_coriell_family_audit	donor_independent	unresolved	blocked_raw_accession	AFGR reports WGS but ENCODE AFGR collection has no WGS experiment
AFGR_MKK	ENCBS805OCZ	NA21300	GM21300	rnaseq	ENCSR929NBE	ENCBS805OCZ	ENCSR929NBE	ENCFF102DUC,ENCFF265LDS		NA21300	unresolved_truth_file_mapping	none	requires_coriell_family_audit	donor_independent	mixed	blocked_truth_crosswalk	EGA truth file not opened; donor-level mapping unverified
AFGR_MKK	NA21300	NA21300	GM21300	wgs						NA21300	literature_only	none	requires_coriell_family_audit	donor_independent	unresolved	blocked_raw_accession	AFGR reports WGS but ENCODE AFGR collection has no WGS experiment
AFGR_MKK	ENCBS087VPK	NA21301	GM21301	rnaseq	ENCSR223TPI	ENCBS087VPK	ENCSR223TPI	ENCFF463DHI,ENCFF011AZW		NA21301	unresolved_truth_file_mapping	none	requires_coriell_family_audit	donor_independent	mixed	blocked_truth_crosswalk	EGA truth file not opened; donor-level mapping unverified
AFGR_MKK	NA21301	NA21301	GM21301	wgs						NA21301	literature_only	none	requires_coriell_family_audit	donor_independent	unresolved	blocked_raw_accession	AFGR reports WGS but ENCODE AFGR collection has no WGS experiment
AFGR_MKK	ENCBS796GBK	NA21303	GM21303	rnaseq	ENCSR237NBV	ENCBS796GBK	ENCSR237NBV	ENCFF240XFO,ENCFF395KVY		NA21303	unresolved_truth_file_mapping	none	requires_coriell_family_audit	donor_independent	mixed	blocked_truth_crosswalk	EGA truth file not opened; donor-level mapping unverified
AFGR_MKK	NA21303	NA21303	GM21303	wgs						NA21303	literature_only	none	requires_coriell_family_audit	donor_independent	unresolved	blocked_raw_accession	AFGR reports WGS but ENCODE AFGR collection has no WGS experiment
AFGR_MKK	ENCBS976WAN	NA21304	GM21304	rnaseq	ENCSR095WQC	ENCBS976WAN	ENCSR095WQC	ENCFF131DTP,ENCFF626UWK		NA21304	unresolved_truth_file_mapping	none	requires_coriell_family_audit	donor_independent	mixed	blocked_truth_crosswalk	EGA truth file not opened; donor-level mapping unverified
AFGR_MKK	NA21304	NA21304	GM21304	wgs						NA21304	literature_only	none	requires_coriell_family_audit	donor_independent	unresolved	blocked_raw_accession	AFGR reports WGS but ENCODE AFGR collection has no WGS experiment
AFGR_MKK	ENCBS826XVQ	NA21306	GM21306	rnaseq	ENCSR608WYC	ENCBS826XVQ	ENCSR608WYC	ENCFF896SLS,ENCFF316FUK		NA21306	unresolved_truth_file_mapping	none	requires_coriell_family_audit	donor_independent	mixed	blocked_truth_crosswalk	EGA truth file not opened; donor-level mapping unverified
AFGR_MKK	NA21306	NA21306	GM21306	wgs						NA21306	literature_only	none	requires_coriell_family_audit	donor_independent	unresolved	blocked_raw_accession	AFGR reports WGS but ENCODE AFGR collection has no WGS experiment
AFGR_MKK	ENCBS181RCM	NA21307	GM21307	rnaseq	ENCSR543HAT	ENCBS181RCM	ENCSR543HAT	ENCFF953YAI,ENCFF482MKE		NA21307	unresolved_truth_file_mapping	none	requires_coriell_family_audit	donor_independent	mixed	blocked_truth_crosswalk	EGA truth file not opened; donor-level mapping unverified
AFGR_MKK	NA21307	NA21307	GM21307	wgs						NA21307	literature_only	none	requires_coriell_family_audit	donor_independent	unresolved	blocked_raw_accession	AFGR reports WGS but ENCODE AFGR collection has no WGS experiment
AFGR_MKK	ENCBS686DZL	NA21308	GM21308	rnaseq	ENCSR108RIM	ENCBS686DZL	ENCSR108RIM	ENCFF129QRI,ENCFF897QEI		NA21308	unresolved_truth_file_mapping	none	requires_coriell_family_audit	donor_independent	mixed	blocked_truth_crosswalk	EGA truth file not opened; donor-level mapping unverified
AFGR_MKK	NA21308	NA21308	GM21308	wgs						NA21308	literature_only	none	requires_coriell_family_audit	donor_independent	unresolved	blocked_raw_accession	AFGR reports WGS but ENCODE AFGR collection has no WGS experiment
AFGR_MKK	ENCBS812PXX	NA21316	GM21316	rnaseq	ENCSR424DGE	ENCBS812PXX	ENCSR424DGE	ENCFF105UNZ,ENCFF062ZAB		NA21316	unresolved_truth_file_mapping	none	requires_coriell_family_audit	donor_independent	mixed	blocked_truth_crosswalk	EGA truth file not opened; donor-level mapping unverified
AFGR_MKK	NA21316	NA21316	GM21316	wgs						NA21316	literature_only	none	requires_coriell_family_audit	donor_independent	unresolved	blocked_raw_accession	AFGR reports WGS but ENCODE AFGR collection has no WGS experiment
AFGR_MKK	ENCBS292TUT	NA21318	GM21318	rnaseq	ENCSR195DEV	ENCBS292TUT	ENCSR195DEV	ENCFF870IVZ,ENCFF552TSX		NA21318	unresolved_truth_file_mapping	none	requires_coriell_family_audit	donor_independent	mixed	blocked_truth_crosswalk	EGA truth file not opened; donor-level mapping unverified
AFGR_MKK	NA21318	NA21318	GM21318	wgs						NA21318	literature_only	none	requires_coriell_family_audit	donor_independent	unresolved	blocked_raw_accession	AFGR reports WGS but ENCODE AFGR collection has no WGS experiment
AFGR_MKK	ENCBS063XEI	NA21320	GM21320	rnaseq	ENCSR671CAO	ENCBS063XEI	ENCSR671CAO	ENCFF425REO,ENCFF925ZOV		NA21320	unresolved_truth_file_mapping	none	requires_coriell_family_audit	donor_independent	mixed	blocked_truth_crosswalk	EGA truth file not opened; donor-level mapping unverified
AFGR_MKK	NA21320	NA21320	GM21320	wgs						NA21320	literature_only	none	requires_coriell_family_audit	donor_independent	unresolved	blocked_raw_accession	AFGR reports WGS but ENCODE AFGR collection has no WGS experiment
AFGR_MKK	ENCBS395DIJ	NA21333	GM21333	rnaseq	ENCSR623JKQ	ENCBS395DIJ	ENCSR623JKQ	ENCFF631UMR,ENCFF641NHK		NA21333	unresolved_truth_file_mapping	none	requires_coriell_family_audit	donor_independent	mixed	blocked_truth_crosswalk	EGA truth file not opened; donor-level mapping unverified
AFGR_MKK	NA21333	NA21333	GM21333	wgs						NA21333	literature_only	none	requires_coriell_family_audit	donor_independent	unresolved	blocked_raw_accession	AFGR reports WGS but ENCODE AFGR collection has no WGS experiment
AFGR_MKK	ENCBS000OJH	NA21335	GM21335	rnaseq	ENCSR396RWR	ENCBS000OJH	ENCSR396RWR	ENCFF609ROX,ENCFF260DBN		NA21335	unresolved_truth_file_mapping	none	requires_coriell_family_audit	donor_independent	mixed	blocked_truth_crosswalk	EGA truth file not opened; donor-level mapping unverified
AFGR_MKK	NA21335	NA21335	GM21335	wgs						NA21335	literature_only	none	requires_coriell_family_audit	donor_independent	unresolved	blocked_raw_accession	AFGR reports WGS but ENCODE AFGR collection has no WGS experiment
AFGR_MKK	ENCBS552ZUB	NA21336	GM21336	rnaseq	ENCSR954KWV	ENCBS552ZUB	ENCSR954KWV	ENCFF009NYU,ENCFF819AIS		NA21336	unresolved_truth_file_mapping	none	requires_coriell_family_audit	donor_independent	mixed	blocked_truth_crosswalk	EGA truth file not opened; donor-level mapping unverified
AFGR_MKK	NA21336	NA21336	GM21336	wgs						NA21336	literature_only	none	requires_coriell_family_audit	donor_independent	unresolved	blocked_raw_accession	AFGR reports WGS but ENCODE AFGR collection has no WGS experiment
AFGR_MKK	ENCBS455DSQ	NA21338	GM21338	rnaseq	ENCSR828IRM	ENCBS455DSQ	ENCSR828IRM	ENCFF446OBN,ENCFF427HTD		NA21338	unresolved_truth_file_mapping	none	requires_coriell_family_audit	donor_independent	mixed	blocked_truth_crosswalk	EGA truth file not opened; donor-level mapping unverified
AFGR_MKK	NA21338	NA21338	GM21338	wgs						NA21338	literature_only	none	requires_coriell_family_audit	donor_independent	unresolved	blocked_raw_accession	AFGR reports WGS but ENCODE AFGR collection has no WGS experiment
AFGR_MKK	ENCBS963YZF	NA21339	GM21339	rnaseq	ENCSR388XYJ	ENCBS963YZF	ENCSR388XYJ	ENCFF430EFM,ENCFF210ZDK		NA21339	unresolved_truth_file_mapping	none	requires_coriell_family_audit	donor_independent	mixed	blocked_truth_crosswalk	EGA truth file not opened; donor-level mapping unverified
AFGR_MKK	NA21339	NA21339	GM21339	wgs						NA21339	literature_only	none	requires_coriell_family_audit	donor_independent	unresolved	blocked_raw_accession	AFGR reports WGS but ENCODE AFGR collection has no WGS experiment
AFGR_MKK	ENCBS582KAM	NA21341	GM21341	rnaseq	ENCSR063GUM	ENCBS582KAM	ENCSR063GUM	ENCFF941RKD,ENCFF690ECC		NA21341	unresolved_truth_file_mapping	none	requires_coriell_family_audit	donor_independent	mixed	blocked_truth_crosswalk	EGA truth file not opened; donor-level mapping unverified
AFGR_MKK	NA21341	NA21341	GM21341	wgs						NA21341	literature_only	none	requires_coriell_family_audit	donor_independent	unresolved	blocked_raw_accession	AFGR reports WGS but ENCODE AFGR collection has no WGS experiment
AFGR_MKK	ENCBS153LCU	NA21344	GM21344	rnaseq	ENCSR196SAS	ENCBS153LCU	ENCSR196SAS	ENCFF277JKI,ENCFF577NQV		NA21344	unresolved_truth_file_mapping	none	requires_coriell_family_audit	donor_independent	mixed	blocked_truth_crosswalk	EGA truth file not opened; donor-level mapping unverified
AFGR_MKK	NA21344	NA21344	GM21344	wgs						NA21344	literature_only	none	requires_coriell_family_audit	donor_independent	unresolved	blocked_raw_accession	AFGR reports WGS but ENCODE AFGR collection has no WGS experiment
AFGR_MKK	ENCBS293QOL	NA21351	GM21351	rnaseq	ENCSR006WEQ	ENCBS293QOL	ENCSR006WEQ	ENCFF597ITA,ENCFF840BZU		NA21351	unresolved_truth_file_mapping	none	requires_coriell_family_audit	donor_independent	mixed	blocked_truth_crosswalk	EGA truth file not opened; donor-level mapping unverified
AFGR_MKK	NA21351	NA21351	GM21351	wgs						NA21351	literature_only	none	requires_coriell_family_audit	donor_independent	unresolved	blocked_raw_accession	AFGR reports WGS but ENCODE AFGR collection has no WGS experiment
AFGR_MKK	ENCBS735KPB	NA21352	GM21352	rnaseq	ENCSR028PMB	ENCBS735KPB	ENCSR028PMB	ENCFF255UGM,ENCFF249BSV		NA21352	unresolved_truth_file_mapping	none	requires_coriell_family_audit	donor_independent	mixed	blocked_truth_crosswalk	EGA truth file not opened; donor-level mapping unverified
AFGR_MKK	NA21352	NA21352	GM21352	wgs						NA21352	literature_only	none	requires_coriell_family_audit	donor_independent	unresolved	blocked_raw_accession	AFGR reports WGS but ENCODE AFGR collection has no WGS experiment
AFGR_MKK	ENCBS347YUC	NA21353	GM21353	rnaseq	ENCSR833FBP	ENCBS347YUC	ENCSR833FBP	ENCFF040XFO,ENCFF744IOY		NA21353	unresolved_truth_file_mapping	none	requires_coriell_family_audit	donor_independent	mixed	blocked_truth_crosswalk	EGA truth file not opened; donor-level mapping unverified
AFGR_MKK	NA21353	NA21353	GM21353	wgs						NA21353	literature_only	none	requires_coriell_family_audit	donor_independent	unresolved	blocked_raw_accession	AFGR reports WGS but ENCODE AFGR collection has no WGS experiment
AFGR_MKK	ENCBS331LLS	NA21355	GM21355	rnaseq	ENCSR614BQR	ENCBS331LLS	ENCSR614BQR	ENCFF958NQO,ENCFF796QMM		NA21355	unresolved_truth_file_mapping	none	requires_coriell_family_audit	donor_independent	mixed	blocked_truth_crosswalk	EGA truth file not opened; donor-level mapping unverified
AFGR_MKK	NA21355	NA21355	GM21355	wgs						NA21355	literature_only	none	requires_coriell_family_audit	donor_independent	unresolved	blocked_raw_accession	AFGR reports WGS but ENCODE AFGR collection has no WGS experiment
AFGR_MKK	ENCBS699IPL	NA21356	GM21356	rnaseq	ENCSR345DTP	ENCBS699IPL	ENCSR345DTP	ENCFF067OZX,ENCFF853ZQM		NA21356	unresolved_truth_file_mapping	none	requires_coriell_family_audit	donor_independent	mixed	blocked_truth_crosswalk	EGA truth file not opened; donor-level mapping unverified
AFGR_MKK	NA21356	NA21356	GM21356	wgs						NA21356	literature_only	none	requires_coriell_family_audit	donor_independent	unresolved	blocked_raw_accession	AFGR reports WGS but ENCODE AFGR collection has no WGS experiment
AFGR_MKK	ENCBS657RGZ	NA21357	GM21357	rnaseq	ENCSR163ELK	ENCBS657RGZ	ENCSR163ELK	ENCFF884TIZ,ENCFF703PQN		NA21357	unresolved_truth_file_mapping	none	requires_coriell_family_audit	donor_independent	mixed	blocked_truth_crosswalk	EGA truth file not opened; donor-level mapping unverified
AFGR_MKK	NA21357	NA21357	GM21357	wgs						NA21357	literature_only	none	requires_coriell_family_audit	donor_independent	unresolved	blocked_raw_accession	AFGR reports WGS but ENCODE AFGR collection has no WGS experiment
AFGR_MKK	ENCBS391FOL	NA21359	GM21359	rnaseq	ENCSR454NRE	ENCBS391FOL	ENCSR454NRE	ENCFF768VSN,ENCFF314SZJ		NA21359	unresolved_truth_file_mapping	none	requires_coriell_family_audit	donor_independent	mixed	blocked_truth_crosswalk	EGA truth file not opened; donor-level mapping unverified
AFGR_MKK	NA21359	NA21359	GM21359	wgs						NA21359	literature_only	none	requires_coriell_family_audit	donor_independent	unresolved	blocked_raw_accession	AFGR reports WGS but ENCODE AFGR collection has no WGS experiment
AFGR_MKK	ENCBS084XDW	NA21360	GM21360	rnaseq	ENCSR203HJG	ENCBS084XDW	ENCSR203HJG	ENCFF776IFX,ENCFF435BCM		NA21360	unresolved_truth_file_mapping	none	requires_coriell_family_audit	donor_independent	mixed	blocked_truth_crosswalk	EGA truth file not opened; donor-level mapping unverified
AFGR_MKK	NA21360	NA21360	GM21360	wgs						NA21360	literature_only	none	requires_coriell_family_audit	donor_independent	unresolved	blocked_raw_accession	AFGR reports WGS but ENCODE AFGR collection has no WGS experiment
AFGR_MKK	ENCBS823QXM	NA21362	GM21362	rnaseq	ENCSR530TPK	ENCBS823QXM	ENCSR530TPK	ENCFF335TWH,ENCFF857KOD		NA21362	unresolved_truth_file_mapping	none	requires_coriell_family_audit	donor_independent	mixed	blocked_truth_crosswalk	EGA truth file not opened; donor-level mapping unverified
AFGR_MKK	NA21362	NA21362	GM21362	wgs						NA21362	literature_only	none	requires_coriell_family_audit	donor_independent	unresolved	blocked_raw_accession	AFGR reports WGS but ENCODE AFGR collection has no WGS experiment
AFGR_MKK	ENCBS893HRS	NA21363	GM21363	rnaseq	ENCSR025LOD	ENCBS893HRS	ENCSR025LOD	ENCFF378KLF,ENCFF492PML		NA21363	unresolved_truth_file_mapping	none	requires_coriell_family_audit	donor_independent	mixed	blocked_truth_crosswalk	EGA truth file not opened; donor-level mapping unverified
AFGR_MKK	NA21363	NA21363	GM21363	wgs						NA21363	literature_only	none	requires_coriell_family_audit	donor_independent	unresolved	blocked_raw_accession	AFGR reports WGS but ENCODE AFGR collection has no WGS experiment
AFGR_MKK	ENCBS732OSU	NA21364	GM21364	rnaseq	ENCSR810GEA	ENCBS732OSU	ENCSR810GEA	ENCFF334DZB,ENCFF799HCP		NA21364	unresolved_truth_file_mapping	none	requires_coriell_family_audit	donor_independent	mixed	blocked_truth_crosswalk	EGA truth file not opened; donor-level mapping unverified
AFGR_MKK	NA21364	NA21364	GM21364	wgs						NA21364	literature_only	none	requires_coriell_family_audit	donor_independent	unresolved	blocked_raw_accession	AFGR reports WGS but ENCODE AFGR collection has no WGS experiment
AFGR_MKK	ENCBS117XQY	NA21365	GM21365	rnaseq	ENCSR866TNS	ENCBS117XQY	ENCSR866TNS	ENCFF683GSG,ENCFF062PKY		NA21365	unresolved_truth_file_mapping	none	requires_coriell_family_audit	donor_independent	mixed	blocked_truth_crosswalk	EGA truth file not opened; donor-level mapping unverified
AFGR_MKK	NA21365	NA21365	GM21365	wgs						NA21365	literature_only	none	requires_coriell_family_audit	donor_independent	unresolved	blocked_raw_accession	AFGR reports WGS but ENCODE AFGR collection has no WGS experiment
AFGR_MKK	ENCBS908YUU	NA21367	GM21367	rnaseq	ENCSR940RSZ	ENCBS908YUU	ENCSR940RSZ	ENCFF184JJT,ENCFF128PQK		NA21367	unresolved_truth_file_mapping	none	requires_coriell_family_audit	donor_independent	mixed	blocked_truth_crosswalk	EGA truth file not opened; donor-level mapping unverified
AFGR_MKK	NA21367	NA21367	GM21367	wgs						NA21367	literature_only	none	requires_coriell_family_audit	donor_independent	unresolved	blocked_raw_accession	AFGR reports WGS but ENCODE AFGR collection has no WGS experiment
AFGR_MKK	ENCBS030IBD	NA21368	GM21368	rnaseq	ENCSR240OYY	ENCBS030IBD	ENCSR240OYY	ENCFF521AQM,ENCFF199ECT		NA21368	unresolved_truth_file_mapping	none	requires_coriell_family_audit	donor_independent	mixed	blocked_truth_crosswalk	EGA truth file not opened; donor-level mapping unverified
AFGR_MKK	NA21368	NA21368	GM21368	wgs						NA21368	literature_only	none	requires_coriell_family_audit	donor_independent	unresolved	blocked_raw_accession	AFGR reports WGS but ENCODE AFGR collection has no WGS experiment
AFGR_MKK	ENCBS590WPA	NA21371	GM21371	rnaseq	ENCSR446ODD	ENCBS590WPA	ENCSR446ODD	ENCFF866FVI,ENCFF740TSM		NA21371	unresolved_truth_file_mapping	none	requires_coriell_family_audit	donor_independent	mixed	blocked_truth_crosswalk	EGA truth file not opened; donor-level mapping unverified
AFGR_MKK	NA21371	NA21371	GM21371	wgs						NA21371	literature_only	none	requires_coriell_family_audit	donor_independent	unresolved	blocked_raw_accession	AFGR reports WGS but ENCODE AFGR collection has no WGS experiment
AFGR_MKK	ENCBS205DMD	NA21378	GM21378	rnaseq	ENCSR899TLB	ENCBS205DMD	ENCSR899TLB	ENCFF329VAG,ENCFF555RMS		NA21378	unresolved_truth_file_mapping	none	requires_coriell_family_audit	donor_independent	mixed	blocked_truth_crosswalk	EGA truth file not opened; donor-level mapping unverified
AFGR_MKK	NA21378	NA21378	GM21378	wgs						NA21378	literature_only	none	requires_coriell_family_audit	donor_independent	unresolved	blocked_raw_accession	AFGR reports WGS but ENCODE AFGR collection has no WGS experiment
AFGR_MKK	ENCBS805NPH	NA21379	GM21379	rnaseq	ENCSR374DHS	ENCBS805NPH	ENCSR374DHS	ENCFF859UHT,ENCFF060GXF		NA21379	unresolved_truth_file_mapping	none	requires_coriell_family_audit	donor_independent	mixed	blocked_truth_crosswalk	EGA truth file not opened; donor-level mapping unverified
AFGR_MKK	NA21379	NA21379	GM21379	wgs						NA21379	literature_only	none	requires_coriell_family_audit	donor_independent	unresolved	blocked_raw_accession	AFGR reports WGS but ENCODE AFGR collection has no WGS experiment
AFGR_MKK	ENCBS295WIH	NA21381	GM21381	rnaseq	ENCSR901WQE	ENCBS295WIH	ENCSR901WQE	ENCFF108EXQ,ENCFF199JIP		NA21381	unresolved_truth_file_mapping	none	requires_coriell_family_audit	donor_independent	mixed	blocked_truth_crosswalk	EGA truth file not opened; donor-level mapping unverified
AFGR_MKK	NA21381	NA21381	GM21381	wgs						NA21381	literature_only	none	requires_coriell_family_audit	donor_independent	unresolved	blocked_raw_accession	AFGR reports WGS but ENCODE AFGR collection has no WGS experiment
AFGR_MKK	ENCBS393QDZ	NA21382	GM21382	rnaseq	ENCSR568WYT	ENCBS393QDZ	ENCSR568WYT	ENCFF281UUO,ENCFF020TDK		NA21382	unresolved_truth_file_mapping	none	requires_coriell_family_audit	donor_independent	mixed	blocked_truth_crosswalk	EGA truth file not opened; donor-level mapping unverified
AFGR_MKK	ENCBS687UOA	NA21385	GM21385	rnaseq	ENCSR860JQH	ENCBS687UOA	ENCSR860JQH	ENCFF817MMT,ENCFF850FVO		NA21385	unresolved_truth_file_mapping	none	requires_coriell_family_audit	donor_independent	mixed	blocked_truth_crosswalk	EGA truth file not opened; donor-level mapping unverified
AFGR_MKK	NA21385	NA21385	GM21385	wgs						NA21385	literature_only	none	requires_coriell_family_audit	donor_independent	unresolved	blocked_raw_accession	AFGR reports WGS but ENCODE AFGR collection has no WGS experiment
AFGR_MKK	ENCBS367XNG	NA21387	GM21387	rnaseq	ENCSR573PQE	ENCBS367XNG	ENCSR573PQE	ENCFF096XZY,ENCFF088JMV		NA21387	unresolved_truth_file_mapping	none	requires_coriell_family_audit	donor_independent	mixed	blocked_truth_crosswalk	EGA truth file not opened; donor-level mapping unverified
AFGR_MKK	NA21387	NA21387	GM21387	wgs						NA21387	literature_only	none	requires_coriell_family_audit	donor_independent	unresolved	blocked_raw_accession	AFGR reports WGS but ENCODE AFGR collection has no WGS experiment
AFGR_MKK	ENCBS060AZS	NA21388	GM21388	rnaseq	ENCSR226WFV	ENCBS060AZS	ENCSR226WFV	ENCFF157SAY,ENCFF805QND		NA21388	unresolved_truth_file_mapping	none	requires_coriell_family_audit	donor_independent	mixed	blocked_truth_crosswalk	EGA truth file not opened; donor-level mapping unverified
AFGR_MKK	NA21388	NA21388	GM21388	wgs						NA21388	literature_only	none	requires_coriell_family_audit	donor_independent	unresolved	blocked_raw_accession	AFGR reports WGS but ENCODE AFGR collection has no WGS experiment
AFGR_MKK	ENCBS686KHA	NA21390	GM21390	rnaseq	ENCSR959ULL	ENCBS686KHA	ENCSR959ULL	ENCFF640WPD,ENCFF385JWX		NA21390	unresolved_truth_file_mapping	none	requires_coriell_family_audit	donor_independent	mixed	blocked_truth_crosswalk	EGA truth file not opened; donor-level mapping unverified
AFGR_MKK	NA21390	NA21390	GM21390	wgs						NA21390	literature_only	none	requires_coriell_family_audit	donor_independent	unresolved	blocked_raw_accession	AFGR reports WGS but ENCODE AFGR collection has no WGS experiment
AFGR_MKK	ENCBS807VBI	NA21391	GM21391	rnaseq	ENCSR518RPJ	ENCBS807VBI	ENCSR518RPJ	ENCFF891VIA,ENCFF545CSF		NA21391	unresolved_truth_file_mapping	none	requires_coriell_family_audit	donor_independent	mixed	blocked_truth_crosswalk	EGA truth file not opened; donor-level mapping unverified
AFGR_MKK	NA21391	NA21391	GM21391	wgs						NA21391	literature_only	none	requires_coriell_family_audit	donor_independent	unresolved	blocked_raw_accession	AFGR reports WGS but ENCODE AFGR collection has no WGS experiment
AFGR_MKK	ENCBS892WSE	NA21399	GM21399	rnaseq	ENCSR638ASI	ENCBS892WSE	ENCSR638ASI	ENCFF019KOP,ENCFF793KRH		NA21399	unresolved_truth_file_mapping	none	requires_coriell_family_audit	donor_independent	mixed	blocked_truth_crosswalk	EGA truth file not opened; donor-level mapping unverified
AFGR_MKK	NA21399	NA21399	GM21399	wgs						NA21399	literature_only	none	requires_coriell_family_audit	donor_independent	unresolved	blocked_raw_accession	AFGR reports WGS but ENCODE AFGR collection has no WGS experiment
AFGR_MKK	ENCBS326WJD	NA21400	GM21400	rnaseq	ENCSR734RDY	ENCBS326WJD	ENCSR734RDY	ENCFF563CPV,ENCFF021GKG		NA21400	unresolved_truth_file_mapping	none	requires_coriell_family_audit	donor_independent	mixed	blocked_truth_crosswalk	EGA truth file not opened; donor-level mapping unverified
AFGR_MKK	NA21400	NA21400	GM21400	wgs						NA21400	literature_only	none	requires_coriell_family_audit	donor_independent	unresolved	blocked_raw_accession	AFGR reports WGS but ENCODE AFGR collection has no WGS experiment
AFGR_MKK	ENCBS826JKP	NA21402	GM21402	rnaseq	ENCSR232AIN	ENCBS826JKP	ENCSR232AIN	ENCFF549WQB,ENCFF353AMF		NA21402	unresolved_truth_file_mapping	none	requires_coriell_family_audit	donor_independent	mixed	blocked_truth_crosswalk	EGA truth file not opened; donor-level mapping unverified
AFGR_MKK	NA21402	NA21402	GM21402	wgs						NA21402	literature_only	none	requires_coriell_family_audit	donor_independent	unresolved	blocked_raw_accession	AFGR reports WGS but ENCODE AFGR collection has no WGS experiment
AFGR_MKK	ENCBS422NDC	NA21403	GM21403	rnaseq	ENCSR763FJK	ENCBS422NDC	ENCSR763FJK	ENCFF712EBU,ENCFF121JNO		NA21403	unresolved_truth_file_mapping	none	requires_coriell_family_audit	donor_independent	mixed	blocked_truth_crosswalk	EGA truth file not opened; donor-level mapping unverified
AFGR_MKK	NA21403	NA21403	GM21403	wgs						NA21403	literature_only	none	requires_coriell_family_audit	donor_independent	unresolved	blocked_raw_accession	AFGR reports WGS but ENCODE AFGR collection has no WGS experiment
AFGR_MKK	ENCBS022YVL	NA21405	GM21405	rnaseq	ENCSR286VXU	ENCBS022YVL	ENCSR286VXU	ENCFF072FZC,ENCFF621LBK		NA21405	unresolved_truth_file_mapping	none	requires_coriell_family_audit	donor_independent	mixed	blocked_truth_crosswalk	EGA truth file not opened; donor-level mapping unverified
AFGR_MKK	NA21405	NA21405	GM21405	wgs						NA21405	literature_only	none	requires_coriell_family_audit	donor_independent	unresolved	blocked_raw_accession	AFGR reports WGS but ENCODE AFGR collection has no WGS experiment
AFGR_MKK	ENCBS619KIP	NA21408	GM21408	rnaseq	ENCSR399IJT	ENCBS619KIP	ENCSR399IJT	ENCFF323CKX,ENCFF627KHB		NA21408	unresolved_truth_file_mapping	none	requires_coriell_family_audit	donor_independent	mixed	blocked_truth_crosswalk	EGA truth file not opened; donor-level mapping unverified
AFGR_MKK	NA21408	NA21408	GM21408	wgs						NA21408	literature_only	none	requires_coriell_family_audit	donor_independent	unresolved	blocked_raw_accession	AFGR reports WGS but ENCODE AFGR collection has no WGS experiment
AFGR_MKK	ENCBS329QOK	NA21409	GM21409	rnaseq	ENCSR830BZO	ENCBS329QOK	ENCSR830BZO	ENCFF135NKL,ENCFF415RSM		NA21409	unresolved_truth_file_mapping	none	requires_coriell_family_audit	donor_independent	mixed	blocked_truth_crosswalk	EGA truth file not opened; donor-level mapping unverified
AFGR_MKK	NA21409	NA21409	GM21409	wgs						NA21409	literature_only	none	requires_coriell_family_audit	donor_independent	unresolved	blocked_raw_accession	AFGR reports WGS but ENCODE AFGR collection has no WGS experiment
AFGR_MKK	ENCBS929HLW	NA21410	GM21410	rnaseq	ENCSR004YFS	ENCBS929HLW	ENCSR004YFS	ENCFF270HDF,ENCFF408LLK		NA21410	unresolved_truth_file_mapping	none	requires_coriell_family_audit	donor_independent	mixed	blocked_truth_crosswalk	EGA truth file not opened; donor-level mapping unverified
AFGR_MKK	NA21410	NA21410	GM21410	wgs						NA21410	literature_only	none	requires_coriell_family_audit	donor_independent	unresolved	blocked_raw_accession	AFGR reports WGS but ENCODE AFGR collection has no WGS experiment
AFGR_MKK	ENCBS772EWT	NA21414	GM21414	rnaseq	ENCSR456PEX	ENCBS772EWT	ENCSR456PEX	ENCFF978VTO,ENCFF880NVE		NA21414	unresolved_truth_file_mapping	none	requires_coriell_family_audit	donor_independent	mixed	blocked_truth_crosswalk	EGA truth file not opened; donor-level mapping unverified
AFGR_MKK	NA21414	NA21414	GM21414	wgs						NA21414	literature_only	none	requires_coriell_family_audit	donor_independent	unresolved	blocked_raw_accession	AFGR reports WGS but ENCODE AFGR collection has no WGS experiment
AFGR_MKK	ENCBS905YNJ	NA21415	GM21415	rnaseq	ENCSR746MWO	ENCBS905YNJ	ENCSR746MWO	ENCFF839JDX,ENCFF567NUC		NA21415	unresolved_truth_file_mapping	none	requires_coriell_family_audit	donor_independent	mixed	blocked_truth_crosswalk	EGA truth file not opened; donor-level mapping unverified
AFGR_MKK	NA21415	NA21415	GM21415	wgs						NA21415	literature_only	none	requires_coriell_family_audit	donor_independent	unresolved	blocked_raw_accession	AFGR reports WGS but ENCODE AFGR collection has no WGS experiment
AFGR_MKK	ENCBS434KGI	NA21417	GM21417	rnaseq	ENCSR967LOO	ENCBS434KGI	ENCSR967LOO	ENCFF721OSZ,ENCFF676TKN		NA21417	unresolved_truth_file_mapping	none	requires_coriell_family_audit	donor_independent	mixed	blocked_truth_crosswalk	EGA truth file not opened; donor-level mapping unverified
AFGR_MKK	NA21417	NA21417	GM21417	wgs						NA21417	literature_only	none	requires_coriell_family_audit	donor_independent	unresolved	blocked_raw_accession	AFGR reports WGS but ENCODE AFGR collection has no WGS experiment
AFGR_MKK	ENCBS859YTS	NA21418	GM21418	rnaseq	ENCSR776FHJ	ENCBS859YTS	ENCSR776FHJ	ENCFF856PBP,ENCFF437ZNL		NA21418	unresolved_truth_file_mapping	none	requires_coriell_family_audit	donor_independent	mixed	blocked_truth_crosswalk	EGA truth file not opened; donor-level mapping unverified
AFGR_MKK	NA21418	NA21418	GM21418	wgs						NA21418	literature_only	none	requires_coriell_family_audit	donor_independent	unresolved	blocked_raw_accession	AFGR reports WGS but ENCODE AFGR collection has no WGS experiment
AFGR_MKK	ENCBS565JOA	NA21420	GM21420	rnaseq	ENCSR328VZB	ENCBS565JOA	ENCSR328VZB	ENCFF198IRH,ENCFF528KGI		NA21420	unresolved_truth_file_mapping	none	requires_coriell_family_audit	donor_independent	mixed	blocked_truth_crosswalk	EGA truth file not opened; donor-level mapping unverified
AFGR_MKK	NA21420	NA21420	GM21420	wgs						NA21420	literature_only	none	requires_coriell_family_audit	donor_independent	unresolved	blocked_raw_accession	AFGR reports WGS but ENCODE AFGR collection has no WGS experiment
AFGR_MKK	ENCBS812OZP	NA21421	GM21421	rnaseq	ENCSR125SOW	ENCBS812OZP	ENCSR125SOW	ENCFF996HWC,ENCFF784GTK		NA21421	unresolved_truth_file_mapping	none	requires_coriell_family_audit	donor_independent	mixed	blocked_truth_crosswalk	EGA truth file not opened; donor-level mapping unverified
AFGR_MKK	NA21421	NA21421	GM21421	wgs						NA21421	literature_only	none	requires_coriell_family_audit	donor_independent	unresolved	blocked_raw_accession	AFGR reports WGS but ENCODE AFGR collection has no WGS experiment
AFGR_MKK	ENCBS421BIV	NA21423	GM21423	rnaseq	ENCSR164PHT	ENCBS421BIV	ENCSR164PHT	ENCFF154KLX,ENCFF643FXH		NA21423	unresolved_truth_file_mapping	none	requires_coriell_family_audit	donor_independent	mixed	blocked_truth_crosswalk	EGA truth file not opened; donor-level mapping unverified
AFGR_MKK	NA21423	NA21423	GM21423	wgs						NA21423	literature_only	none	requires_coriell_family_audit	donor_independent	unresolved	blocked_raw_accession	AFGR reports WGS but ENCODE AFGR collection has no WGS experiment
AFGR_MKK	ENCBS930CBV	NA21424	GM21424	rnaseq	ENCSR734PKC	ENCBS930CBV	ENCSR734PKC	ENCFF303OVU,ENCFF488ZIJ		NA21424	unresolved_truth_file_mapping	none	requires_coriell_family_audit	donor_independent	mixed	blocked_truth_crosswalk	EGA truth file not opened; donor-level mapping unverified
AFGR_MKK	NA21424	NA21424	GM21424	wgs						NA21424	literature_only	none	requires_coriell_family_audit	donor_independent	unresolved	blocked_raw_accession	AFGR reports WGS but ENCODE AFGR collection has no WGS experiment
AFGR_MKK	ENCBS578LKM	NA21435	GM21435	rnaseq	ENCSR538PUW	ENCBS578LKM	ENCSR538PUW	ENCFF397YRY,ENCFF237SMD		NA21435	unresolved_truth_file_mapping	none	requires_coriell_family_audit	donor_independent	mixed	blocked_truth_crosswalk	EGA truth file not opened; donor-level mapping unverified
AFGR_MKK	NA21435	NA21435	GM21435	wgs						NA21435	literature_only	none	requires_coriell_family_audit	donor_independent	unresolved	blocked_raw_accession	AFGR reports WGS but ENCODE AFGR collection has no WGS experiment
AFGR_MKK	ENCBS724YGM	NA21436	GM21436	rnaseq	ENCSR438LON	ENCBS724YGM	ENCSR438LON	ENCFF492MYL,ENCFF147KRS		NA21436	unresolved_truth_file_mapping	none	requires_coriell_family_audit	donor_independent	mixed	blocked_truth_crosswalk	EGA truth file not opened; donor-level mapping unverified
AFGR_MKK	NA21436	NA21436	GM21436	wgs						NA21436	literature_only	none	requires_coriell_family_audit	donor_independent	unresolved	blocked_raw_accession	AFGR reports WGS but ENCODE AFGR collection has no WGS experiment
AFGR_MKK	ENCBS280DNM	NA21438	GM21438	rnaseq	ENCSR194AHO	ENCBS280DNM	ENCSR194AHO	ENCFF949XCO,ENCFF755QJK		NA21438	unresolved_truth_file_mapping	none	requires_coriell_family_audit	donor_independent	mixed	blocked_truth_crosswalk	EGA truth file not opened; donor-level mapping unverified
AFGR_MKK	NA21438	NA21438	GM21438	wgs						NA21438	literature_only	none	requires_coriell_family_audit	donor_independent	unresolved	blocked_raw_accession	AFGR reports WGS but ENCODE AFGR collection has no WGS experiment
AFGR_MKK	ENCBS245UQG	NA21440	GM21440	rnaseq	ENCSR584IVB	ENCBS245UQG	ENCSR584IVB	ENCFF207PFE,ENCFF412THT		NA21440	unresolved_truth_file_mapping	none	requires_coriell_family_audit	donor_independent	mixed	blocked_truth_crosswalk	EGA truth file not opened; donor-level mapping unverified
AFGR_MKK	NA21440	NA21440	GM21440	wgs						NA21440	literature_only	none	requires_coriell_family_audit	donor_independent	unresolved	blocked_raw_accession	AFGR reports WGS but ENCODE AFGR collection has no WGS experiment
AFGR_MKK	ENCBS288HHL	NA21441	GM21441	rnaseq	ENCSR965QXB	ENCBS288HHL	ENCSR965QXB	ENCFF959GPO,ENCFF024KOQ		NA21441	unresolved_truth_file_mapping	none	requires_coriell_family_audit	donor_independent	mixed	blocked_truth_crosswalk	EGA truth file not opened; donor-level mapping unverified
AFGR_MKK	NA21441	NA21441	GM21441	wgs						NA21441	literature_only	none	requires_coriell_family_audit	donor_independent	unresolved	blocked_raw_accession	AFGR reports WGS but ENCODE AFGR collection has no WGS experiment
AFGR_MKK	ENCBS088KUU	NA21443	GM21443	rnaseq	ENCSR029OEU	ENCBS088KUU	ENCSR029OEU	ENCFF936AMG,ENCFF238FYG		NA21443	unresolved_truth_file_mapping	none	requires_coriell_family_audit	donor_independent	mixed	blocked_truth_crosswalk	EGA truth file not opened; donor-level mapping unverified
AFGR_MKK	NA21443	NA21443	GM21443	wgs						NA21443	literature_only	none	requires_coriell_family_audit	donor_independent	unresolved	blocked_raw_accession	AFGR reports WGS but ENCODE AFGR collection has no WGS experiment
AFGR_MKK	ENCBS959QIZ	NA21447	GM21447	rnaseq	ENCSR655WZX	ENCBS959QIZ	ENCSR655WZX	ENCFF383KEC,ENCFF754LZA		NA21447	unresolved_truth_file_mapping	none	requires_coriell_family_audit	donor_independent	mixed	blocked_truth_crosswalk	EGA truth file not opened; donor-level mapping unverified
AFGR_MKK	NA21447	NA21447	GM21447	wgs						NA21447	literature_only	none	requires_coriell_family_audit	donor_independent	unresolved	blocked_raw_accession	AFGR reports WGS but ENCODE AFGR collection has no WGS experiment
AFGR_MKK	ENCBS086COS	NA21448	GM21448	rnaseq	ENCSR472BFR	ENCBS086COS	ENCSR472BFR	ENCFF910MQL,ENCFF822SFR		NA21448	unresolved_truth_file_mapping	none	requires_coriell_family_audit	donor_independent	mixed	blocked_truth_crosswalk	EGA truth file not opened; donor-level mapping unverified
AFGR_MKK	NA21448	NA21448	GM21448	wgs						NA21448	literature_only	none	requires_coriell_family_audit	donor_independent	unresolved	blocked_raw_accession	AFGR reports WGS but ENCODE AFGR collection has no WGS experiment
AFGR_MKK	ENCBS782ZJP	NA21449	GM21449	rnaseq	ENCSR357YYW	ENCBS782ZJP	ENCSR357YYW	ENCFF804TLC,ENCFF403QOF		NA21449	unresolved_truth_file_mapping	none	requires_coriell_family_audit	donor_independent	mixed	blocked_truth_crosswalk	EGA truth file not opened; donor-level mapping unverified
AFGR_MKK	NA21449	NA21449	GM21449	wgs						NA21449	literature_only	none	requires_coriell_family_audit	donor_independent	unresolved	blocked_raw_accession	AFGR reports WGS but ENCODE AFGR collection has no WGS experiment
AFGR_MKK	ENCBS714EYJ	NA21450	GM21450	rnaseq	ENCSR496IWD	ENCBS714EYJ	ENCSR496IWD	ENCFF353CUX,ENCFF648RLW		NA21450	unresolved_truth_file_mapping	none	requires_coriell_family_audit	donor_independent	mixed	blocked_truth_crosswalk	EGA truth file not opened; donor-level mapping unverified
AFGR_MKK	NA21450	NA21450	GM21450	wgs						NA21450	literature_only	none	requires_coriell_family_audit	donor_independent	unresolved	blocked_raw_accession	AFGR reports WGS but ENCODE AFGR collection has no WGS experiment
AFGR_MKK	ENCBS259MSY	NA21451	GM21451	rnaseq	ENCSR065DHQ	ENCBS259MSY	ENCSR065DHQ	ENCFF517GYW,ENCFF655IWW		NA21451	unresolved_truth_file_mapping	none	requires_coriell_family_audit	donor_independent	mixed	blocked_truth_crosswalk	EGA truth file not opened; donor-level mapping unverified
AFGR_MKK	NA21451	NA21451	GM21451	wgs						NA21451	literature_only	none	requires_coriell_family_audit	donor_independent	unresolved	blocked_raw_accession	AFGR reports WGS but ENCODE AFGR collection has no WGS experiment
AFGR_MKK	ENCBS062OEI	NA21453	GM21453	rnaseq	ENCSR211VEI	ENCBS062OEI	ENCSR211VEI	ENCFF703QMV,ENCFF330LGZ		NA21453	unresolved_truth_file_mapping	none	requires_coriell_family_audit	donor_independent	mixed	blocked_truth_crosswalk	EGA truth file not opened; donor-level mapping unverified
AFGR_MKK	NA21453	NA21453	GM21453	wgs						NA21453	literature_only	none	requires_coriell_family_audit	donor_independent	unresolved	blocked_raw_accession	AFGR reports WGS but ENCODE AFGR collection has no WGS experiment
AFGR_MKK	ENCBS182ABF	NA21454	GM21454	rnaseq	ENCSR448VFZ	ENCBS182ABF	ENCSR448VFZ	ENCFF881XWE,ENCFF385SZM		NA21454	unresolved_truth_file_mapping	none	requires_coriell_family_audit	donor_independent	mixed	blocked_truth_crosswalk	EGA truth file not opened; donor-level mapping unverified
AFGR_MKK	NA21454	NA21454	GM21454	wgs						NA21454	literature_only	none	requires_coriell_family_audit	donor_independent	unresolved	blocked_raw_accession	AFGR reports WGS but ENCODE AFGR collection has no WGS experiment
AFGR_MKK	ENCBS034WTI	NA21456	GM21456	rnaseq	ENCSR807DNU	ENCBS034WTI	ENCSR807DNU	ENCFF442OVF,ENCFF765UEJ		NA21456	unresolved_truth_file_mapping	none	requires_coriell_family_audit	donor_independent	mixed	blocked_truth_crosswalk	EGA truth file not opened; donor-level mapping unverified
AFGR_MKK	NA21456	NA21456	GM21456	wgs						NA21456	literature_only	none	requires_coriell_family_audit	donor_independent	unresolved	blocked_raw_accession	AFGR reports WGS but ENCODE AFGR collection has no WGS experiment
AFGR_MKK	ENCBS134ICN	NA21457	GM21457	rnaseq	ENCSR845YVK	ENCBS134ICN	ENCSR845YVK	ENCFF083ZTN,ENCFF916KRV		NA21457	unresolved_truth_file_mapping	none	requires_coriell_family_audit	donor_independent	mixed	blocked_truth_crosswalk	EGA truth file not opened; donor-level mapping unverified
AFGR_MKK	NA21457	NA21457	GM21457	wgs						NA21457	literature_only	none	requires_coriell_family_audit	donor_independent	unresolved	blocked_raw_accession	AFGR reports WGS but ENCODE AFGR collection has no WGS experiment
AFGR_MKK	ENCBS189BRP	NA21458	GM21458	rnaseq	ENCSR937CYO	ENCBS189BRP	ENCSR937CYO	ENCFF684NQJ,ENCFF564BIP		NA21458	unresolved_truth_file_mapping	none	requires_coriell_family_audit	donor_independent	mixed	blocked_truth_crosswalk	EGA truth file not opened; donor-level mapping unverified
AFGR_MKK	NA21458	NA21458	GM21458	wgs						NA21458	literature_only	none	requires_coriell_family_audit	donor_independent	unresolved	blocked_raw_accession	AFGR reports WGS but ENCODE AFGR collection has no WGS experiment
AFGR_MKK	ENCBS497OOE	NA21473	GM21473	rnaseq	ENCSR910GKE	ENCBS497OOE	ENCSR910GKE	ENCFF661NDW,ENCFF370QFD		NA21473	unresolved_truth_file_mapping	none	requires_coriell_family_audit	donor_independent	mixed	blocked_truth_crosswalk	EGA truth file not opened; donor-level mapping unverified
AFGR_MKK	NA21473	NA21473	GM21473	wgs						NA21473	literature_only	none	requires_coriell_family_audit	donor_independent	unresolved	blocked_raw_accession	AFGR reports WGS but ENCODE AFGR collection has no WGS experiment
AFGR_MKK	ENCBS441IBB	NA21476	GM21476	rnaseq	ENCSR022CXD	ENCBS441IBB	ENCSR022CXD	ENCFF114GVK,ENCFF704LMU		NA21476	unresolved_truth_file_mapping	none	requires_coriell_family_audit	donor_independent	mixed	blocked_truth_crosswalk	EGA truth file not opened; donor-level mapping unverified
AFGR_MKK	NA21476	NA21476	GM21476	wgs						NA21476	literature_only	none	requires_coriell_family_audit	donor_independent	unresolved	blocked_raw_accession	AFGR reports WGS but ENCODE AFGR collection has no WGS experiment
AFGR_MKK	ENCBS450GQI	NA21478	GM21478	rnaseq	ENCSR964NYB	ENCBS450GQI	ENCSR964NYB	ENCFF011UGE,ENCFF722PLM		NA21478	unresolved_truth_file_mapping	none	requires_coriell_family_audit	donor_independent	mixed	blocked_truth_crosswalk	EGA truth file not opened; donor-level mapping unverified
AFGR_MKK	NA21478	NA21478	GM21478	wgs						NA21478	literature_only	none	requires_coriell_family_audit	donor_independent	unresolved	blocked_raw_accession	AFGR reports WGS but ENCODE AFGR collection has no WGS experiment
AFGR_MKK	ENCBS346HFH	NA21479	GM21479	rnaseq	ENCSR913FIO	ENCBS346HFH	ENCSR913FIO	ENCFF958UBY,ENCFF126BZQ		NA21479	unresolved_truth_file_mapping	none	requires_coriell_family_audit	donor_independent	mixed	blocked_truth_crosswalk	EGA truth file not opened; donor-level mapping unverified
AFGR_MKK	NA21479	NA21479	GM21479	wgs						NA21479	literature_only	none	requires_coriell_family_audit	donor_independent	unresolved	blocked_raw_accession	AFGR reports WGS but ENCODE AFGR collection has no WGS experiment
AFGR_MKK	ENCBS570JBV	NA21485	GM21485	rnaseq	ENCSR725LYY	ENCBS570JBV	ENCSR725LYY	ENCFF827GLP,ENCFF747WXE		NA21485	unresolved_truth_file_mapping	none	requires_coriell_family_audit	donor_independent	mixed	blocked_truth_crosswalk	EGA truth file not opened; donor-level mapping unverified
AFGR_MKK	NA21485	NA21485	GM21485	wgs						NA21485	literature_only	none	requires_coriell_family_audit	donor_independent	unresolved	blocked_raw_accession	AFGR reports WGS but ENCODE AFGR collection has no WGS experiment
AFGR_MKK	ENCBS153TET	NA21486	GM21486	rnaseq	ENCSR863NTY	ENCBS153TET	ENCSR863NTY	ENCFF250QIA,ENCFF890HXO		NA21486	unresolved_truth_file_mapping	none	requires_coriell_family_audit	donor_independent	mixed	blocked_truth_crosswalk	EGA truth file not opened; donor-level mapping unverified
AFGR_MKK	ENCBS720VYZ	NA21488	GM21488	rnaseq	ENCSR420IZM	ENCBS720VYZ	ENCSR420IZM	ENCFF860XGP,ENCFF946INU		NA21488	unresolved_truth_file_mapping	none	requires_coriell_family_audit	donor_independent	mixed	blocked_truth_crosswalk	EGA truth file not opened; donor-level mapping unverified
AFGR_MKK	NA21488	NA21488	GM21488	wgs						NA21488	literature_only	none	requires_coriell_family_audit	donor_independent	unresolved	blocked_raw_accession	AFGR reports WGS but ENCODE AFGR collection has no WGS experiment
AFGR_MKK	ENCBS722FWN	NA21489	GM21489	rnaseq	ENCSR587FUD	ENCBS722FWN	ENCSR587FUD	ENCFF347CNQ,ENCFF921QLD		NA21489	unresolved_truth_file_mapping	none	requires_coriell_family_audit	donor_independent	mixed	blocked_truth_crosswalk	EGA truth file not opened; donor-level mapping unverified
AFGR_MKK	NA21489	NA21489	GM21489	wgs						NA21489	literature_only	none	requires_coriell_family_audit	donor_independent	unresolved	blocked_raw_accession	AFGR reports WGS but ENCODE AFGR collection has no WGS experiment
AFGR_MKK	ENCBS110CFZ	NA21491	GM21491	rnaseq	ENCSR219KEH	ENCBS110CFZ	ENCSR219KEH	ENCFF013PCA,ENCFF825MJD		NA21491	unresolved_truth_file_mapping	none	requires_coriell_family_audit	donor_independent	mixed	blocked_truth_crosswalk	EGA truth file not opened; donor-level mapping unverified
AFGR_MKK	NA21491	NA21491	GM21491	wgs						NA21491	literature_only	none	requires_coriell_family_audit	donor_independent	unresolved	blocked_raw_accession	AFGR reports WGS but ENCODE AFGR collection has no WGS experiment
AFGR_MKK	ENCBS633JVD	NA21493	GM21493	rnaseq	ENCSR931TXM	ENCBS633JVD	ENCSR931TXM	ENCFF037YVL,ENCFF214HZT		NA21493	unresolved_truth_file_mapping	none	requires_coriell_family_audit	donor_independent	mixed	blocked_truth_crosswalk	EGA truth file not opened; donor-level mapping unverified
AFGR_MKK	NA21493	NA21493	GM21493	wgs						NA21493	literature_only	none	requires_coriell_family_audit	donor_independent	unresolved	blocked_raw_accession	AFGR reports WGS but ENCODE AFGR collection has no WGS experiment
AFGR_MKK	ENCBS420VHF	NA21509	GM21509	rnaseq	ENCSR397EUF	ENCBS420VHF	ENCSR397EUF	ENCFF296ZIT,ENCFF201TKE		NA21509	unresolved_truth_file_mapping	none	requires_coriell_family_audit	donor_independent	mixed	blocked_truth_crosswalk	EGA truth file not opened; donor-level mapping unverified
AFGR_MKK	NA21509	NA21509	GM21509	wgs						NA21509	literature_only	none	requires_coriell_family_audit	donor_independent	unresolved	blocked_raw_accession	AFGR reports WGS but ENCODE AFGR collection has no WGS experiment
AFGR_MKK	ENCBS567OTX	NA21510	GM21510	rnaseq	ENCSR330IHF	ENCBS567OTX	ENCSR330IHF	ENCFF025XCA,ENCFF670NKY		NA21510	unresolved_truth_file_mapping	none	requires_coriell_family_audit	donor_independent	mixed	blocked_truth_crosswalk	EGA truth file not opened; donor-level mapping unverified
AFGR_MKK	NA21510	NA21510	GM21510	wgs						NA21510	literature_only	none	requires_coriell_family_audit	donor_independent	unresolved	blocked_raw_accession	AFGR reports WGS but ENCODE AFGR collection has no WGS experiment
AFGR_MKK	ENCBS802KZR	NA21512	GM21512	rnaseq	ENCSR911SHG	ENCBS802KZR	ENCSR911SHG	ENCFF616DTJ,ENCFF660AAD		NA21512	unresolved_truth_file_mapping	none	requires_coriell_family_audit	donor_independent	mixed	blocked_truth_crosswalk	EGA truth file not opened; donor-level mapping unverified
AFGR_MKK	NA21512	NA21512	GM21512	wgs						NA21512	literature_only	none	requires_coriell_family_audit	donor_independent	unresolved	blocked_raw_accession	AFGR reports WGS but ENCODE AFGR collection has no WGS experiment
AFGR_MKK	ENCBS224UEZ	NA21513	GM21513	rnaseq	ENCSR775CYX	ENCBS224UEZ	ENCSR775CYX	ENCFF364LFH,ENCFF242UUF		NA21513	unresolved_truth_file_mapping	none	requires_coriell_family_audit	donor_independent	mixed	blocked_truth_crosswalk	EGA truth file not opened; donor-level mapping unverified
AFGR_MKK	NA21513	NA21513	GM21513	wgs						NA21513	literature_only	none	requires_coriell_family_audit	donor_independent	unresolved	blocked_raw_accession	AFGR reports WGS but ENCODE AFGR collection has no WGS experiment
AFGR_MKK	ENCBS397SLW	NA21515	GM21515	rnaseq	ENCSR106YRC	ENCBS397SLW	ENCSR106YRC	ENCFF259NOI,ENCFF967TIY		NA21515	unresolved_truth_file_mapping	none	requires_coriell_family_audit	donor_independent	mixed	blocked_truth_crosswalk	EGA truth file not opened; donor-level mapping unverified
AFGR_MKK	NA21515	NA21515	GM21515	wgs						NA21515	literature_only	none	requires_coriell_family_audit	donor_independent	unresolved	blocked_raw_accession	AFGR reports WGS but ENCODE AFGR collection has no WGS experiment
AFGR_MKK	ENCBS259ZHJ	NA21517	GM21517	rnaseq	ENCSR038YSS	ENCBS259ZHJ	ENCSR038YSS	ENCFF358EBT,ENCFF922ZYS		NA21517	unresolved_truth_file_mapping	none	requires_coriell_family_audit	donor_independent	mixed	blocked_truth_crosswalk	EGA truth file not opened; donor-level mapping unverified
AFGR_MKK	NA21517	NA21517	GM21517	wgs						NA21517	literature_only	none	requires_coriell_family_audit	donor_independent	unresolved	blocked_raw_accession	AFGR reports WGS but ENCODE AFGR collection has no WGS experiment
AFGR_MKK	ENCBS509NKS	NA21519	GM21519	rnaseq	ENCSR947TOB	ENCBS509NKS	ENCSR947TOB	ENCFF945TYZ,ENCFF518ISA		NA21519	unresolved_truth_file_mapping	none	requires_coriell_family_audit	donor_independent	mixed	blocked_truth_crosswalk	EGA truth file not opened; donor-level mapping unverified
AFGR_MKK	NA21519	NA21519	GM21519	wgs						NA21519	literature_only	none	requires_coriell_family_audit	donor_independent	unresolved	blocked_raw_accession	AFGR reports WGS but ENCODE AFGR collection has no WGS experiment
AFGR_MKK	ENCBS033FYX	NA21520	GM21520	rnaseq	ENCSR074IYA	ENCBS033FYX	ENCSR074IYA	ENCFF248UXU,ENCFF078FIM		NA21520	unresolved_truth_file_mapping	none	requires_coriell_family_audit	donor_independent	mixed	blocked_truth_crosswalk	EGA truth file not opened; donor-level mapping unverified
AFGR_MKK	NA21520	NA21520	GM21520	wgs						NA21520	literature_only	none	requires_coriell_family_audit	donor_independent	unresolved	blocked_raw_accession	AFGR reports WGS but ENCODE AFGR collection has no WGS experiment
AFGR_MKK	ENCBS499XYD	NA21521	GM21521	rnaseq	ENCSR159HCQ	ENCBS499XYD	ENCSR159HCQ	ENCFF644TCN,ENCFF613PFC		NA21521	unresolved_truth_file_mapping	none	requires_coriell_family_audit	donor_independent	mixed	blocked_truth_crosswalk	EGA truth file not opened; donor-level mapping unverified
AFGR_MKK	NA21521	NA21521	GM21521	wgs						NA21521	literature_only	none	requires_coriell_family_audit	donor_independent	unresolved	blocked_raw_accession	AFGR reports WGS but ENCODE AFGR collection has no WGS experiment
AFGR_MKK	ENCBS496ZQW	NA21522	GM21522	rnaseq	ENCSR061IMG	ENCBS496ZQW	ENCSR061IMG	ENCFF257GCQ,ENCFF354YDP		NA21522	unresolved_truth_file_mapping	none	requires_coriell_family_audit	donor_independent	mixed	blocked_truth_crosswalk	EGA truth file not opened; donor-level mapping unverified
AFGR_MKK	NA21522	NA21522	GM21522	wgs						NA21522	literature_only	none	requires_coriell_family_audit	donor_independent	unresolved	blocked_raw_accession	AFGR reports WGS but ENCODE AFGR collection has no WGS experiment
AFGR_MKK	ENCBS951CGU	NA21523	GM21523	rnaseq	ENCSR886FYI	ENCBS951CGU	ENCSR886FYI	ENCFF914SZN,ENCFF527IIY		NA21523	unresolved_truth_file_mapping	none	requires_coriell_family_audit	donor_independent	mixed	blocked_truth_crosswalk	EGA truth file not opened; donor-level mapping unverified
AFGR_MKK	NA21523	NA21523	GM21523	wgs						NA21523	literature_only	none	requires_coriell_family_audit	donor_independent	unresolved	blocked_raw_accession	AFGR reports WGS but ENCODE AFGR collection has no WGS experiment
AFGR_MKK	ENCBS764GAN	NA21524	GM21524	rnaseq	ENCSR011CTI	ENCBS764GAN	ENCSR011CTI	ENCFF292MNC,ENCFF762JDR		NA21524	unresolved_truth_file_mapping	none	requires_coriell_family_audit	donor_independent	mixed	blocked_truth_crosswalk	EGA truth file not opened; donor-level mapping unverified
AFGR_MKK	NA21524	NA21524	GM21524	wgs						NA21524	literature_only	none	requires_coriell_family_audit	donor_independent	unresolved	blocked_raw_accession	AFGR reports WGS but ENCODE AFGR collection has no WGS experiment
AFGR_MKK	ENCBS904JUM	NA21526	GM21526	rnaseq	ENCSR667JGU	ENCBS904JUM	ENCSR667JGU	ENCFF282GIK,ENCFF366WAU		NA21526	unresolved_truth_file_mapping	none	requires_coriell_family_audit	donor_independent	mixed	blocked_truth_crosswalk	EGA truth file not opened; donor-level mapping unverified
AFGR_MKK	NA21526	NA21526	GM21526	wgs						NA21526	literature_only	none	requires_coriell_family_audit	donor_independent	unresolved	blocked_raw_accession	AFGR reports WGS but ENCODE AFGR collection has no WGS experiment
AFGR_MKK	ENCBS619PSH	NA21528	GM21528	rnaseq	ENCSR126XIL	ENCBS619PSH	ENCSR126XIL	ENCFF884AGV,ENCFF061XPN		NA21528	unresolved_truth_file_mapping	none	requires_coriell_family_audit	donor_independent	mixed	blocked_truth_crosswalk	EGA truth file not opened; donor-level mapping unverified
AFGR_MKK	NA21528	NA21528	GM21528	wgs						NA21528	literature_only	none	requires_coriell_family_audit	donor_independent	unresolved	blocked_raw_accession	AFGR reports WGS but ENCODE AFGR collection has no WGS experiment
AFGR_MKK	ENCBS994HTW	NA21529	GM21529	rnaseq	ENCSR961HMI	ENCBS994HTW	ENCSR961HMI	ENCFF989XAO,ENCFF669XSG		NA21529	unresolved_truth_file_mapping	none	requires_coriell_family_audit	donor_independent	mixed	blocked_truth_crosswalk	EGA truth file not opened; donor-level mapping unverified
AFGR_MKK	NA21529	NA21529	GM21529	wgs						NA21529	literature_only	none	requires_coriell_family_audit	donor_independent	unresolved	blocked_raw_accession	AFGR reports WGS but ENCODE AFGR collection has no WGS experiment
AFGR_MKK	ENCBS852UFZ	NA21573	GM21573	rnaseq	ENCSR318HAQ	ENCBS852UFZ	ENCSR318HAQ	ENCFF920BHF,ENCFF479FZR		NA21573	unresolved_truth_file_mapping	none	requires_coriell_family_audit	donor_independent	mixed	blocked_truth_crosswalk	EGA truth file not opened; donor-level mapping unverified
AFGR_MKK	NA21573	NA21573	GM21573	wgs						NA21573	literature_only	none	requires_coriell_family_audit	donor_independent	unresolved	blocked_raw_accession	AFGR reports WGS but ENCODE AFGR collection has no WGS experiment
AFGR_MKK	ENCBS793FDZ	NA21574	GM21574	rnaseq	ENCSR635HYR	ENCBS793FDZ	ENCSR635HYR	ENCFF910IDI,ENCFF241GCV		NA21574	unresolved_truth_file_mapping	none	requires_coriell_family_audit	donor_independent	mixed	blocked_truth_crosswalk	EGA truth file not opened; donor-level mapping unverified
AFGR_MKK	NA21574	NA21574	GM21574	wgs						NA21574	literature_only	none	requires_coriell_family_audit	donor_independent	unresolved	blocked_raw_accession	AFGR reports WGS but ENCODE AFGR collection has no WGS experiment
AFGR_MKK	ENCBS347CBI	NA21575	GM21575	rnaseq	ENCSR192PWG	ENCBS347CBI	ENCSR192PWG	ENCFF186UDO,ENCFF720SBD		NA21575	unresolved_truth_file_mapping	none	requires_coriell_family_audit	donor_independent	mixed	blocked_truth_crosswalk	EGA truth file not opened; donor-level mapping unverified
AFGR_MKK	NA21575	NA21575	GM21575	wgs						NA21575	literature_only	none	requires_coriell_family_audit	donor_independent	unresolved	blocked_raw_accession	AFGR reports WGS but ENCODE AFGR collection has no WGS experiment
AFGR_MKK	ENCBS793OSQ	NA21576	GM21576	rnaseq	ENCSR732QBN	ENCBS793OSQ	ENCSR732QBN	ENCFF088FTQ,ENCFF297QHK		NA21576	unresolved_truth_file_mapping	none	requires_coriell_family_audit	donor_independent	mixed	blocked_truth_crosswalk	EGA truth file not opened; donor-level mapping unverified
AFGR_MKK	NA21576	NA21576	GM21576	wgs						NA21576	literature_only	none	requires_coriell_family_audit	donor_independent	unresolved	blocked_raw_accession	AFGR reports WGS but ENCODE AFGR collection has no WGS experiment
AFGR_MKK	ENCBS666RXT	NA21577	GM21577	rnaseq	ENCSR402SJR	ENCBS666RXT	ENCSR402SJR	ENCFF126BUN,ENCFF475XQN		NA21577	unresolved_truth_file_mapping	none	requires_coriell_family_audit	donor_independent	mixed	blocked_truth_crosswalk	EGA truth file not opened; donor-level mapping unverified
AFGR_MKK	NA21577	NA21577	GM21577	wgs						NA21577	literature_only	none	requires_coriell_family_audit	donor_independent	unresolved	blocked_raw_accession	AFGR reports WGS but ENCODE AFGR collection has no WGS experiment
AFGR_MKK	ENCBS126PYD	NA21578	GM21578	rnaseq	ENCSR923SGT	ENCBS126PYD	ENCSR923SGT	ENCFF574KHV,ENCFF704RLD		NA21578	unresolved_truth_file_mapping	none	requires_coriell_family_audit	donor_independent	mixed	blocked_truth_crosswalk	EGA truth file not opened; donor-level mapping unverified
AFGR_MKK	NA21578	NA21578	GM21578	wgs						NA21578	literature_only	none	requires_coriell_family_audit	donor_independent	unresolved	blocked_raw_accession	AFGR reports WGS but ENCODE AFGR collection has no WGS experiment
AFGR_MKK	ENCBS784UAM	NA21580	GM21580	rnaseq	ENCSR922VBQ	ENCBS784UAM	ENCSR922VBQ	ENCFF666LZP,ENCFF910TJF		NA21580	unresolved_truth_file_mapping	none	requires_coriell_family_audit	donor_independent	mixed	blocked_truth_crosswalk	EGA truth file not opened; donor-level mapping unverified
AFGR_MKK	NA21580	NA21580	GM21580	wgs						NA21580	literature_only	none	requires_coriell_family_audit	donor_independent	unresolved	blocked_raw_accession	AFGR reports WGS but ENCODE AFGR collection has no WGS experiment
AFGR_MKK	ENCBS601VSG	NA21582	GM21582	rnaseq	ENCSR848SDO	ENCBS601VSG	ENCSR848SDO	ENCFF512CKL,ENCFF857MGZ		NA21582	unresolved_truth_file_mapping	none	requires_coriell_family_audit	donor_independent	mixed	blocked_truth_crosswalk	EGA truth file not opened; donor-level mapping unverified
AFGR_MKK	NA21582	NA21582	GM21582	wgs						NA21582	literature_only	none	requires_coriell_family_audit	donor_independent	unresolved	blocked_raw_accession	AFGR reports WGS but ENCODE AFGR collection has no WGS experiment
AFGR_MKK	ENCBS952JOV	NA21583	GM21583	rnaseq	ENCSR612PZD	ENCBS952JOV	ENCSR612PZD	ENCFF332NWJ,ENCFF351FTP		NA21583	unresolved_truth_file_mapping	none	requires_coriell_family_audit	donor_independent	mixed	blocked_truth_crosswalk	EGA truth file not opened; donor-level mapping unverified
AFGR_MKK	NA21583	NA21583	GM21583	wgs						NA21583	literature_only	none	requires_coriell_family_audit	donor_independent	unresolved	blocked_raw_accession	AFGR reports WGS but ENCODE AFGR collection has no WGS experiment
AFGR_MKK	ENCBS113AXS	NA21584	GM21584	rnaseq	ENCSR575WIT	ENCBS113AXS	ENCSR575WIT	ENCFF787IQR,ENCFF481QMH		NA21584	unresolved_truth_file_mapping	none	requires_coriell_family_audit	donor_independent	mixed	blocked_truth_crosswalk	EGA truth file not opened; donor-level mapping unverified
AFGR_MKK	NA21584	NA21584	GM21584	wgs						NA21584	literature_only	none	requires_coriell_family_audit	donor_independent	unresolved	blocked_raw_accession	AFGR reports WGS but ENCODE AFGR collection has no WGS experiment
AFGR_MKK	ENCBS351NRC	NA21587	GM21587	rnaseq	ENCSR615WDX	ENCBS351NRC	ENCSR615WDX	ENCFF320FZM,ENCFF178YSQ		NA21587	unresolved_truth_file_mapping	none	requires_coriell_family_audit	donor_independent	mixed	blocked_truth_crosswalk	EGA truth file not opened; donor-level mapping unverified
AFGR_MKK	NA21587	NA21587	GM21587	wgs						NA21587	literature_only	none	requires_coriell_family_audit	donor_independent	unresolved	blocked_raw_accession	AFGR reports WGS but ENCODE AFGR collection has no WGS experiment
AFGR_MKK	ENCBS951DAQ	NA21596	GM21596	rnaseq	ENCSR273BGW	ENCBS951DAQ	ENCSR273BGW	ENCFF606OSE,ENCFF514OFE		NA21596	unresolved_truth_file_mapping	none	requires_coriell_family_audit	donor_independent	mixed	blocked_truth_crosswalk	EGA truth file not opened; donor-level mapping unverified
AFGR_MKK	NA21596	NA21596	GM21596	wgs						NA21596	literature_only	none	requires_coriell_family_audit	donor_independent	unresolved	blocked_raw_accession	AFGR reports WGS but ENCODE AFGR collection has no WGS experiment
AFGR_MKK	ENCBS809OTZ	NA21597	GM21597	rnaseq	ENCSR387DCM	ENCBS809OTZ	ENCSR387DCM	ENCFF131LDJ,ENCFF068RAV		NA21597	unresolved_truth_file_mapping	none	requires_coriell_family_audit	donor_independent	mixed	blocked_truth_crosswalk	EGA truth file not opened; donor-level mapping unverified
AFGR_MKK	NA21597	NA21597	GM21597	wgs						NA21597	literature_only	none	requires_coriell_family_audit	donor_independent	unresolved	blocked_raw_accession	AFGR reports WGS but ENCODE AFGR collection has no WGS experiment
AFGR_MKK	ENCBS730IYY	NA21599	GM21599	rnaseq	ENCSR358ZQT	ENCBS730IYY	ENCSR358ZQT	ENCFF395GNP,ENCFF045FJT		NA21599	unresolved_truth_file_mapping	none	requires_coriell_family_audit	donor_independent	mixed	blocked_truth_crosswalk	EGA truth file not opened; donor-level mapping unverified
AFGR_MKK	NA21599	NA21599	GM21599	wgs						NA21599	literature_only	none	requires_coriell_family_audit	donor_independent	unresolved	blocked_raw_accession	AFGR reports WGS but ENCODE AFGR collection has no WGS experiment
AFGR_MKK	ENCBS120NIZ	NA21600	GM21600	rnaseq	ENCSR973GTG	ENCBS120NIZ	ENCSR973GTG	ENCFF255TEC,ENCFF546MYO		NA21600	unresolved_truth_file_mapping	none	requires_coriell_family_audit	donor_independent	mixed	blocked_truth_crosswalk	EGA truth file not opened; donor-level mapping unverified
AFGR_MKK	NA21600	NA21600	GM21600	wgs						NA21600	literature_only	none	requires_coriell_family_audit	donor_independent	unresolved	blocked_raw_accession	AFGR reports WGS but ENCODE AFGR collection has no WGS experiment
AFGR_MKK	ENCBS192EXU	NA21611	GM21611	rnaseq	ENCSR418YCO	ENCBS192EXU	ENCSR418YCO	ENCFF014ZJU,ENCFF097EGM		NA21611	unresolved_truth_file_mapping	none	requires_coriell_family_audit	donor_independent	mixed	blocked_truth_crosswalk	EGA truth file not opened; donor-level mapping unverified
AFGR_MKK	NA21611	NA21611	GM21611	wgs						NA21611	literature_only	none	requires_coriell_family_audit	donor_independent	unresolved	blocked_raw_accession	AFGR reports WGS but ENCODE AFGR collection has no WGS experiment
AFGR_MKK	ENCBS677BTS	NA21613	GM21613	rnaseq	ENCSR691LPK	ENCBS677BTS	ENCSR691LPK	ENCFF496HYB,ENCFF963NVN		NA21613	unresolved_truth_file_mapping	none	requires_coriell_family_audit	donor_independent	mixed	blocked_truth_crosswalk	EGA truth file not opened; donor-level mapping unverified
AFGR_MKK	NA21613	NA21613	GM21613	wgs						NA21613	literature_only	none	requires_coriell_family_audit	donor_independent	unresolved	blocked_raw_accession	AFGR reports WGS but ENCODE AFGR collection has no WGS experiment
AFGR_MKK	ENCBS338FQC	NA21614	GM21614	rnaseq	ENCSR374LLP	ENCBS338FQC	ENCSR374LLP	ENCFF021UOQ,ENCFF466TBY		NA21614	unresolved_truth_file_mapping	none	requires_coriell_family_audit	donor_independent	mixed	blocked_truth_crosswalk	EGA truth file not opened; donor-level mapping unverified
AFGR_MKK	NA21614	NA21614	GM21614	wgs						NA21614	literature_only	none	requires_coriell_family_audit	donor_independent	unresolved	blocked_raw_accession	AFGR reports WGS but ENCODE AFGR collection has no WGS experiment
AFGR_MKK	ENCBS092DRT	NA21615	GM21615	rnaseq	ENCSR257XFI	ENCBS092DRT	ENCSR257XFI	ENCFF076QIR,ENCFF725DCI		NA21615	unresolved_truth_file_mapping	none	requires_coriell_family_audit	donor_independent	mixed	blocked_truth_crosswalk	EGA truth file not opened; donor-level mapping unverified
AFGR_MKK	NA21615	NA21615	GM21615	wgs						NA21615	literature_only	none	requires_coriell_family_audit	donor_independent	unresolved	blocked_raw_accession	AFGR reports WGS but ENCODE AFGR collection has no WGS experiment
AFGR_MKK	ENCBS151HYN	NA21616	GM21616	rnaseq	ENCSR516JGC	ENCBS151HYN	ENCSR516JGC	ENCFF214TQW,ENCFF984MLF		NA21616	unresolved_truth_file_mapping	none	requires_coriell_family_audit	donor_independent	mixed	blocked_truth_crosswalk	EGA truth file not opened; donor-level mapping unverified
AFGR_MKK	NA21616	NA21616	GM21616	wgs						NA21616	literature_only	none	requires_coriell_family_audit	donor_independent	unresolved	blocked_raw_accession	AFGR reports WGS but ENCODE AFGR collection has no WGS experiment
AFGR_MKK	ENCBS004DPX	NA21617	GM21617	rnaseq	ENCSR272BGX	ENCBS004DPX	ENCSR272BGX	ENCFF839XXG,ENCFF215BKP		NA21617	unresolved_truth_file_mapping	none	requires_coriell_family_audit	donor_independent	mixed	blocked_truth_crosswalk	EGA truth file not opened; donor-level mapping unverified
AFGR_MKK	NA21617	NA21617	GM21617	wgs						NA21617	literature_only	none	requires_coriell_family_audit	donor_independent	unresolved	blocked_raw_accession	AFGR reports WGS but ENCODE AFGR collection has no WGS experiment
AFGR_MKK	ENCBS062HXL	NA21619	GM21619	rnaseq	ENCSR669ZCF	ENCBS062HXL	ENCSR669ZCF	ENCFF710POX,ENCFF582UBI		NA21619	unresolved_truth_file_mapping	none	requires_coriell_family_audit	donor_independent	mixed	blocked_truth_crosswalk	EGA truth file not opened; donor-level mapping unverified
AFGR_MKK	NA21619	NA21619	GM21619	wgs						NA21619	literature_only	none	requires_coriell_family_audit	donor_independent	unresolved	blocked_raw_accession	AFGR reports WGS but ENCODE AFGR collection has no WGS experiment
AFGR_MKK	ENCBS434FDH	NA21620	GM21620	rnaseq	ENCSR867IMW	ENCBS434FDH	ENCSR867IMW	ENCFF788DNJ,ENCFF270GOH		NA21620	unresolved_truth_file_mapping	none	requires_coriell_family_audit	donor_independent	mixed	blocked_truth_crosswalk	EGA truth file not opened; donor-level mapping unverified
AFGR_MKK	NA21620	NA21620	GM21620	wgs						NA21620	literature_only	none	requires_coriell_family_audit	donor_independent	unresolved	blocked_raw_accession	AFGR reports WGS but ENCODE AFGR collection has no WGS experiment
AFGR_MKK	ENCBS386ARM	NA21622	GM21622	rnaseq	ENCSR277HKQ	ENCBS386ARM	ENCSR277HKQ	ENCFF770PKN,ENCFF918SBC		NA21622	unresolved_truth_file_mapping	none	requires_coriell_family_audit	donor_independent	mixed	blocked_truth_crosswalk	EGA truth file not opened; donor-level mapping unverified
AFGR_MKK	NA21622	NA21622	GM21622	wgs						NA21622	literature_only	none	requires_coriell_family_audit	donor_independent	unresolved	blocked_raw_accession	AFGR reports WGS but ENCODE AFGR collection has no WGS experiment
AFGR_MKK	ENCBS503XQP	NA21631	GM21631	rnaseq	ENCSR584DEF	ENCBS503XQP	ENCSR584DEF	ENCFF255OQM,ENCFF350WPQ		NA21631	unresolved_truth_file_mapping	none	requires_coriell_family_audit	donor_independent	mixed	blocked_truth_crosswalk	EGA truth file not opened; donor-level mapping unverified
AFGR_MKK	NA21631	NA21631	GM21631	wgs						NA21631	literature_only	none	requires_coriell_family_audit	donor_independent	unresolved	blocked_raw_accession	AFGR reports WGS but ENCODE AFGR collection has no WGS experiment
AFGR_MKK	ENCBS160FVB	NA21632	GM21632	rnaseq	ENCSR489ANE	ENCBS160FVB	ENCSR489ANE	ENCFF342OVM,ENCFF289GIS		NA21632	unresolved_truth_file_mapping	none	requires_coriell_family_audit	donor_independent	mixed	blocked_truth_crosswalk	EGA truth file not opened; donor-level mapping unverified
AFGR_MKK	NA21632	NA21632	GM21632	wgs						NA21632	literature_only	none	requires_coriell_family_audit	donor_independent	unresolved	blocked_raw_accession	AFGR reports WGS but ENCODE AFGR collection has no WGS experiment
AFGR_MKK	ENCBS951JCP	NA21634	GM21634	rnaseq	ENCSR439UXE	ENCBS951JCP	ENCSR439UXE	ENCFF815WHD,ENCFF808TQN		NA21634	unresolved_truth_file_mapping	none	requires_coriell_family_audit	donor_independent	mixed	blocked_truth_crosswalk	EGA truth file not opened; donor-level mapping unverified
AFGR_MKK	NA21634	NA21634	GM21634	wgs						NA21634	literature_only	none	requires_coriell_family_audit	donor_independent	unresolved	blocked_raw_accession	AFGR reports WGS but ENCODE AFGR collection has no WGS experiment
AFGR_MKK	ENCBS417LTN	NA21635	GM21635	rnaseq	ENCSR085SBJ	ENCBS417LTN	ENCSR085SBJ	ENCFF112MKV,ENCFF578MWW		NA21635	unresolved_truth_file_mapping	none	requires_coriell_family_audit	donor_independent	mixed	blocked_truth_crosswalk	EGA truth file not opened; donor-level mapping unverified
AFGR_MKK	NA21635	NA21635	GM21635	wgs						NA21635	literature_only	none	requires_coriell_family_audit	donor_independent	unresolved	blocked_raw_accession	AFGR reports WGS but ENCODE AFGR collection has no WGS experiment
AFGR_MKK	ENCBS034AYN	NA21647	GM21647	rnaseq	ENCSR665XVN	ENCBS034AYN	ENCSR665XVN	ENCFF485URV,ENCFF302MYD		NA21647	unresolved_truth_file_mapping	none	requires_coriell_family_audit	donor_independent	mixed	blocked_truth_crosswalk	EGA truth file not opened; donor-level mapping unverified
AFGR_MKK	NA21647	NA21647	GM21647	wgs						NA21647	literature_only	none	requires_coriell_family_audit	donor_independent	unresolved	blocked_raw_accession	AFGR reports WGS but ENCODE AFGR collection has no WGS experiment
AFGR_MKK	ENCBS671JUB	NA21649	GM21649	rnaseq	ENCSR329BWL	ENCBS671JUB	ENCSR329BWL	ENCFF033LVU,ENCFF791ADI		NA21649	unresolved_truth_file_mapping	none	requires_coriell_family_audit	donor_independent	mixed	blocked_truth_crosswalk	EGA truth file not opened; donor-level mapping unverified
AFGR_MKK	NA21649	NA21649	GM21649	wgs						NA21649	literature_only	none	requires_coriell_family_audit	donor_independent	unresolved	blocked_raw_accession	AFGR reports WGS but ENCODE AFGR collection has no WGS experiment
AFGR_MKK	ENCBS117DQK	NA21650	GM21650	rnaseq	ENCSR096XEJ	ENCBS117DQK	ENCSR096XEJ	ENCFF467CWQ,ENCFF280LJK		NA21650	unresolved_truth_file_mapping	none	requires_coriell_family_audit	donor_independent	mixed	blocked_truth_crosswalk	EGA truth file not opened; donor-level mapping unverified
AFGR_MKK	NA21650	NA21650	GM21650	wgs						NA21650	literature_only	none	requires_coriell_family_audit	donor_independent	unresolved	blocked_raw_accession	AFGR reports WGS but ENCODE AFGR collection has no WGS experiment
AFGR_MKK	ENCBS996NFE	NA21678	GM21678	rnaseq	ENCSR121IJT	ENCBS996NFE	ENCSR121IJT	ENCFF519BVA,ENCFF791IXF		NA21678	unresolved_truth_file_mapping	none	requires_coriell_family_audit	donor_independent	mixed	blocked_truth_crosswalk	EGA truth file not opened; donor-level mapping unverified
AFGR_MKK	NA21678	NA21678	GM21678	wgs						NA21678	literature_only	none	requires_coriell_family_audit	donor_independent	unresolved	blocked_raw_accession	AFGR reports WGS but ENCODE AFGR collection has no WGS experiment
AFGR_MKK	ENCBS848CNO	NA21679	GM21679	rnaseq	ENCSR488HDA	ENCBS848CNO	ENCSR488HDA	ENCFF878ZUR,ENCFF955BSS		NA21679	unresolved_truth_file_mapping	none	requires_coriell_family_audit	donor_independent	mixed	blocked_truth_crosswalk	EGA truth file not opened; donor-level mapping unverified
AFGR_MKK	NA21679	NA21679	GM21679	wgs						NA21679	literature_only	none	requires_coriell_family_audit	donor_independent	unresolved	blocked_raw_accession	AFGR reports WGS but ENCODE AFGR collection has no WGS experiment
AFGR_MKK	ENCBS133FQR	NA21683	GM21683	rnaseq	ENCSR669PMY	ENCBS133FQR	ENCSR669PMY	ENCFF474AVT,ENCFF511IKP		NA21683	unresolved_truth_file_mapping	none	requires_coriell_family_audit	donor_independent	mixed	blocked_truth_crosswalk	EGA truth file not opened; donor-level mapping unverified
AFGR_MKK	NA21683	NA21683	GM21683	wgs						NA21683	literature_only	none	requires_coriell_family_audit	donor_independent	unresolved	blocked_raw_accession	AFGR reports WGS but ENCODE AFGR collection has no WGS experiment
AFGR_MKK	ENCBS822JYI	NA21685	GM21685	rnaseq	ENCSR890BUJ	ENCBS822JYI	ENCSR890BUJ	ENCFF232YLS,ENCFF260EST		NA21685	unresolved_truth_file_mapping	none	requires_coriell_family_audit	donor_independent	mixed	blocked_truth_crosswalk	EGA truth file not opened; donor-level mapping unverified
AFGR_MKK	NA21685	NA21685	GM21685	wgs						NA21685	literature_only	none	requires_coriell_family_audit	donor_independent	unresolved	blocked_raw_accession	AFGR reports WGS but ENCODE AFGR collection has no WGS experiment
AFGR_MKK	ENCBS103YCN	NA21686	GM21686	rnaseq	ENCSR567XFT	ENCBS103YCN	ENCSR567XFT	ENCFF113UNW,ENCFF970BBX		NA21686	unresolved_truth_file_mapping	none	requires_coriell_family_audit	donor_independent	mixed	blocked_truth_crosswalk	EGA truth file not opened; donor-level mapping unverified
AFGR_MKK	NA21686	NA21686	GM21686	wgs						NA21686	literature_only	none	requires_coriell_family_audit	donor_independent	unresolved	blocked_raw_accession	AFGR reports WGS but ENCODE AFGR collection has no WGS experiment
AFGR_MKK	ENCBS948XEH	NA21689	GM21689	rnaseq	ENCSR865CQJ	ENCBS948XEH	ENCSR865CQJ	ENCFF565GDJ,ENCFF496IEG		NA21689	unresolved_truth_file_mapping	none	requires_coriell_family_audit	donor_independent	mixed	blocked_truth_crosswalk	EGA truth file not opened; donor-level mapping unverified
AFGR_MKK	NA21689	NA21689	GM21689	wgs						NA21689	literature_only	none	requires_coriell_family_audit	donor_independent	unresolved	blocked_raw_accession	AFGR reports WGS but ENCODE AFGR collection has no WGS experiment
AFGR_MKK	ENCBS631SZD	NA21693	GM21693	rnaseq	ENCSR939PUS	ENCBS631SZD	ENCSR939PUS	ENCFF832RGQ,ENCFF943VOQ		NA21693	unresolved_truth_file_mapping	none	requires_coriell_family_audit	donor_independent	mixed	blocked_truth_crosswalk	EGA truth file not opened; donor-level mapping unverified
AFGR_MKK	NA21693	NA21693	GM21693	wgs						NA21693	literature_only	none	requires_coriell_family_audit	donor_independent	unresolved	blocked_raw_accession	AFGR reports WGS but ENCODE AFGR collection has no WGS experiment
AFGR_MKK	ENCBS021YTS	NA21716	GM21716	rnaseq	ENCSR374DLH	ENCBS021YTS	ENCSR374DLH	ENCFF170EUY,ENCFF953UZX		NA21716	unresolved_truth_file_mapping	none	requires_coriell_family_audit	donor_independent	mixed	blocked_truth_crosswalk	EGA truth file not opened; donor-level mapping unverified
AFGR_MKK	NA21716	NA21716	GM21716	wgs						NA21716	literature_only	none	requires_coriell_family_audit	donor_independent	unresolved	blocked_raw_accession	AFGR reports WGS but ENCODE AFGR collection has no WGS experiment
AFGR_MKK	ENCBS091CWU	NA21717	GM21717	rnaseq	ENCSR473GBY	ENCBS091CWU	ENCSR473GBY	ENCFF584KZG,ENCFF173LSW		NA21717	unresolved_truth_file_mapping	none	requires_coriell_family_audit	donor_independent	mixed	blocked_truth_crosswalk	EGA truth file not opened; donor-level mapping unverified
AFGR_MKK	NA21717	NA21717	GM21717	wgs						NA21717	literature_only	none	requires_coriell_family_audit	donor_independent	unresolved	blocked_raw_accession	AFGR reports WGS but ENCODE AFGR collection has no WGS experiment
AFGR_MKK	ENCBS345NEB	NA21719	GM21719	rnaseq	ENCSR022BLY	ENCBS345NEB	ENCSR022BLY	ENCFF718YZE,ENCFF962JPI		NA21719	unresolved_truth_file_mapping	none	requires_coriell_family_audit	donor_independent	mixed	blocked_truth_crosswalk	EGA truth file not opened; donor-level mapping unverified
AFGR_MKK	NA21719	NA21719	GM21719	wgs						NA21719	literature_only	none	requires_coriell_family_audit	donor_independent	unresolved	blocked_raw_accession	AFGR reports WGS but ENCODE AFGR collection has no WGS experiment
AFGR_MKK	ENCBS479VYI	NA21722	GM21722	rnaseq	ENCSR195EDC	ENCBS479VYI	ENCSR195EDC	ENCFF651QNR,ENCFF784YPY		NA21722	unresolved_truth_file_mapping	none	requires_coriell_family_audit	donor_independent	mixed	blocked_truth_crosswalk	EGA truth file not opened; donor-level mapping unverified
AFGR_MKK	NA21722	NA21722	GM21722	wgs						NA21722	literature_only	none	requires_coriell_family_audit	donor_independent	unresolved	blocked_raw_accession	AFGR reports WGS but ENCODE AFGR collection has no WGS experiment
AFGR_MKK	ENCBS510ZRZ	NA21723	GM21723	rnaseq	ENCSR836GCO	ENCBS510ZRZ	ENCSR836GCO	ENCFF093JHE,ENCFF987GOM		NA21723	unresolved_truth_file_mapping	none	requires_coriell_family_audit	donor_independent	mixed	blocked_truth_crosswalk	EGA truth file not opened; donor-level mapping unverified
AFGR_MKK	NA21723	NA21723	GM21723	wgs						NA21723	literature_only	none	requires_coriell_family_audit	donor_independent	unresolved	blocked_raw_accession	AFGR reports WGS but ENCODE AFGR collection has no WGS experiment
AFGR_MKK	ENCBS366QNZ	NA21732	GM21732	rnaseq	ENCSR664DTO	ENCBS366QNZ	ENCSR664DTO	ENCFF886BJJ,ENCFF573PTW		NA21732	unresolved_truth_file_mapping	none	requires_coriell_family_audit	donor_independent	mixed	blocked_truth_crosswalk	EGA truth file not opened; donor-level mapping unverified
AFGR_MKK	NA21732	NA21732	GM21732	wgs						NA21732	literature_only	none	requires_coriell_family_audit	donor_independent	unresolved	blocked_raw_accession	AFGR reports WGS but ENCODE AFGR collection has no WGS experiment
AFGR_MKK	ENCBS257QXB	NA21733	GM21733	rnaseq	ENCSR913TLO	ENCBS257QXB	ENCSR913TLO	ENCFF511XLN,ENCFF311AYA		NA21733	unresolved_truth_file_mapping	none	requires_coriell_family_audit	donor_independent	mixed	blocked_truth_crosswalk	EGA truth file not opened; donor-level mapping unverified
AFGR_MKK	NA21733	NA21733	GM21733	wgs						NA21733	literature_only	none	requires_coriell_family_audit	donor_independent	unresolved	blocked_raw_accession	AFGR reports WGS but ENCODE AFGR collection has no WGS experiment
AFGR_MKK	ENCBS411HVU	NA21737	GM21737	rnaseq	ENCSR301GDF	ENCBS411HVU	ENCSR301GDF	ENCFF427JCR,ENCFF968OZQ		NA21737	unresolved_truth_file_mapping	none	requires_coriell_family_audit	donor_independent	mixed	blocked_truth_crosswalk	EGA truth file not opened; donor-level mapping unverified
AFGR_MKK	NA21737	NA21737	GM21737	wgs						NA21737	literature_only	none	requires_coriell_family_audit	donor_independent	unresolved	blocked_raw_accession	AFGR reports WGS but ENCODE AFGR collection has no WGS experiment
AFGR_MKK	ENCBS877ULO	NA21738	GM21738	rnaseq	ENCSR300UGR	ENCBS877ULO	ENCSR300UGR	ENCFF449FDC,ENCFF858ACW		NA21738	unresolved_truth_file_mapping	none	requires_coriell_family_audit	donor_independent	mixed	blocked_truth_crosswalk	EGA truth file not opened; donor-level mapping unverified
AFGR_MKK	NA21738	NA21738	GM21738	wgs						NA21738	literature_only	none	requires_coriell_family_audit	donor_independent	unresolved	blocked_raw_accession	AFGR reports WGS but ENCODE AFGR collection has no WGS experiment
AFGR_MKK	ENCBS814WIA	NA21739	GM21739	rnaseq	ENCSR962PNR	ENCBS814WIA	ENCSR962PNR	ENCFF035NAC,ENCFF931MHP		NA21739	unresolved_truth_file_mapping	none	requires_coriell_family_audit	donor_independent	mixed	blocked_truth_crosswalk	EGA truth file not opened; donor-level mapping unverified
AFGR_MKK	NA21739	NA21739	GM21739	wgs						NA21739	literature_only	none	requires_coriell_family_audit	donor_independent	unresolved	blocked_raw_accession	AFGR reports WGS but ENCODE AFGR collection has no WGS experiment
AFGR_MKK	ENCBS303ZTP	NA21740	GM21740	rnaseq	ENCSR339YKD	ENCBS303ZTP	ENCSR339YKD	ENCFF602BOL,ENCFF054PHE		NA21740	unresolved_truth_file_mapping	none	requires_coriell_family_audit	donor_independent	mixed	blocked_truth_crosswalk	EGA truth file not opened; donor-level mapping unverified
AFGR_MKK	NA21740	NA21740	GM21740	wgs						NA21740	literature_only	none	requires_coriell_family_audit	donor_independent	unresolved	blocked_raw_accession	AFGR reports WGS but ENCODE AFGR collection has no WGS experiment
AFGR_MKK	ENCBS926KQF	NA21741	GM21741	rnaseq	ENCSR173BSI	ENCBS926KQF	ENCSR173BSI	ENCFF803MBB,ENCFF122WHC		NA21741	unresolved_truth_file_mapping	none	requires_coriell_family_audit	donor_independent	mixed	blocked_truth_crosswalk	EGA truth file not opened; donor-level mapping unverified
AFGR_MKK	NA21741	NA21741	GM21741	wgs						NA21741	literature_only	none	requires_coriell_family_audit	donor_independent	unresolved	blocked_raw_accession	AFGR reports WGS but ENCODE AFGR collection has no WGS experiment
AFGR_MKK	ENCBS595KKW	NA21742	GM21742	rnaseq	ENCSR691EYW	ENCBS595KKW	ENCSR691EYW	ENCFF323IQC,ENCFF228KZH		NA21742	unresolved_truth_file_mapping	none	requires_coriell_family_audit	donor_independent	mixed	blocked_truth_crosswalk	EGA truth file not opened; donor-level mapping unverified
AFGR_MKK	NA21742	NA21742	GM21742	wgs						NA21742	literature_only	none	requires_coriell_family_audit	donor_independent	unresolved	blocked_raw_accession	AFGR reports WGS but ENCODE AFGR collection has no WGS experiment
AFGR_MKK	ENCBS278PUU	NA21743	GM21743	rnaseq	ENCSR736GHI	ENCBS278PUU	ENCSR736GHI	ENCFF873QNT,ENCFF245CMT		NA21743	unresolved_truth_file_mapping	none	requires_coriell_family_audit	donor_independent	mixed	blocked_truth_crosswalk	EGA truth file not opened; donor-level mapping unverified
AFGR_MKK	NA21743	NA21743	GM21743	wgs						NA21743	literature_only	none	requires_coriell_family_audit	donor_independent	unresolved	blocked_raw_accession	AFGR reports WGS but ENCODE AFGR collection has no WGS experiment
AFGR_MKK	ENCBS536MOH	NA21744	GM21744	rnaseq	ENCSR758CZU	ENCBS536MOH	ENCSR758CZU	ENCFF087OZS,ENCFF855UNJ		NA21744	unresolved_truth_file_mapping	none	requires_coriell_family_audit	donor_independent	mixed	blocked_truth_crosswalk	EGA truth file not opened; donor-level mapping unverified
AFGR_MKK	NA21744	NA21744	GM21744	wgs						NA21744	literature_only	none	requires_coriell_family_audit	donor_independent	unresolved	blocked_raw_accession	AFGR reports WGS but ENCODE AFGR collection has no WGS experiment
AFGR_MKK	ENCBS721CCF	NA21768	GM21768	rnaseq	ENCSR335GZY	ENCBS721CCF	ENCSR335GZY	ENCFF609HUY,ENCFF958DDP		NA21768	unresolved_truth_file_mapping	none	requires_coriell_family_audit	donor_independent	mixed	blocked_truth_crosswalk	EGA truth file not opened; donor-level mapping unverified
AFGR_MKK	NA21768	NA21768	GM21768	wgs						NA21768	literature_only	none	requires_coriell_family_audit	donor_independent	unresolved	blocked_raw_accession	AFGR reports WGS but ENCODE AFGR collection has no WGS experiment
AFGR_MKK	ENCBS155OYA	NA21769	GM21769	rnaseq	ENCSR261LTY	ENCBS155OYA	ENCSR261LTY	ENCFF760PGO,ENCFF896HOP		NA21769	unresolved_truth_file_mapping	none	requires_coriell_family_audit	donor_independent	mixed	blocked_truth_crosswalk	EGA truth file not opened; donor-level mapping unverified
AFGR_MKK	NA21769	NA21769	GM21769	wgs						NA21769	literature_only	none	requires_coriell_family_audit	donor_independent	unresolved	blocked_raw_accession	AFGR reports WGS but ENCODE AFGR collection has no WGS experiment
AFGR_MKK	ENCBS107HQL	NA21770	GM21770	rnaseq	ENCSR380MGB	ENCBS107HQL	ENCSR380MGB	ENCFF345OVN,ENCFF333PYL		NA21770	unresolved_truth_file_mapping	none	requires_coriell_family_audit	donor_independent	mixed	blocked_truth_crosswalk	EGA truth file not opened; donor-level mapping unverified
AFGR_MKK	NA21770	NA21770	GM21770	wgs						NA21770	literature_only	none	requires_coriell_family_audit	donor_independent	unresolved	blocked_raw_accession	AFGR reports WGS but ENCODE AFGR collection has no WGS experiment
AFGR_MKK	ENCBS008OZE	NA21774	GM21774	rnaseq	ENCSR413TFJ	ENCBS008OZE	ENCSR413TFJ	ENCFF937QJY,ENCFF665NHS		NA21774	unresolved_truth_file_mapping	none	requires_coriell_family_audit	donor_independent	mixed	blocked_truth_crosswalk	EGA truth file not opened; donor-level mapping unverified
AFGR_MKK	NA21774	NA21774	GM21774	wgs						NA21774	literature_only	none	requires_coriell_family_audit	donor_independent	unresolved	blocked_raw_accession	AFGR reports WGS but ENCODE AFGR collection has no WGS experiment
AFGR_MKK	ENCBS436WYF	NA21775	GM21775	rnaseq	ENCSR989SXC	ENCBS436WYF	ENCSR989SXC	ENCFF149YFW,ENCFF446HLZ		NA21775	unresolved_truth_file_mapping	none	requires_coriell_family_audit	donor_independent	mixed	blocked_truth_crosswalk	EGA truth file not opened; donor-level mapping unverified
AFGR_MKK	NA21775	NA21775	GM21775	wgs						NA21775	literature_only	none	requires_coriell_family_audit	donor_independent	unresolved	blocked_raw_accession	AFGR reports WGS but ENCODE AFGR collection has no WGS experiment
AFGR_MKK	ENCBS775YPB	NA21776	GM21776	rnaseq	ENCSR291JPP	ENCBS775YPB	ENCSR291JPP	ENCFF441UQE,ENCFF861DRJ		NA21776	unresolved_truth_file_mapping	none	requires_coriell_family_audit	donor_independent	mixed	blocked_truth_crosswalk	EGA truth file not opened; donor-level mapping unverified
AFGR_MKK	NA21776	NA21776	GM21776	wgs						NA21776	literature_only	none	requires_coriell_family_audit	donor_independent	unresolved	blocked_raw_accession	AFGR reports WGS but ENCODE AFGR collection has no WGS experiment
AFGR_MKK	ENCBS929COL	NA21782	GM21782	rnaseq	ENCSR613SZQ	ENCBS929COL	ENCSR613SZQ	ENCFF894SLI,ENCFF473URN		NA21782	unresolved_truth_file_mapping	none	requires_coriell_family_audit	donor_independent	mixed	blocked_truth_crosswalk	EGA truth file not opened; donor-level mapping unverified
AFGR_MKK	NA21782	NA21782	GM21782	wgs						NA21782	literature_only	none	requires_coriell_family_audit	donor_independent	unresolved	blocked_raw_accession	AFGR reports WGS but ENCODE AFGR collection has no WGS experiment
AFGR_MKK	ENCBS212RNX	NA21784	GM21784	rnaseq	ENCSR808WEZ	ENCBS212RNX	ENCSR808WEZ	ENCFF977HIO,ENCFF608SAM		NA21784	unresolved_truth_file_mapping	none	requires_coriell_family_audit	donor_independent	mixed	blocked_truth_crosswalk	EGA truth file not opened; donor-level mapping unverified
AFGR_MKK	NA21784	NA21784	GM21784	wgs						NA21784	literature_only	none	requires_coriell_family_audit	donor_independent	unresolved	blocked_raw_accession	AFGR reports WGS but ENCODE AFGR collection has no WGS experiment
AFGR_MKK	ENCBS861CJQ	NA21785	GM21785	rnaseq	ENCSR282JJL	ENCBS861CJQ	ENCSR282JJL	ENCFF374HET,ENCFF385TOX		NA21785	unresolved_truth_file_mapping	none	requires_coriell_family_audit	donor_independent	mixed	blocked_truth_crosswalk	EGA truth file not opened; donor-level mapping unverified
AFGR_MKK	NA21785	NA21785	GM21785	wgs						NA21785	literature_only	none	requires_coriell_family_audit	donor_independent	unresolved	blocked_raw_accession	AFGR reports WGS but ENCODE AFGR collection has no WGS experiment
AFGR_MKK	ENCBS561VVI	NA21786	GM21786	rnaseq	ENCSR706CRD	ENCBS561VVI	ENCSR706CRD	ENCFF050QOL,ENCFF203YDV		NA21786	unresolved_truth_file_mapping	none	requires_coriell_family_audit	donor_independent	mixed	blocked_truth_crosswalk	EGA truth file not opened; donor-level mapping unverified
AFGR_MKK	NA21786	NA21786	GM21786	wgs						NA21786	literature_only	none	requires_coriell_family_audit	donor_independent	unresolved	blocked_raw_accession	AFGR reports WGS but ENCODE AFGR collection has no WGS experiment
AFGR_MKK	ENCBS657NWM	NA21825	GM21825	rnaseq	ENCSR754MPP	ENCBS657NWM	ENCSR754MPP	ENCFF344CXJ,ENCFF634IRA		NA21825	unresolved_truth_file_mapping	none	requires_coriell_family_audit	donor_independent	mixed	blocked_truth_crosswalk	EGA truth file not opened; donor-level mapping unverified
AFGR_MKK	NA21825	NA21825	GM21825	wgs						NA21825	literature_only	none	requires_coriell_family_audit	donor_independent	unresolved	blocked_raw_accession	AFGR reports WGS but ENCODE AFGR collection has no WGS experiment
AFGR_MKK	ENCBS662LKA	NA21826	GM21826	rnaseq	ENCSR111VVJ	ENCBS662LKA	ENCSR111VVJ	ENCFF982ONP,ENCFF620OTB		NA21826	unresolved_truth_file_mapping	none	requires_coriell_family_audit	donor_independent	mixed	blocked_truth_crosswalk	EGA truth file not opened; donor-level mapping unverified
AFGR_MKK	NA21826	NA21826	GM21826	wgs						NA21826	literature_only	none	requires_coriell_family_audit	donor_independent	unresolved	blocked_raw_accession	AFGR reports WGS but ENCODE AFGR collection has no WGS experiment
NCI60	SAMN08519383	786-O	RE:786_0	rnaseq	SRR6756018	SAMN08519383	SRX3728567	SRR6756018	https://ftp.sra.ebi.ac.uk/vol1/fastq/SRR675/008/SRR6756018/SRR6756018_1.fastq.gz;https://ftp.sra.ebi.ac.uk/vol1/fastq/SRR675/008/SRR6756018/SRR6756018_2.fastq.gz	41330-D	verified	none	unrelated_or_unresolved	donor_independent	public	blocked_truth_ambiguity	strict A/B/C truth contains a one-field, ambiguous, novel, or unresolved call
NCI60	SAMN08519384	A498	RE:A498	rnaseq	SRR6756017	SAMN08519384	SRX3728568	SRR6756017	https://ftp.sra.ebi.ac.uk/vol1/fastq/SRR675/007/SRR6756017/SRR6756017_1.fastq.gz;https://ftp.sra.ebi.ac.uk/vol1/fastq/SRR675/007/SRR6756017/SRR6756017_2.fastq.gz	41331-D	verified	none	unrelated_or_unresolved	donor_independent	public	blocked_truth_ambiguity	strict A/B/C truth contains a one-field, ambiguous, novel, or unresolved call
NCI60	SAMN08519365	A549	LC:A549	rnaseq	SRR6756002	SAMN08519365	SRX3728583	SRR6756002	https://ftp.sra.ebi.ac.uk/vol1/fastq/SRR675/002/SRR6756002/SRR6756002_1.fastq.gz;https://ftp.sra.ebi.ac.uk/vol1/fastq/SRR675/002/SRR6756002/SRR6756002_2.fastq.gz	41306-D	verified	none	unrelated_or_unresolved	donor_independent	public	blocked_truth_ambiguity	strict A/B/C truth contains a one-field, ambiguous, novel, or unresolved call
NCI60	SAMN08519385	ACHN	RE:ACHN	rnaseq	SRR6755963	SAMN08519385	SRX3728622	SRR6755963	https://ftp.sra.ebi.ac.uk/vol1/fastq/SRR675/003/SRR6755963/SRR6755963_1.fastq.gz;https://ftp.sra.ebi.ac.uk/vol1/fastq/SRR675/003/SRR6755963/SRR6755963_2.fastq.gz	41332-D	verified	none	unrelated_or_unresolved	donor_independent	public	blocked_truth_ambiguity	strict A/B/C truth contains a one-field, ambiguous, novel, or unresolved call
NCI60	SAMN08519334	BT-549	BR:BT_549	rnaseq	SRR6755989	SAMN08519334	SRX3728596	SRR6755989	https://ftp.sra.ebi.ac.uk/vol1/fastq/SRR675/009/SRR6755989/SRR6755989_1.fastq.gz;https://ftp.sra.ebi.ac.uk/vol1/fastq/SRR675/009/SRR6755989/SRR6755989_2.fastq.gz	41292-D	verified	none	unrelated_or_unresolved	donor_independent	public	blocked_truth_ambiguity	strict A/B/C truth contains a one-field, ambiguous, novel, or unresolved call
NCI60	SAMN08519386	CAKI-1	RE:CAKI_1	rnaseq	SRR6755961	SAMN08519386	SRX3728624	SRR6755961	https://ftp.sra.ebi.ac.uk/vol1/fastq/SRR675/001/SRR6755961/SRR6755961_1.fastq.gz;https://ftp.sra.ebi.ac.uk/vol1/fastq/SRR675/001/SRR6755961/SRR6755961_2.fastq.gz	41333-D	verified	none	unrelated_or_unresolved	donor_independent	public	blocked_truth_ambiguity	strict A/B/C truth contains a one-field, ambiguous, novel, or unresolved call
NCI60	SAMN08519349	CCRF-CEM	LE:CCRF_CEM	rnaseq	SRR6756016	SAMN08519349	SRX3728569	SRR6756016	https://ftp.sra.ebi.ac.uk/vol1/fastq/SRR675/006/SRR6756016/SRR6756016_1.fastq.gz;https://ftp.sra.ebi.ac.uk/vol1/fastq/SRR675/006/SRR6756016/SRR6756016_2.fastq.gz	41282-D	verified	none	unrelated_or_unresolved	donor_independent	public	blocked_truth_ambiguity	strict A/B/C truth contains a one-field, ambiguous, novel, or unresolved call
NCI60	SAMN08519342	COLO 205	CO:COLO205	rnaseq	SRR6756007	SAMN08519342	SRX3728578	SRR6756007	https://ftp.sra.ebi.ac.uk/vol1/fastq/SRR675/007/SRR6756007/SRR6756007_1.fastq.gz;https://ftp.sra.ebi.ac.uk/vol1/fastq/SRR675/007/SRR6756007/SRR6756007_2.fastq.gz	41299-D	verified	none	unrelated_or_unresolved	donor_independent	public	blocked_truth_ambiguity	strict A/B/C truth contains a one-field, ambiguous, novel, or unresolved call
NCI60	SAMN08519382	DU-145	PR:DU_145	rnaseq	SRR6756019	SAMN08519382	SRX3728566	SRR6756019	https://ftp.sra.ebi.ac.uk/vol1/fastq/SRR675/009/SRR6756019/SRR6756019_1.fastq.gz;https://ftp.sra.ebi.ac.uk/vol1/fastq/SRR675/009/SRR6756019/SRR6756019_2.fastq.gz	41328-D	verified	none	unrelated_or_unresolved	donor_independent	public	ready	
NCI60	SAMN08519366	EKVX	LC:EKVX	rnaseq	SRR6756001	SAMN08519366	SRX3728584	SRR6756001	https://ftp.sra.ebi.ac.uk/vol1/fastq/SRR675/001/SRR6756001/SRR6756001_1.fastq.gz;https://ftp.sra.ebi.ac.uk/vol1/fastq/SRR675/001/SRR6756001/SRR6756001_2.fastq.gz	41307-D	verified	none	unrelated_or_unresolved	donor_independent	public	ready	
NCI60	SAMN08519343	HCC-2998	CO:HCC_2998	rnaseq	SRR6756006	SAMN08519343	SRX3728579	SRR6756006	https://ftp.sra.ebi.ac.uk/vol1/fastq/SRR675/006/SRR6756006/SRR6756006_1.fastq.gz;https://ftp.sra.ebi.ac.uk/vol1/fastq/SRR675/006/SRR6756006/SRR6756006_2.fastq.gz	41300-D	verified	none	unrelated_or_unresolved	donor_independent	public	blocked_truth_ambiguity	strict A/B/C truth contains a one-field, ambiguous, novel, or unresolved call
NCI60	SAMN08519344	HCT-116	CO:HCT_116	rnaseq	SRR6756005	SAMN08519344	SRX3728580	SRR6756005	https://ftp.sra.ebi.ac.uk/vol1/fastq/SRR675/005/SRR6756005/SRR6756005_1.fastq.gz;https://ftp.sra.ebi.ac.uk/vol1/fastq/SRR675/005/SRR6756005/SRR6756005_2.fastq.gz	41301-D	verified	none	unrelated_or_unresolved	donor_independent	public	blocked_truth_ambiguity	strict A/B/C truth contains a one-field, ambiguous, novel, or unresolved call
NCI60	SAMN08519345	HCT-15	CO:HCT_15	rnaseq	SRR6756012	SAMN08519345	SRX3728573	SRR6756012	https://ftp.sra.ebi.ac.uk/vol1/fastq/SRR675/002/SRR6756012/SRR6756012_1.fastq.gz;https://ftp.sra.ebi.ac.uk/vol1/fastq/SRR675/002/SRR6756012/SRR6756012_2.fastq.gz	41302-D	verified	none	unrelated_or_unresolved	donor_independent	public	blocked_truth_ambiguity	strict A/B/C truth contains a one-field, ambiguous, novel, or unresolved call
NCI60	SAMN08519350	HL-60	LE:HL_60	rnaseq	SRR6756015	SAMN08519350	SRX3728570	SRR6756015	https://ftp.sra.ebi.ac.uk/vol1/fastq/SRR675/005/SRR6756015/SRR6756015_1.fastq.gz;https://ftp.sra.ebi.ac.uk/vol1/fastq/SRR675/005/SRR6756015/SRR6756015_2.fastq.gz	41284-D	verified	none	unrelated_or_unresolved	donor_independent	public	ready	
NCI60	SAMN08519367	HOP-62	LC:HOP_62	rnaseq	SRR6756004	SAMN08519367	SRX3728581	SRR6756004	https://ftp.sra.ebi.ac.uk/vol1/fastq/SRR675/004/SRR6756004/SRR6756004_1.fastq.gz;https://ftp.sra.ebi.ac.uk/vol1/fastq/SRR675/004/SRR6756004/SRR6756004_2.fastq.gz	41308-D	verified	none	unrelated_or_unresolved	donor_independent	public	blocked_truth_ambiguity	strict A/B/C truth contains a one-field, ambiguous, novel, or unresolved call
NCI60	SAMN08519368	HOP-92	LC:HOP_92	rnaseq	SRR6756003	SAMN08519368	SRX3728582	SRR6756003	https://ftp.sra.ebi.ac.uk/vol1/fastq/SRR675/003/SRR6756003/SRR6756003_1.fastq.gz;https://ftp.sra.ebi.ac.uk/vol1/fastq/SRR675/003/SRR6756003/SRR6756003_2.fastq.gz	41309-D	verified	none	unrelated_or_unresolved	donor_independent	public	blocked_truth_ambiguity	strict A/B/C truth contains a one-field, ambiguous, novel, or unresolved call
NCI60	SAMN08519333	HS 578T	BR:HS578T	rnaseq	SRR6755990	SAMN08519333	SRX3728595	SRR6755990	https://ftp.sra.ebi.ac.uk/vol1/fastq/SRR675/000/SRR6755990/SRR6755990_1.fastq.gz;https://ftp.sra.ebi.ac.uk/vol1/fastq/SRR675/000/SRR6755990/SRR6755990_2.fastq.gz	41293-D	verified	none	unrelated_or_unresolved	donor_independent	public	blocked_truth_ambiguity	strict A/B/C truth contains a one-field, ambiguous, novel, or unresolved call
NCI60	SAMN08519346	HT29	CO:HT29	rnaseq	SRR6756011	SAMN08519346	SRX3728574	SRR6756011	https://ftp.sra.ebi.ac.uk/vol1/fastq/SRR675/001/SRR6756011/SRR6756011_1.fastq.gz;https://ftp.sra.ebi.ac.uk/vol1/fastq/SRR675/001/SRR6756011/SRR6756011_2.fastq.gz	41303-D	verified	none	unrelated_or_unresolved	donor_independent	public	blocked_truth_ambiguity	strict A/B/C truth contains a one-field, ambiguous, novel, or unresolved call
NCI60	SAMN08519374	IGROV1	OV:IGROV1	rnaseq	SRR6755980	SAMN08519374	SRX3728605	SRR6755980	https://ftp.sra.ebi.ac.uk/vol1/fastq/SRR675/000/SRR6755980/SRR6755980_1.fastq.gz;https://ftp.sra.ebi.ac.uk/vol1/fastq/SRR675/000/SRR6755980/SRR6755980_2.fastq.gz	41322-D	verified	none	unrelated_or_unresolved	donor_independent	public	blocked_truth_ambiguity	strict A/B/C truth contains a one-field, ambiguous, novel, or unresolved call
NCI60	SAMN08519351	K-562	LE:K_562	rnaseq	SRR6755969	SAMN08519351	SRX3728616	SRR6755969	https://ftp.sra.ebi.ac.uk/vol1/fastq/SRR675/009/SRR6755969/SRR6755969_1.fastq.gz;https://ftp.sra.ebi.ac.uk/vol1/fastq/SRR675/009/SRR6755969/SRR6755969_2.fastq.gz	41280-D	verified	none	unrelated_or_unresolved	donor_independent	public	blocked_truth_ambiguity	strict A/B/C truth contains a one-field, ambiguous, novel, or unresolved call
NCI60	SAMN08519347	KM12	CO:KM12	rnaseq	SRR6756010	SAMN08519347	SRX3728575	SRR6756010	https://ftp.sra.ebi.ac.uk/vol1/fastq/SRR675/000/SRR6756010/SRR6756010_1.fastq.gz;https://ftp.sra.ebi.ac.uk/vol1/fastq/SRR675/000/SRR6756010/SRR6756010_2.fastq.gz	41304-D	verified	none	unrelated_or_unresolved	donor_independent	public	blocked_truth_ambiguity	strict A/B/C truth contains a one-field, ambiguous, novel, or unresolved call
NCI60	SAMN08519355	LOX-IMVI	ME:LOXIMVI	rnaseq	SRR6755973	SAMN08519355	SRX3728612	SRR6755973	https://ftp.sra.ebi.ac.uk/vol1/fastq/SRR675/003/SRR6755973/SRR6755973_1.fastq.gz;https://ftp.sra.ebi.ac.uk/vol1/fastq/SRR675/003/SRR6755973/SRR6755973_2.fastq.gz	41315-D	verified	none	unrelated_or_unresolved	donor_independent	public	ready	
NCI60	SAMN08519357	M14	ME:M14	rnaseq	SRR6755971	SAMN08519357	SRX3728614	SRR6755971	https://ftp.sra.ebi.ac.uk/vol1/fastq/SRR675/001/SRR6755971/SRR6755971_1.fastq.gz;https://ftp.sra.ebi.ac.uk/vol1/fastq/SRR675/001/SRR6755971/SRR6755971_2.fastq.gz	41316-D	verified	none	canonical	donor_independent	public	blocked_truth_ambiguity	strict A/B/C truth contains a one-field, ambiguous, novel, or unresolved call
NCI60	SAMN08519331	MCF7	BR:MCF7	rnaseq	SRR6755988	SAMN08519331	SRX3728597	SRR6755988	https://ftp.sra.ebi.ac.uk/vol1/fastq/SRR675/008/SRR6755988/SRR6755988_1.fastq.gz;https://ftp.sra.ebi.ac.uk/vol1/fastq/SRR675/008/SRR6755988/SRR6755988_2.fastq.gz	41294-D	verified	none	unrelated_or_unresolved	donor_independent	public	blocked_truth_ambiguity	strict A/B/C truth contains a one-field, ambiguous, novel, or unresolved call
NCI60	SAMN08519332	MDA-MB-231	BR:MDA_MB_231	rnaseq	SRR6755987	SAMN08519332	SRX3728598	SRR6755987	https://ftp.sra.ebi.ac.uk/vol1/fastq/SRR675/007/SRR6755987/SRR6755987_1.fastq.gz;https://ftp.sra.ebi.ac.uk/vol1/fastq/SRR675/007/SRR6755987/SRR6755987_2.fastq.gz	41296-D	verified	none	unrelated_or_unresolved	donor_independent	public	blocked_truth_ambiguity	strict A/B/C truth contains a one-field, ambiguous, novel, or unresolved call
NCI60	SAMN08519363	MDA-MB-435	ME:MDA_MB_435	rnaseq	SRR6756000	SAMN08519363	SRX3728585	SRR6756000	https://ftp.sra.ebi.ac.uk/vol1/fastq/SRR675/000/SRR6756000/SRR6756000_1.fastq.gz;https://ftp.sra.ebi.ac.uk/vol1/fastq/SRR675/000/SRR6756000/SRR6756000_2.fastq.gz	41297-D	verified	none	derivative_or_duplicate	donor_independent	public	excluded_related	related_group=M14_MDA-MB-435
NCI60	SAMN08519352	MOLT-4	LE:MOLT_4	rnaseq	SRR6755970	SAMN08519352	SRX3728615	SRR6755970	https://ftp.sra.ebi.ac.uk/vol1/fastq/SRR675/000/SRR6755970/SRR6755970_1.fastq.gz;https://ftp.sra.ebi.ac.uk/vol1/fastq/SRR675/000/SRR6755970/SRR6755970_2.fastq.gz	41281-D	verified	none	unrelated_or_unresolved	donor_independent	public	blocked_truth_ambiguity	strict A/B/C truth contains a one-field, ambiguous, novel, or unresolved call
NCI60	SAMN08519380	NCI-ADR-RES	OV:NCI_ADR_RES	rnaseq	SRR6755976	SAMN08519380	SRX3728609	SRR6755976	https://ftp.sra.ebi.ac.uk/vol1/fastq/SRR675/006/SRR6755976/SRR6755976_1.fastq.gz;https://ftp.sra.ebi.ac.uk/vol1/fastq/SRR675/006/SRR6755976/SRR6755976_2.fastq.gz	41295-D	verified	none	derivative_or_duplicate	donor_independent	public	excluded_related	related_group=OVCAR-8_NCI-ADR-RES
NCI60	SAMN08519369	NCI-H226	LC:NCI_H226	rnaseq	SRR6755996	SAMN08519369	SRX3728589	SRR6755996	https://ftp.sra.ebi.ac.uk/vol1/fastq/SRR675/006/SRR6755996/SRR6755996_1.fastq.gz;https://ftp.sra.ebi.ac.uk/vol1/fastq/SRR675/006/SRR6755996/SRR6755996_2.fastq.gz	41311-D	verified	none	unrelated_or_unresolved	donor_independent	public	blocked_truth_ambiguity	strict A/B/C truth contains a one-field, ambiguous, novel, or unresolved call
NCI60	SAMN08519370	NCI-H23	LC:NCI_H23	rnaseq	SRR6755995	SAMN08519370	SRX3728590	SRR6755995	https://ftp.sra.ebi.ac.uk/vol1/fastq/SRR675/005/SRR6755995/SRR6755995_1.fastq.gz;https://ftp.sra.ebi.ac.uk/vol1/fastq/SRR675/005/SRR6755995/SRR6755995_2.fastq.gz	41312-D	verified	none	unrelated_or_unresolved	donor_independent	public	ready	
NCI60	SAMN08519371	NCI-H322M	LC:NCI_H322M	rnaseq	SRR6755977	SAMN08519371	SRX3728608	SRR6755977	https://ftp.sra.ebi.ac.uk/vol1/fastq/SRR675/007/SRR6755977/SRR6755977_1.fastq.gz;https://ftp.sra.ebi.ac.uk/vol1/fastq/SRR675/007/SRR6755977/SRR6755977_2.fastq.gz	41310-D	verified	none	unrelated_or_unresolved	donor_independent	public	ready	
NCI60	SAMN08519372	NCI-H460	LC:NCI_H460	rnaseq	SRR6755978	SAMN08519372	SRX3728607	SRR6755978	https://ftp.sra.ebi.ac.uk/vol1/fastq/SRR675/008/SRR6755978/SRR6755978_1.fastq.gz;https://ftp.sra.ebi.ac.uk/vol1/fastq/SRR675/008/SRR6755978/SRR6755978_2.fastq.gz	41313-D	verified	none	unrelated_or_unresolved	donor_independent	public	blocked_truth_ambiguity	strict A/B/C truth contains a one-field, ambiguous, novel, or unresolved call
NCI60	SAMN08519373	NCI-H522	LC:NCI_H522	rnaseq	SRR6755979	SAMN08519373	SRX3728606	SRR6755979	https://ftp.sra.ebi.ac.uk/vol1/fastq/SRR675/009/SRR6755979/SRR6755979_1.fastq.gz;https://ftp.sra.ebi.ac.uk/vol1/fastq/SRR675/009/SRR6755979/SRR6755979_2.fastq.gz	41314-D	verified	none	unrelated_or_unresolved	donor_independent	public	blocked_truth_ambiguity	strict A/B/C truth contains a one-field, ambiguous, novel, or unresolved call
NCI60	SAMN08519375	OVCAR-3	OV:OVCAR_3	rnaseq	SRR6755981	SAMN08519375	SRX3728604	SRR6755981	https://ftp.sra.ebi.ac.uk/vol1/fastq/SRR675/001/SRR6755981/SRR6755981_1.fastq.gz;https://ftp.sra.ebi.ac.uk/vol1/fastq/SRR675/001/SRR6755981/SRR6755981_2.fastq.gz	41323-D	verified	none	unrelated_or_unresolved	donor_independent	public	blocked_truth_ambiguity	strict A/B/C truth contains a one-field, ambiguous, novel, or unresolved call
NCI60	SAMN08519376	OVCAR-4	OV:OVCAR_4	rnaseq	SRR6755982	SAMN08519376	SRX3728603	SRR6755982	https://ftp.sra.ebi.ac.uk/vol1/fastq/SRR675/002/SRR6755982/SRR6755982_1.fastq.gz;https://ftp.sra.ebi.ac.uk/vol1/fastq/SRR675/002/SRR6755982/SRR6755982_2.fastq.gz	41324-D	verified	none	unrelated_or_unresolved	donor_independent	public	blocked_truth_ambiguity	strict A/B/C truth contains a one-field, ambiguous, novel, or unresolved call
NCI60	SAMN08519377	OVCAR-5	OV:OVCAR_5	rnaseq	SRR6755983	SAMN08519377	SRX3728602	SRR6755983	https://ftp.sra.ebi.ac.uk/vol1/fastq/SRR675/003/SRR6755983/SRR6755983_1.fastq.gz;https://ftp.sra.ebi.ac.uk/vol1/fastq/SRR675/003/SRR6755983/SRR6755983_2.fastq.gz	41325-D	verified	none	unrelated_or_unresolved	donor_independent	public	blocked_truth_ambiguity	strict A/B/C truth contains a one-field, ambiguous, novel, or unresolved call
NCI60	SAMN08519378	OVCAR-8	OV:OVCAR_8	rnaseq	SRR6755984	SAMN08519378	SRX3728601	SRR6755984	https://ftp.sra.ebi.ac.uk/vol1/fastq/SRR675/004/SRR6755984/SRR6755984_1.fastq.gz;https://ftp.sra.ebi.ac.uk/vol1/fastq/SRR675/004/SRR6755984/SRR6755984_2.fastq.gz	41326-D	verified	none	canonical	donor_independent	public	ready	
NCI60	SAMN08519381	PC-3	PR:PC_3	rnaseq	SRR6756020	SAMN08519381	SRX3728565	SRR6756020	https://ftp.sra.ebi.ac.uk/vol1/fastq/SRR675/000/SRR6756020/SRR6756020_1.fastq.gz;https://ftp.sra.ebi.ac.uk/vol1/fastq/SRR675/000/SRR6756020/SRR6756020_2.fastq.gz	41329-D	verified	none	unrelated_or_unresolved	donor_independent	public	blocked_truth_ambiguity	strict A/B/C truth contains a one-field, ambiguous, novel, or unresolved call
NCI60	SAMN08519353	RPMI-8226	LE:RPMI_8226	rnaseq	SRR6755967	SAMN08519353	SRX3728618	SRR6755967	https://ftp.sra.ebi.ac.uk/vol1/fastq/SRR675/007/SRR6755967/SRR6755967_1.fastq.gz;https://ftp.sra.ebi.ac.uk/vol1/fastq/SRR675/007/SRR6755967/SRR6755967_2.fastq.gz	41283-D	verified	none	unrelated_or_unresolved	donor_independent	public	ready	
NCI60	SAMN08519387	RXF-393	RE:RXF_393	rnaseq	SRR6756014	SAMN08519387	SRX3728571	SRR6756014	https://ftp.sra.ebi.ac.uk/vol1/fastq/SRR675/004/SRR6756014/SRR6756014_1.fastq.gz;https://ftp.sra.ebi.ac.uk/vol1/fastq/SRR675/004/SRR6756014/SRR6756014_2.fastq.gz	41337-D	verified	none	unrelated_or_unresolved	donor_independent	public	blocked_truth_ambiguity	strict A/B/C truth contains a one-field, ambiguous, novel, or unresolved call
NCI60	SAMN08519336	SF-268	CNS:SF_268	rnaseq	SRR6755991	SAMN08519336	SRX3728594	SRR6755991	https://ftp.sra.ebi.ac.uk/vol1/fastq/SRR675/001/SRR6755991/SRR6755991_1.fastq.gz;https://ftp.sra.ebi.ac.uk/vol1/fastq/SRR675/001/SRR6755991/SRR6755991_2.fastq.gz	41286-D	verified	none	unrelated_or_unresolved	donor_independent	public	blocked_truth_ambiguity	strict A/B/C truth contains a one-field, ambiguous, novel, or unresolved call
NCI60	SAMN08519337	SF-295	CNS:SF_295	rnaseq	SRR6755994	SAMN08519337	SRX3728591	SRR6755994	https://ftp.sra.ebi.ac.uk/vol1/fastq/SRR675/004/SRR6755994/SRR6755994_1.fastq.gz;https://ftp.sra.ebi.ac.uk/vol1/fastq/SRR675/004/SRR6755994/SRR6755994_2.fastq.gz	41287-D	verified	none	unrelated_or_unresolved	donor_independent	public	blocked_truth_ambiguity	strict A/B/C truth contains a one-field, ambiguous, novel, or unresolved call
NCI60	SAMN08519338	SF-539	CNS:SF_539	rnaseq	SRR6755993	SAMN08519338	SRX3728592	SRR6755993	https://ftp.sra.ebi.ac.uk/vol1/fastq/SRR675/003/SRR6755993/SRR6755993_1.fastq.gz;https://ftp.sra.ebi.ac.uk/vol1/fastq/SRR675/003/SRR6755993/SRR6755993_2.fastq.gz	41288-D	verified	none	unrelated_or_unresolved	donor_independent	public	blocked_truth_ambiguity	strict A/B/C truth contains a one-field, ambiguous, novel, or unresolved call
NCI60	SAMN08519358	SK-MEL-2	ME:SK_MEL_2	rnaseq	SRR6755972	SAMN08519358	SRX3728613	SRR6755972	https://ftp.sra.ebi.ac.uk/vol1/fastq/SRR675/002/SRR6755972/SRR6755972_1.fastq.gz;https://ftp.sra.ebi.ac.uk/vol1/fastq/SRR675/002/SRR6755972/SRR6755972_2.fastq.gz	41317-D	verified	none	unrelated_or_unresolved	donor_independent	public	blocked_truth_ambiguity	strict A/B/C truth contains a one-field, ambiguous, novel, or unresolved call
NCI60	SAMN08519359	SK-MEL-28	ME:SK_MEL_28	rnaseq	SRR6755965	SAMN08519359	SRX3728620	SRR6755965	https://ftp.sra.ebi.ac.uk/vol1/fastq/SRR675/005/SRR6755965/SRR6755965_1.fastq.gz;https://ftp.sra.ebi.ac.uk/vol1/fastq/SRR675/005/SRR6755965/SRR6755965_2.fastq.gz	41318-D	verified	none	unrelated_or_unresolved	donor_independent	public	ready	
NCI60	SAMN08519360	SK-MEL-5	ME:SK_MEL_5	rnaseq	SRR6755966	SAMN08519360	SRX3728619	SRR6755966	https://ftp.sra.ebi.ac.uk/vol1/fastq/SRR675/006/SRR6755966/SRR6755966_1.fastq.gz;https://ftp.sra.ebi.ac.uk/vol1/fastq/SRR675/006/SRR6755966/SRR6755966_2.fastq.gz	41319-D	verified	none	unrelated_or_unresolved	donor_independent	public	blocked_truth_ambiguity	strict A/B/C truth contains a one-field, ambiguous, novel, or unresolved call
NCI60	SAMN08519379	SK-OV-3	OV:SK_OV_3	rnaseq	SRR6755975	SAMN08519379	SRX3728610	SRR6755975	https://ftp.sra.ebi.ac.uk/vol1/fastq/SRR675/005/SRR6755975/SRR6755975_1.fastq.gz;https://ftp.sra.ebi.ac.uk/vol1/fastq/SRR675/005/SRR6755975/SRR6755975_2.fastq.gz	41327-D	verified	none	unrelated_or_unresolved	donor_independent	public	blocked_truth_ambiguity	strict A/B/C truth contains a one-field, ambiguous, novel, or unresolved call
NCI60	SAMN08519388	SN12C	RE:SN12C	rnaseq	SRR6756013	SAMN08519388	SRX3728572	SRR6756013	https://ftp.sra.ebi.ac.uk/vol1/fastq/SRR675/003/SRR6756013/SRR6756013_1.fastq.gz;https://ftp.sra.ebi.ac.uk/vol1/fastq/SRR675/003/SRR6756013/SRR6756013_2.fastq.gz	41334-D	verified	none	unrelated_or_unresolved	donor_independent	public	blocked_truth_ambiguity	strict A/B/C truth contains a one-field, ambiguous, novel, or unresolved call
NCI60	SAMN08519339	SNB-19	CNS:SNB_19	rnaseq	SRR6755986	SAMN08519339	SRX3728599	SRR6755986	https://ftp.sra.ebi.ac.uk/vol1/fastq/SRR675/006/SRR6755986/SRR6755986_1.fastq.gz;https://ftp.sra.ebi.ac.uk/vol1/fastq/SRR675/006/SRR6755986/SRR6755986_2.fastq.gz	41289-D	verified	none	canonical	donor_independent	public	blocked_truth_ambiguity	strict A/B/C truth contains a one-field, ambiguous, novel, or unresolved call
NCI60	SAMN08519340	SNB-75	CNS:SNB_75	rnaseq	SRR6755985	SAMN08519340	SRX3728600	SRR6755985	https://ftp.sra.ebi.ac.uk/vol1/fastq/SRR675/005/SRR6755985/SRR6755985_1.fastq.gz;https://ftp.sra.ebi.ac.uk/vol1/fastq/SRR675/005/SRR6755985/SRR6755985_2.fastq.gz	41290-D	verified	none	unrelated_or_unresolved	donor_independent	public	blocked_truth_ambiguity	strict A/B/C truth contains a one-field, ambiguous, novel, or unresolved call
NCI60	SAMN08519354	SR	LE:SR	rnaseq	SRR6755968	SAMN08519354	SRX3728617	SRR6755968	https://ftp.sra.ebi.ac.uk/vol1/fastq/SRR675/008/SRR6755968/SRR6755968_1.fastq.gz;https://ftp.sra.ebi.ac.uk/vol1/fastq/SRR675/008/SRR6755968/SRR6755968_2.fastq.gz	41285-D	verified	none	unrelated_or_unresolved	donor_independent	public	blocked_truth_ambiguity	strict A/B/C truth contains a one-field, ambiguous, novel, or unresolved call
NCI60	SAMN08519348	SW-620	CO:SW_620	rnaseq	SRR6756009	SAMN08519348	SRX3728576	SRR6756009	https://ftp.sra.ebi.ac.uk/vol1/fastq/SRR675/009/SRR6756009/SRR6756009_1.fastq.gz;https://ftp.sra.ebi.ac.uk/vol1/fastq/SRR675/009/SRR6756009/SRR6756009_2.fastq.gz	41305-D	verified	none	unrelated_or_unresolved	donor_independent	public	blocked_truth_ambiguity	strict A/B/C truth contains a one-field, ambiguous, novel, or unresolved call
NCI60	SAMN08519335	T47D	BR:T47D	rnaseq	SRR6755992	SAMN08519335	SRX3728593	SRR6755992	https://ftp.sra.ebi.ac.uk/vol1/fastq/SRR675/002/SRR6755992/SRR6755992_1.fastq.gz;https://ftp.sra.ebi.ac.uk/vol1/fastq/SRR675/002/SRR6755992/SRR6755992_2.fastq.gz	41298-D	verified	none	unrelated_or_unresolved	donor_independent	public	ready	
NCI60	SAMN08519389	TK-10	RE:TK_10	rnaseq	SRR6755962	SAMN08519389	SRX3728623	SRR6755962	https://ftp.sra.ebi.ac.uk/vol1/fastq/SRR675/002/SRR6755962/SRR6755962_1.fastq.gz;https://ftp.sra.ebi.ac.uk/vol1/fastq/SRR675/002/SRR6755962/SRR6755962_2.fastq.gz	41335-D	verified	none	unrelated_or_unresolved	donor_independent	public	ready	
NCI60	SAMN08519341	U251	CNS:U251	rnaseq	SRR6756008	SAMN08519341	SRX3728577	SRR6756008	https://ftp.sra.ebi.ac.uk/vol1/fastq/SRR675/008/SRR6756008/SRR6756008_1.fastq.gz;https://ftp.sra.ebi.ac.uk/vol1/fastq/SRR675/008/SRR6756008/SRR6756008_2.fastq.gz	41291-D	verified	none	derivative_or_duplicate	donor_independent	public	excluded_related	related_group=SNB-19_U251
NCI60	SAMN08519361	UACC-257	ME:UACC_257	rnaseq	SRR6755998	SAMN08519361	SRX3728587	SRR6755998	https://ftp.sra.ebi.ac.uk/vol1/fastq/SRR675/008/SRR6755998/SRR6755998_1.fastq.gz;https://ftp.sra.ebi.ac.uk/vol1/fastq/SRR675/008/SRR6755998/SRR6755998_2.fastq.gz	41320-D	verified	none	unrelated_or_unresolved	donor_independent	public	blocked_truth_ambiguity	strict A/B/C truth contains a one-field, ambiguous, novel, or unresolved call
NCI60	SAMN08519362	UACC-62	ME:UACC_62	rnaseq	SRR6755997	SAMN08519362	SRX3728588	SRR6755997	https://ftp.sra.ebi.ac.uk/vol1/fastq/SRR675/007/SRR6755997/SRR6755997_1.fastq.gz;https://ftp.sra.ebi.ac.uk/vol1/fastq/SRR675/007/SRR6755997/SRR6755997_2.fastq.gz	41321-D	verified	none	unrelated_or_unresolved	donor_independent	public	blocked_truth_ambiguity	strict A/B/C truth contains a one-field, ambiguous, novel, or unresolved call
NCI60	SAMN08519390	UO-31	RE:UO_31	rnaseq	SRR6755964	SAMN08519390	SRX3728621	SRR6755964	https://ftp.sra.ebi.ac.uk/vol1/fastq/SRR675/004/SRR6755964/SRR6755964_1.fastq.gz;https://ftp.sra.ebi.ac.uk/vol1/fastq/SRR675/004/SRR6755964/SRR6755964_2.fastq.gz	41336-D	verified	none	unrelated_or_unresolved	donor_independent	public	blocked_truth_ambiguity	strict A/B/C truth contains a one-field, ambiguous, novel, or unresolved call
NCI60_CCLE	SAMN10987893	HS 578T	HS578T_BREAST	wes	SRR8619110	SAMN10987893	SRX5417977	SRR8619110	https://ftp.sra.ebi.ac.uk/vol1/fastq/SRR861/000/SRR8619110/SRR8619110_1.fastq.gz;https://ftp.sra.ebi.ac.uk/vol1/fastq/SRR861/000/SRR8619110/SRR8619110_2.fastq.gz	41293-D	verified	none	unrelated_or_unresolved	donor_independent	public	blocked_truth_ambiguity	strict A/B/C truth contains a one-field, ambiguous, novel, or unresolved call
NCI60_CCLE	SAMN10988357	K-562	K562_HAEMATOPOIETIC_AND_LYMPHOID_TISSUE	wes	SRR8618968	SAMN10988357	SRX5418119	SRR8618968	https://ftp.sra.ebi.ac.uk/vol1/fastq/SRR861/008/SRR8618968/SRR8618968_1.fastq.gz;https://ftp.sra.ebi.ac.uk/vol1/fastq/SRR861/008/SRR8618968/SRR8618968_2.fastq.gz	41280-D	verified	none	unrelated_or_unresolved	donor_independent	public	blocked_truth_ambiguity	strict A/B/C truth contains a one-field, ambiguous, novel, or unresolved call
NCI60_CCLE	SAMN10987772	SF-295	SF295_CENTRAL_NERVOUS_SYSTEM	wes	SRR8619087	SAMN10987772	SRX5418000	SRR8619087	https://ftp.sra.ebi.ac.uk/vol1/fastq/SRR861/007/SRR8619087/SRR8619087_1.fastq.gz;https://ftp.sra.ebi.ac.uk/vol1/fastq/SRR861/007/SRR8619087/SRR8619087_2.fastq.gz	41287-D	verified	none	unrelated_or_unresolved	donor_independent	public	blocked_truth_ambiguity	strict A/B/C truth contains a one-field, ambiguous, novel, or unresolved call
